[0.000000] (-) TimerEvent: {}
[0.000149] (nautilus_bringup) JobQueued: {'identifier': 'nautilus_bringup', 'dependencies': OrderedDict()}
[0.000202] (nautilus_sensors) JobQueued: {'identifier': 'nautilus_sensors', 'dependencies': OrderedDict([('nautilus_bringup', '/home/devs/NautilusSW/nautilus_ws/install/nautilus_bringup')])}
[0.001273] (nautilus_mission) JobQueued: {'identifier': 'nautilus_mission', 'dependencies': OrderedDict([('nautilus_bringup', '/home/devs/NautilusSW/nautilus_ws/install/nautilus_bringup'), ('nautilus_sensors', '/home/devs/NautilusSW/nautilus_ws/install/nautilus_sensors')])}
[0.001298] (nautilus_bringup) JobStarted: {'identifier': 'nautilus_bringup'}
[0.014895] (nautilus_bringup) JobProgress: {'identifier': 'nautilus_bringup', 'progress': 'cmake'}
[0.015959] (nautilus_bringup) Command: {'cmd': ['/usr/bin/cmake', '/home/devs/NautilusSW/nautilus_ws/src/nautilus_bringup', '-DCMAKE_INSTALL_PREFIX=/home/devs/NautilusSW/nautilus_ws/install/nautilus_bringup'], 'cwd': '/home/devs/NautilusSW/nautilus_ws/build/nautilus_bringup', 'env': OrderedDict([('LESSOPEN', '| /usr/bin/lesspipe %s'), ('USER', 'devs'), ('XDG_SESSION_TYPE', 'wayland'), ('SHLVL', '1'), ('LD_LIBRARY_PATH', '/opt/ros/humble/opt/rviz_ogre_vendor/lib:/opt/ros/humble/lib/x86_64-linux-gnu:/opt/ros/humble/lib'), ('HOME', '/home/devs'), ('OLDPWD', '/home/devs'), ('DESKTOP_SESSION', 'ubuntu'), ('ROS_PYTHON_VERSION', '3'), ('GNOME_SHELL_SESSION_MODE', 'ubuntu'), ('GTK_MODULES', 'gail:atk-bridge'), ('DBUS_STARTER_BUS_TYPE', 'session'), ('SYSTEMD_EXEC_PID', '2742'), ('DBUS_SESSION_BUS_ADDRESS', 'unix:path=/run/user/1000/bus,guid=5021029055ab5cb043c906ba69cffff8'), ('COLORTERM', 'truecolor'), ('IM_CONFIG_PHASE', '1'), ('WAYLAND_DISPLAY', 'wayland-0'), ('ROS_DISTRO', 'humble'), ('LOGNAME', 'devs'), ('_', '/usr/bin/colcon'), ('ROS_VERSION', '2'), ('XDG_SESSION_CLASS', 'user'), ('USERNAME', 'devs'), ('TERM', 'xterm-256color'), ('GNOME_DESKTOP_SESSION_ID', 'this-is-deprecated'), ('ROS_LOCALHOST_ONLY', '0'), ('PATH', '/opt/ros/humble/bin:/usr/lib/ccache:/home/devs/ardupilot/Tools/autotest:/opt/gcc-arm-none-eabi-10-2020-q4-major/bin:/home/devs/.local/bin:/usr/local/sbin:/usr/local/bin:/usr/sbin:/usr/bin:/sbin:/bin:/usr/games:/usr/local/games:/snap/bin:/snap/bin:/home/devs/ardu_ws/Micro-XRCE-DDS-Gen/scripts'), ('SESSION_MANAGER', 'local/NautilusOS:@/tmp/.ICE-unix/2742,unix/NautilusOS:/tmp/.ICE-unix/2742'), ('XDG_MENU_PREFIX', 'gnome-'), ('GNOME_TERMINAL_SCREEN', '/org/gnome/Terminal/screen/1f03d91d_02a8_4eb1_8db7_f991cedfb71e'), ('GNOME_SETUP_DISPLAY', ':1'), ('XDG_RUNTIME_DIR', '/run/user/1000'), ('DISPLAY', ':0'), ('LANG', 'en_US.UTF-8'), ('XDG_CURRENT_DESKTOP', 'ubuntu:GNOME'), ('XMODIFIERS', '@im=ibus'), ('XDG_SESSION_DESKTOP', 'ubuntu'), ('XAUTHORITY', '/run/user/1000/.mutter-Xwaylandauth.2FU5M3'), ('LS_COLORS', 'rs=0:di=01;34:ln=01;36:mh=00:pi=40;33:so=01;35:do=01;35:bd=40;33;01:cd=40;33;01:or=40;31;01:mi=00:su=37;41:sg=30;43:ca=30;41:tw=30;42:ow=34;42:st=37;44:ex=01;32:*.tar=01;31:*.tgz=01;31:*.arc=01;31:*.arj=01;31:*.taz=01;31:*.lha=01;31:*.lz4=01;31:*.lzh=01;31:*.lzma=01;31:*.tlz=01;31:*.txz=01;31:*.tzo=01;31:*.t7z=01;31:*.zip=01;31:*.z=01;31:*.dz=01;31:*.gz=01;31:*.lrz=01;31:*.lz=01;31:*.lzo=01;31:*.xz=01;31:*.zst=01;31:*.tzst=01;31:*.bz2=01;31:*.bz=01;31:*.tbz=01;31:*.tbz2=01;31:*.tz=01;31:*.deb=01;31:*.rpm=01;31:*.jar=01;31:*.war=01;31:*.ear=01;31:*.sar=01;31:*.rar=01;31:*.alz=01;31:*.ace=01;31:*.zoo=01;31:*.cpio=01;31:*.7z=01;31:*.rz=01;31:*.cab=01;31:*.wim=01;31:*.swm=01;31:*.dwm=01;31:*.esd=01;31:*.jpg=01;35:*.jpeg=01;35:*.mjpg=01;35:*.mjpeg=01;35:*.gif=01;35:*.bmp=01;35:*.pbm=01;35:*.pgm=01;35:*.ppm=01;35:*.tga=01;35:*.xbm=01;35:*.xpm=01;35:*.tif=01;35:*.tiff=01;35:*.png=01;35:*.svg=01;35:*.svgz=01;35:*.mng=01;35:*.pcx=01;35:*.mov=01;35:*.mpg=01;35:*.mpeg=01;35:*.m2v=01;35:*.mkv=01;35:*.webm=01;35:*.webp=01;35:*.ogm=01;35:*.mp4=01;35:*.m4v=01;35:*.mp4v=01;35:*.vob=01;35:*.qt=01;35:*.nuv=01;35:*.wmv=01;35:*.asf=01;35:*.rm=01;35:*.rmvb=01;35:*.flc=01;35:*.avi=01;35:*.fli=01;35:*.flv=01;35:*.gl=01;35:*.dl=01;35:*.xcf=01;35:*.xwd=01;35:*.yuv=01;35:*.cgm=01;35:*.emf=01;35:*.ogv=01;35:*.ogx=01;35:*.aac=00;36:*.au=00;36:*.flac=00;36:*.m4a=00;36:*.mid=00;36:*.midi=00;36:*.mka=00;36:*.mp3=00;36:*.mpc=00;36:*.ogg=00;36:*.ra=00;36:*.wav=00;36:*.oga=00;36:*.opus=00;36:*.spx=00;36:*.xspf=00;36:'), ('GNOME_TERMINAL_SERVICE', ':1.113'), ('SSH_AGENT_LAUNCHER', 'gnome-keyring'), ('SSH_AUTH_SOCK', '/run/user/1000/keyring/ssh'), ('AMENT_PREFIX_PATH', '/opt/ros/humble'), ('SHELL', '/bin/bash'), ('QT_ACCESSIBILITY', '1'), ('GDMSESSION', 'ubuntu'), ('LESSCLOSE', '/usr/bin/lesspipe %s %s'), ('GZ_VERSION', 'harmonic'), ('QT_IM_MODULE', 'ibus'), ('PWD', '/home/devs/NautilusSW/nautilus_ws/build/nautilus_bringup'), ('LC_ALL', 'en_US.UTF-8'), ('XDG_CONFIG_DIRS', '/etc/xdg/xdg-ubuntu:/etc/xdg'), ('DBUS_STARTER_ADDRESS', 'unix:path=/run/user/1000/bus,guid=5021029055ab5cb043c906ba69cffff8'), ('XDG_DATA_DIRS', '/usr/share/ubuntu:/usr/local/share/:/usr/share/:/var/lib/snapd/desktop'), ('PYTHONPATH', '/opt/ros/humble/lib/python3.10/site-packages:/opt/ros/humble/local/lib/python3.10/dist-packages'), ('COLCON', '1'), ('VTE_VERSION', '6800'), ('CMAKE_PREFIX_PATH', '/opt/ros/humble')]), 'shell': False}
[0.073325] (nautilus_bringup) StdoutLine: {'line': b'-- The C compiler identification is GNU 11.4.0\n'}
[0.103579] (-) TimerEvent: {}
[0.131659] (nautilus_bringup) StdoutLine: {'line': b'-- The CXX compiler identification is GNU 11.4.0\n'}
[0.141637] (nautilus_bringup) StdoutLine: {'line': b'-- Detecting C compiler ABI info\n'}
[0.204254] (-) TimerEvent: {}
[0.205038] (nautilus_bringup) StdoutLine: {'line': b'-- Detecting C compiler ABI info - done\n'}
[0.209828] (nautilus_bringup) StdoutLine: {'line': b'-- Check for working C compiler: /usr/lib/ccache/cc - skipped\n'}
[0.210108] (nautilus_bringup) StdoutLine: {'line': b'-- Detecting C compile features\n'}
[0.210294] (nautilus_bringup) StdoutLine: {'line': b'-- Detecting C compile features - done\n'}
[0.212540] (nautilus_bringup) StdoutLine: {'line': b'-- Detecting CXX compiler ABI info\n'}
[0.285682] (nautilus_bringup) StdoutLine: {'line': b'-- Detecting CXX compiler ABI info - done\n'}
[0.287237] (nautilus_bringup) StdoutLine: {'line': b'-- Check for working CXX compiler: /usr/lib/ccache/c++ - skipped\n'}
[0.287455] (nautilus_bringup) StdoutLine: {'line': b'-- Detecting CXX compile features\n'}
[0.287845] (nautilus_bringup) StdoutLine: {'line': b'-- Detecting CXX compile features - done\n'}
[0.289138] (nautilus_bringup) StdoutLine: {'line': b'-- Found ament_cmake: 1.3.12 (/opt/ros/humble/share/ament_cmake/cmake)\n'}
[0.305112] (-) TimerEvent: {}
[0.405913] (-) TimerEvent: {}
[0.507416] (-) TimerEvent: {}
[0.578108] (nautilus_bringup) StdoutLine: {'line': b'-- Found Python3: /usr/bin/python3 (found version "3.10.12") found components: Interpreter \n'}
[0.608066] (-) TimerEvent: {}
[0.706704] (nautilus_bringup) StdoutLine: {'line': b'-- Found ament_lint_auto: 0.12.14 (/opt/ros/humble/share/ament_lint_auto/cmake)\n'}
[0.708994] (-) TimerEvent: {}
[0.769871] (nautilus_bringup) StdoutLine: {'line': b"-- Added test 'copyright' to check source files copyright and LICENSE\n"}
[0.793999] (nautilus_bringup) StdoutLine: {'line': b"-- Added test 'flake8' to check Python code syntax and style conventions\n"}
[0.795529] (nautilus_bringup) StdoutLine: {'line': b"-- Added test 'lint_cmake' to check CMake code style\n"}
[0.796259] (nautilus_bringup) StdoutLine: {'line': b"-- Added test 'pep257' to check Python code against some of the docstring style conventions in PEP 257\n"}
[0.799831] (nautilus_bringup) StdoutLine: {'line': b"-- Added test 'xmllint' to check XML markup files\n"}
[0.800760] (nautilus_bringup) StdoutLine: {'line': b'-- Configuring done\n'}
[0.802800] (nautilus_bringup) StdoutLine: {'line': b'-- Generating done\n'}
[0.804743] (nautilus_bringup) StdoutLine: {'line': b'-- Build files have been written to: /home/devs/NautilusSW/nautilus_ws/build/nautilus_bringup\n'}
[0.810435] (nautilus_bringup) CommandEnded: {'returncode': 0}
[0.810893] (-) TimerEvent: {}
[0.811020] (nautilus_bringup) JobProgress: {'identifier': 'nautilus_bringup', 'progress': 'build'}
[0.811418] (nautilus_bringup) Command: {'cmd': ['/usr/bin/cmake', '--build', '/home/devs/NautilusSW/nautilus_ws/build/nautilus_bringup', '--', '-j4', '-l4'], 'cwd': '/home/devs/NautilusSW/nautilus_ws/build/nautilus_bringup', 'env': OrderedDict([('LESSOPEN', '| /usr/bin/lesspipe %s'), ('USER', 'devs'), ('XDG_SESSION_TYPE', 'wayland'), ('SHLVL', '1'), ('LD_LIBRARY_PATH', '/opt/ros/humble/opt/rviz_ogre_vendor/lib:/opt/ros/humble/lib/x86_64-linux-gnu:/opt/ros/humble/lib'), ('HOME', '/home/devs'), ('OLDPWD', '/home/devs'), ('DESKTOP_SESSION', 'ubuntu'), ('ROS_PYTHON_VERSION', '3'), ('GNOME_SHELL_SESSION_MODE', 'ubuntu'), ('GTK_MODULES', 'gail:atk-bridge'), ('DBUS_STARTER_BUS_TYPE', 'session'), ('SYSTEMD_EXEC_PID', '2742'), ('DBUS_SESSION_BUS_ADDRESS', 'unix:path=/run/user/1000/bus,guid=5021029055ab5cb043c906ba69cffff8'), ('COLORTERM', 'truecolor'), ('IM_CONFIG_PHASE', '1'), ('WAYLAND_DISPLAY', 'wayland-0'), ('ROS_DISTRO', 'humble'), ('LOGNAME', 'devs'), ('_', '/usr/bin/colcon'), ('ROS_VERSION', '2'), ('XDG_SESSION_CLASS', 'user'), ('USERNAME', 'devs'), ('TERM', 'xterm-256color'), ('GNOME_DESKTOP_SESSION_ID', 'this-is-deprecated'), ('ROS_LOCALHOST_ONLY', '0'), ('PATH', '/opt/ros/humble/bin:/usr/lib/ccache:/home/devs/ardupilot/Tools/autotest:/opt/gcc-arm-none-eabi-10-2020-q4-major/bin:/home/devs/.local/bin:/usr/local/sbin:/usr/local/bin:/usr/sbin:/usr/bin:/sbin:/bin:/usr/games:/usr/local/games:/snap/bin:/snap/bin:/home/devs/ardu_ws/Micro-XRCE-DDS-Gen/scripts'), ('SESSION_MANAGER', 'local/NautilusOS:@/tmp/.ICE-unix/2742,unix/NautilusOS:/tmp/.ICE-unix/2742'), ('XDG_MENU_PREFIX', 'gnome-'), ('GNOME_TERMINAL_SCREEN', '/org/gnome/Terminal/screen/1f03d91d_02a8_4eb1_8db7_f991cedfb71e'), ('GNOME_SETUP_DISPLAY', ':1'), ('XDG_RUNTIME_DIR', '/run/user/1000'), ('DISPLAY', ':0'), ('LANG', 'en_US.UTF-8'), ('XDG_CURRENT_DESKTOP', 'ubuntu:GNOME'), ('XMODIFIERS', '@im=ibus'), ('XDG_SESSION_DESKTOP', 'ubuntu'), ('XAUTHORITY', '/run/user/1000/.mutter-Xwaylandauth.2FU5M3'), ('LS_COLORS', 'rs=0:di=01;34:ln=01;36:mh=00:pi=40;33:so=01;35:do=01;35:bd=40;33;01:cd=40;33;01:or=40;31;01:mi=00:su=37;41:sg=30;43:ca=30;41:tw=30;42:ow=34;42:st=37;44:ex=01;32:*.tar=01;31:*.tgz=01;31:*.arc=01;31:*.arj=01;31:*.taz=01;31:*.lha=01;31:*.lz4=01;31:*.lzh=01;31:*.lzma=01;31:*.tlz=01;31:*.txz=01;31:*.tzo=01;31:*.t7z=01;31:*.zip=01;31:*.z=01;31:*.dz=01;31:*.gz=01;31:*.lrz=01;31:*.lz=01;31:*.lzo=01;31:*.xz=01;31:*.zst=01;31:*.tzst=01;31:*.bz2=01;31:*.bz=01;31:*.tbz=01;31:*.tbz2=01;31:*.tz=01;31:*.deb=01;31:*.rpm=01;31:*.jar=01;31:*.war=01;31:*.ear=01;31:*.sar=01;31:*.rar=01;31:*.alz=01;31:*.ace=01;31:*.zoo=01;31:*.cpio=01;31:*.7z=01;31:*.rz=01;31:*.cab=01;31:*.wim=01;31:*.swm=01;31:*.dwm=01;31:*.esd=01;31:*.jpg=01;35:*.jpeg=01;35:*.mjpg=01;35:*.mjpeg=01;35:*.gif=01;35:*.bmp=01;35:*.pbm=01;35:*.pgm=01;35:*.ppm=01;35:*.tga=01;35:*.xbm=01;35:*.xpm=01;35:*.tif=01;35:*.tiff=01;35:*.png=01;35:*.svg=01;35:*.svgz=01;35:*.mng=01;35:*.pcx=01;35:*.mov=01;35:*.mpg=01;35:*.mpeg=01;35:*.m2v=01;35:*.mkv=01;35:*.webm=01;35:*.webp=01;35:*.ogm=01;35:*.mp4=01;35:*.m4v=01;35:*.mp4v=01;35:*.vob=01;35:*.qt=01;35:*.nuv=01;35:*.wmv=01;35:*.asf=01;35:*.rm=01;35:*.rmvb=01;35:*.flc=01;35:*.avi=01;35:*.fli=01;35:*.flv=01;35:*.gl=01;35:*.dl=01;35:*.xcf=01;35:*.xwd=01;35:*.yuv=01;35:*.cgm=01;35:*.emf=01;35:*.ogv=01;35:*.ogx=01;35:*.aac=00;36:*.au=00;36:*.flac=00;36:*.m4a=00;36:*.mid=00;36:*.midi=00;36:*.mka=00;36:*.mp3=00;36:*.mpc=00;36:*.ogg=00;36:*.ra=00;36:*.wav=00;36:*.oga=00;36:*.opus=00;36:*.spx=00;36:*.xspf=00;36:'), ('GNOME_TERMINAL_SERVICE', ':1.113'), ('SSH_AGENT_LAUNCHER', 'gnome-keyring'), ('SSH_AUTH_SOCK', '/run/user/1000/keyring/ssh'), ('AMENT_PREFIX_PATH', '/opt/ros/humble'), ('SHELL', '/bin/bash'), ('QT_ACCESSIBILITY', '1'), ('GDMSESSION', 'ubuntu'), ('LESSCLOSE', '/usr/bin/lesspipe %s %s'), ('GZ_VERSION', 'harmonic'), ('QT_IM_MODULE', 'ibus'), ('PWD', '/home/devs/NautilusSW/nautilus_ws/build/nautilus_bringup'), ('LC_ALL', 'en_US.UTF-8'), ('XDG_CONFIG_DIRS', '/etc/xdg/xdg-ubuntu:/etc/xdg'), ('DBUS_STARTER_ADDRESS', 'unix:path=/run/user/1000/bus,guid=5021029055ab5cb043c906ba69cffff8'), ('XDG_DATA_DIRS', '/usr/share/ubuntu:/usr/local/share/:/usr/share/:/var/lib/snapd/desktop'), ('PYTHONPATH', '/opt/ros/humble/lib/python3.10/site-packages:/opt/ros/humble/local/lib/python3.10/dist-packages'), ('COLCON', '1'), ('VTE_VERSION', '6800'), ('CMAKE_PREFIX_PATH', '/opt/ros/humble')]), 'shell': False}
[0.867428] (nautilus_bringup) StdoutLine: {'line': b'Built target ament_cmake_python_copy_nautilus_bringup\n'}
[0.911135] (-) TimerEvent: {}
[1.027523] (-) TimerEvent: {}
[1.040728] (nautilus_bringup) StdoutLine: {'line': b'running egg_info\n'}
[1.051312] (nautilus_bringup) StdoutLine: {'line': b'creating nautilus_bringup.egg-info\n'}
[1.051837] (nautilus_bringup) StdoutLine: {'line': b'writing nautilus_bringup.egg-info/PKG-INFO\n'}
[1.051936] (nautilus_bringup) StdoutLine: {'line': b'writing dependency_links to nautilus_bringup.egg-info/dependency_links.txt\n'}
[1.052031] (nautilus_bringup) StdoutLine: {'line': b'writing top-level names to nautilus_bringup.egg-info/top_level.txt\n'}
[1.052297] (nautilus_bringup) StdoutLine: {'line': b"writing manifest file 'nautilus_bringup.egg-info/SOURCES.txt'\n"}
[1.083446] (nautilus_bringup) StdoutLine: {'line': b"reading manifest file 'nautilus_bringup.egg-info/SOURCES.txt'\n"}
[1.084951] (nautilus_bringup) StdoutLine: {'line': b"writing manifest file 'nautilus_bringup.egg-info/SOURCES.txt'\n"}
[1.107837] (nautilus_bringup) StdoutLine: {'line': b'Built target ament_cmake_python_build_nautilus_bringup_egg\n'}
[1.118676] (nautilus_bringup) CommandEnded: {'returncode': 0}
[1.119847] (nautilus_bringup) JobProgress: {'identifier': 'nautilus_bringup', 'progress': 'install'}
[1.129345] (nautilus_bringup) Command: {'cmd': ['/usr/bin/cmake', '--install', '/home/devs/NautilusSW/nautilus_ws/build/nautilus_bringup'], 'cwd': '/home/devs/NautilusSW/nautilus_ws/build/nautilus_bringup', 'env': OrderedDict([('LESSOPEN', '| /usr/bin/lesspipe %s'), ('USER', 'devs'), ('XDG_SESSION_TYPE', 'wayland'), ('SHLVL', '1'), ('LD_LIBRARY_PATH', '/opt/ros/humble/opt/rviz_ogre_vendor/lib:/opt/ros/humble/lib/x86_64-linux-gnu:/opt/ros/humble/lib'), ('HOME', '/home/devs'), ('OLDPWD', '/home/devs'), ('DESKTOP_SESSION', 'ubuntu'), ('ROS_PYTHON_VERSION', '3'), ('GNOME_SHELL_SESSION_MODE', 'ubuntu'), ('GTK_MODULES', 'gail:atk-bridge'), ('DBUS_STARTER_BUS_TYPE', 'session'), ('SYSTEMD_EXEC_PID', '2742'), ('DBUS_SESSION_BUS_ADDRESS', 'unix:path=/run/user/1000/bus,guid=5021029055ab5cb043c906ba69cffff8'), ('COLORTERM', 'truecolor'), ('IM_CONFIG_PHASE', '1'), ('WAYLAND_DISPLAY', 'wayland-0'), ('ROS_DISTRO', 'humble'), ('LOGNAME', 'devs'), ('_', '/usr/bin/colcon'), ('ROS_VERSION', '2'), ('XDG_SESSION_CLASS', 'user'), ('USERNAME', 'devs'), ('TERM', 'xterm-256color'), ('GNOME_DESKTOP_SESSION_ID', 'this-is-deprecated'), ('ROS_LOCALHOST_ONLY', '0'), ('PATH', '/opt/ros/humble/bin:/usr/lib/ccache:/home/devs/ardupilot/Tools/autotest:/opt/gcc-arm-none-eabi-10-2020-q4-major/bin:/home/devs/.local/bin:/usr/local/sbin:/usr/local/bin:/usr/sbin:/usr/bin:/sbin:/bin:/usr/games:/usr/local/games:/snap/bin:/snap/bin:/home/devs/ardu_ws/Micro-XRCE-DDS-Gen/scripts'), ('SESSION_MANAGER', 'local/NautilusOS:@/tmp/.ICE-unix/2742,unix/NautilusOS:/tmp/.ICE-unix/2742'), ('XDG_MENU_PREFIX', 'gnome-'), ('GNOME_TERMINAL_SCREEN', '/org/gnome/Terminal/screen/1f03d91d_02a8_4eb1_8db7_f991cedfb71e'), ('GNOME_SETUP_DISPLAY', ':1'), ('XDG_RUNTIME_DIR', '/run/user/1000'), ('DISPLAY', ':0'), ('LANG', 'en_US.UTF-8'), ('XDG_CURRENT_DESKTOP', 'ubuntu:GNOME'), ('XMODIFIERS', '@im=ibus'), ('XDG_SESSION_DESKTOP', 'ubuntu'), ('XAUTHORITY', '/run/user/1000/.mutter-Xwaylandauth.2FU5M3'), ('LS_COLORS', 'rs=0:di=01;34:ln=01;36:mh=00:pi=40;33:so=01;35:do=01;35:bd=40;33;01:cd=40;33;01:or=40;31;01:mi=00:su=37;41:sg=30;43:ca=30;41:tw=30;42:ow=34;42:st=37;44:ex=01;32:*.tar=01;31:*.tgz=01;31:*.arc=01;31:*.arj=01;31:*.taz=01;31:*.lha=01;31:*.lz4=01;31:*.lzh=01;31:*.lzma=01;31:*.tlz=01;31:*.txz=01;31:*.tzo=01;31:*.t7z=01;31:*.zip=01;31:*.z=01;31:*.dz=01;31:*.gz=01;31:*.lrz=01;31:*.lz=01;31:*.lzo=01;31:*.xz=01;31:*.zst=01;31:*.tzst=01;31:*.bz2=01;31:*.bz=01;31:*.tbz=01;31:*.tbz2=01;31:*.tz=01;31:*.deb=01;31:*.rpm=01;31:*.jar=01;31:*.war=01;31:*.ear=01;31:*.sar=01;31:*.rar=01;31:*.alz=01;31:*.ace=01;31:*.zoo=01;31:*.cpio=01;31:*.7z=01;31:*.rz=01;31:*.cab=01;31:*.wim=01;31:*.swm=01;31:*.dwm=01;31:*.esd=01;31:*.jpg=01;35:*.jpeg=01;35:*.mjpg=01;35:*.mjpeg=01;35:*.gif=01;35:*.bmp=01;35:*.pbm=01;35:*.pgm=01;35:*.ppm=01;35:*.tga=01;35:*.xbm=01;35:*.xpm=01;35:*.tif=01;35:*.tiff=01;35:*.png=01;35:*.svg=01;35:*.svgz=01;35:*.mng=01;35:*.pcx=01;35:*.mov=01;35:*.mpg=01;35:*.mpeg=01;35:*.m2v=01;35:*.mkv=01;35:*.webm=01;35:*.webp=01;35:*.ogm=01;35:*.mp4=01;35:*.m4v=01;35:*.mp4v=01;35:*.vob=01;35:*.qt=01;35:*.nuv=01;35:*.wmv=01;35:*.asf=01;35:*.rm=01;35:*.rmvb=01;35:*.flc=01;35:*.avi=01;35:*.fli=01;35:*.flv=01;35:*.gl=01;35:*.dl=01;35:*.xcf=01;35:*.xwd=01;35:*.yuv=01;35:*.cgm=01;35:*.emf=01;35:*.ogv=01;35:*.ogx=01;35:*.aac=00;36:*.au=00;36:*.flac=00;36:*.m4a=00;36:*.mid=00;36:*.midi=00;36:*.mka=00;36:*.mp3=00;36:*.mpc=00;36:*.ogg=00;36:*.ra=00;36:*.wav=00;36:*.oga=00;36:*.opus=00;36:*.spx=00;36:*.xspf=00;36:'), ('GNOME_TERMINAL_SERVICE', ':1.113'), ('SSH_AGENT_LAUNCHER', 'gnome-keyring'), ('SSH_AUTH_SOCK', '/run/user/1000/keyring/ssh'), ('AMENT_PREFIX_PATH', '/opt/ros/humble'), ('SHELL', '/bin/bash'), ('QT_ACCESSIBILITY', '1'), ('GDMSESSION', 'ubuntu'), ('LESSCLOSE', '/usr/bin/lesspipe %s %s'), ('GZ_VERSION', 'harmonic'), ('QT_IM_MODULE', 'ibus'), ('PWD', '/home/devs/NautilusSW/nautilus_ws/build/nautilus_bringup'), ('LC_ALL', 'en_US.UTF-8'), ('XDG_CONFIG_DIRS', '/etc/xdg/xdg-ubuntu:/etc/xdg'), ('DBUS_STARTER_ADDRESS', 'unix:path=/run/user/1000/bus,guid=5021029055ab5cb043c906ba69cffff8'), ('XDG_DATA_DIRS', '/usr/share/ubuntu:/usr/local/share/:/usr/share/:/var/lib/snapd/desktop'), ('PYTHONPATH', '/opt/ros/humble/lib/python3.10/site-packages:/opt/ros/humble/local/lib/python3.10/dist-packages'), ('COLCON', '1'), ('VTE_VERSION', '6800'), ('CMAKE_PREFIX_PATH', '/opt/ros/humble')]), 'shell': False}
[1.129695] (-) TimerEvent: {}
[1.135470] (nautilus_bringup) StdoutLine: {'line': b'-- Install configuration: ""\n'}
[1.135820] (nautilus_bringup) StdoutLine: {'line': b'-- Installing: /home/devs/NautilusSW/nautilus_ws/install/nautilus_bringup/share/nautilus_bringup/launch\n'}
[1.135894] (nautilus_bringup) StdoutLine: {'line': b'-- Installing: /home/devs/NautilusSW/nautilus_ws/install/nautilus_bringup/share/nautilus_bringup/launch/orca_comp.launch.py\n'}
[1.136420] (nautilus_bringup) StdoutLine: {'line': b'-- Installing: /home/devs/NautilusSW/nautilus_ws/install/nautilus_bringup/share/nautilus_bringup/launch/orca.launch.py\n'}
[1.136974] (nautilus_bringup) StdoutLine: {'line': b'-- Installing: /home/devs/NautilusSW/nautilus_ws/install/nautilus_bringup/share/nautilus_bringup/launch/robots\n'}
[1.137036] (nautilus_bringup) StdoutLine: {'line': b'-- Installing: /home/devs/NautilusSW/nautilus_ws/install/nautilus_bringup/share/nautilus_bringup/launch/robots/nautilus_auv.launch.py\n'}
[1.137682] (nautilus_bringup) StdoutLine: {'line': b'-- Installing: /home/devs/NautilusSW/nautilus_ws/install/nautilus_bringup/share/nautilus_bringup/launch/robots/orca_auv.launch.py\n'}
[1.138105] (nautilus_bringup) StdoutLine: {'line': b'-- Installing: /home/devs/NautilusSW/nautilus_ws/install/nautilus_bringup/share/nautilus_bringup/launch/mavproxy_router.launch.py\n'}
[1.138741] (nautilus_bringup) StdoutLine: {'line': b'-- Installing: /home/devs/NautilusSW/nautilus_ws/install/nautilus_bringup/share/nautilus_bringup/config\n'}
[1.138806] (nautilus_bringup) StdoutLine: {'line': b'-- Installing: /home/devs/NautilusSW/nautilus_ws/install/nautilus_bringup/share/nautilus_bringup/config/nautilus_auv_bridge.yaml\n'}
[1.139301] (nautilus_bringup) StdoutLine: {'line': b'-- Installing: /home/devs/NautilusSW/nautilus_ws/install/nautilus_bringup/share/nautilus_bringup/nautilus_auv\n'}
[1.139351] (nautilus_bringup) StdoutLine: {'line': b'-- Installing: /home/devs/NautilusSW/nautilus_ws/install/nautilus_bringup/share/nautilus_bringup/nautilus_auv/BlueRov2.urdf\n'}
[1.140201] (nautilus_bringup) StdoutLine: {'line': b'-- Installing: /home/devs/NautilusSW/nautilus_ws/install/nautilus_bringup/share/nautilus_bringup/nautilus_auv/Part\n'}
[1.140314] (nautilus_bringup) StdoutLine: {'line': b'-- Installing: /home/devs/NautilusSW/nautilus_ws/install/nautilus_bringup/share/nautilus_bringup/nautilus_auv/Part/DepthSensor\n'}
[1.140358] (nautilus_bringup) StdoutLine: {'line': b'-- Installing: /home/devs/NautilusSW/nautilus_ws/install/nautilus_bringup/share/nautilus_bringup/nautilus_auv/Part/DepthSensor/DepthSensor.urdf.xacro\n'}
[1.140798] (nautilus_bringup) StdoutLine: {'line': b'-- Installing: /home/devs/NautilusSW/nautilus_ws/install/nautilus_bringup/share/nautilus_bringup/nautilus_auv/Part/IMU\n'}
[1.140847] (nautilus_bringup) StdoutLine: {'line': b'-- Installing: /home/devs/NautilusSW/nautilus_ws/install/nautilus_bringup/share/nautilus_bringup/nautilus_auv/Part/IMU/IMU.urdf.xacro\n'}
[1.141180] (nautilus_bringup) StdoutLine: {'line': b'-- Installing: /home/devs/NautilusSW/nautilus_ws/install/nautilus_bringup/share/nautilus_bringup/nautilus_auv/Part/Camera\n'}
[1.141226] (nautilus_bringup) StdoutLine: {'line': b'-- Installing: /home/devs/NautilusSW/nautilus_ws/install/nautilus_bringup/share/nautilus_bringup/nautilus_auv/Part/Camera/CameraMonoDepth.urdf.xacro\n'}
[1.141745] (nautilus_bringup) StdoutLine: {'line': b'-- Installing: /home/devs/NautilusSW/nautilus_ws/install/nautilus_bringup/share/nautilus_bringup/nautilus_auv/Part/Camera/CameraStereo.urdf.xacro\n'}
[1.142142] (nautilus_bringup) StdoutLine: {'line': b'-- Installing: /home/devs/NautilusSW/nautilus_ws/install/nautilus_bringup/share/nautilus_bringup/nautilus_auv/Part/Camera/Camera.urdf.xacro\n'}
[1.142665] (nautilus_bringup) StdoutLine: {'line': b'-- Installing: /home/devs/NautilusSW/nautilus_ws/install/nautilus_bringup/share/nautilus_bringup/nautilus_auv/Part/Camera/CameraDepth.urdf.xacro\n'}
[1.143068] (nautilus_bringup) StdoutLine: {'line': b'-- Installing: /home/devs/NautilusSW/nautilus_ws/install/nautilus_bringup/share/nautilus_bringup/nautilus_auv/Part/P3D\n'}
[1.143118] (nautilus_bringup) StdoutLine: {'line': b'-- Installing: /home/devs/NautilusSW/nautilus_ws/install/nautilus_bringup/share/nautilus_bringup/nautilus_auv/Part/P3D/P3D.urdf.xacro\n'}
[1.143712] (nautilus_bringup) StdoutLine: {'line': b'-- Installing: /home/devs/NautilusSW/nautilus_ws/install/nautilus_bringup/share/nautilus_bringup/nautilus_auv/Part/Thruster\n'}
[1.143771] (nautilus_bringup) StdoutLine: {'line': b'-- Installing: /home/devs/NautilusSW/nautilus_ws/install/nautilus_bringup/share/nautilus_bringup/nautilus_auv/Part/Thruster/T200.urdf.xacro\n'}
[1.144108] (nautilus_bringup) StdoutLine: {'line': b'-- Installing: /home/devs/NautilusSW/nautilus_ws/install/nautilus_bringup/share/nautilus_bringup/nautilus_auv/Part/DVL\n'}
[1.144154] (nautilus_bringup) StdoutLine: {'line': b'-- Installing: /home/devs/NautilusSW/nautilus_ws/install/nautilus_bringup/share/nautilus_bringup/nautilus_auv/Part/DVL/DVL.urdf.xacro\n'}
[1.144672] (nautilus_bringup) StdoutLine: {'line': b'-- Installing: /home/devs/NautilusSW/nautilus_ws/install/nautilus_bringup/share/nautilus_bringup/nautilus_auv/BlueRov2.sdf\n'}
[1.145597] (nautilus_bringup) StdoutLine: {'line': b'-- Installing: /home/devs/NautilusSW/nautilus_ws/install/nautilus_bringup/share/nautilus_bringup/nautilus_auv/BlueRov2.urdf.xacro\n'}
[1.146782] (nautilus_bringup) StdoutLine: {'line': b'-- Installing: /home/devs/NautilusSW/nautilus_ws/install/nautilus_bringup/share/nautilus_bringup/worlds\n'}
[1.146870] (nautilus_bringup) StdoutLine: {'line': b'-- Installing: /home/devs/NautilusSW/nautilus_ws/install/nautilus_bringup/share/nautilus_bringup/worlds/semi_final_pool.world\n'}
[1.147195] (nautilus_bringup) StdoutLine: {'line': b'-- Installing: /home/devs/NautilusSW/nautilus_ws/install/nautilus_bringup/share/nautilus_bringup/worlds/terrain.sdf\n'}
[1.147782] (nautilus_bringup) StdoutLine: {'line': b'-- Installing: /home/devs/NautilusSW/nautilus_ws/install/nautilus_bringup/share/nautilus_bringup/worlds/wildthumper_playpen.sdf\n'}
[1.148211] (nautilus_bringup) StdoutLine: {'line': b'-- Installing: /home/devs/NautilusSW/nautilus_ws/install/nautilus_bringup/share/nautilus_bringup/worlds/artisticHouse.world\n'}
[1.149188] (nautilus_bringup) StdoutLine: {'line': b'-- Installing: /home/devs/NautilusSW/nautilus_ws/install/nautilus_bringup/share/nautilus_bringup/worlds/underwater.world\n'}
[1.149584] (nautilus_bringup) StdoutLine: {'line': b'-- Installing: /home/devs/NautilusSW/nautilus_ws/install/nautilus_bringup/share/nautilus_bringup/worlds/iris_maze.sdf\n'}
[1.150021] (nautilus_bringup) StdoutLine: {'line': b'-- Installing: /home/devs/NautilusSW/nautilus_ws/install/nautilus_bringup/share/nautilus_bringup/worlds/sand.world\n'}
[1.150638] (nautilus_bringup) StdoutLine: {'line': b'-- Installing: /home/devs/NautilusSW/nautilus_ws/install/nautilus_bringup/share/nautilus_bringup/worlds/inf_pool.world\n'}
[1.151163] (nautilus_bringup) StdoutLine: {'line': b'-- Installing: /home/devs/NautilusSW/nautilus_ws/install/nautilus_bringup/share/nautilus_bringup/worlds/terrain.dae\n'}
[1.192752] (nautilus_bringup) StdoutLine: {'line': b'-- Installing: /home/devs/NautilusSW/nautilus_ws/install/nautilus_bringup/share/nautilus_bringup/worlds/pool_corner.world\n'}
[1.193370] (nautilus_bringup) StdoutLine: {'line': b'-- Installing: /home/devs/NautilusSW/nautilus_ws/install/nautilus_bringup/share/nautilus_bringup/worlds/iris_runway.sdf\n'}
[1.193820] (nautilus_bringup) StdoutLine: {'line': b'-- Installing: /home/devs/NautilusSW/nautilus_ws/install/nautilus_bringup/share/nautilus_bringup/worlds/basic_comp_pool.world\n'}
[1.194429] (nautilus_bringup) StdoutLine: {'line': b'-- Installing: /home/devs/NautilusSW/nautilus_ws/install/nautilus_bringup/share/nautilus_bringup/models\n'}
[1.194496] (nautilus_bringup) StdoutLine: {'line': b'-- Installing: /home/devs/NautilusSW/nautilus_ws/install/nautilus_bringup/share/nautilus_bringup/models/pool\n'}
[1.194545] (nautilus_bringup) StdoutLine: {'line': b'-- Installing: /home/devs/NautilusSW/nautilus_ws/install/nautilus_bringup/share/nautilus_bringup/models/pool/meshes\n'}
[1.194575] (nautilus_bringup) StdoutLine: {'line': b'-- Installing: /home/devs/NautilusSW/nautilus_ws/install/nautilus_bringup/share/nautilus_bringup/models/pool/meshes/pool.dae\n'}
[1.197314] (nautilus_bringup) StdoutLine: {'line': b'-- Installing: /home/devs/NautilusSW/nautilus_ws/install/nautilus_bringup/share/nautilus_bringup/models/pool/materials\n'}
[1.197403] (nautilus_bringup) StdoutLine: {'line': b'-- Installing: /home/devs/NautilusSW/nautilus_ws/install/nautilus_bringup/share/nautilus_bringup/models/pool/materials/textures\n'}
[1.197434] (nautilus_bringup) StdoutLine: {'line': b'-- Installing: /home/devs/NautilusSW/nautilus_ws/install/nautilus_bringup/share/nautilus_bringup/models/pool/materials/textures/pool_material.jpg\n'}
[1.198978] (nautilus_bringup) StdoutLine: {'line': b'-- Installing: /home/devs/NautilusSW/nautilus_ws/install/nautilus_bringup/share/nautilus_bringup/models/pool/model.config\n'}
[1.199347] (nautilus_bringup) StdoutLine: {'line': b'-- Installing: /home/devs/NautilusSW/nautilus_ws/install/nautilus_bringup/share/nautilus_bringup/models/pool/model.sdf\n'}
[1.199820] (nautilus_bringup) StdoutLine: {'line': b'-- Installing: /home/devs/NautilusSW/nautilus_ws/install/nautilus_bringup/share/nautilus_bringup/models/robosub_octagon_animals\n'}
[1.199934] (nautilus_bringup) StdoutLine: {'line': b'-- Installing: /home/devs/NautilusSW/nautilus_ws/install/nautilus_bringup/share/nautilus_bringup/models/robosub_octagon_animals/materials\n'}
[1.199963] (nautilus_bringup) StdoutLine: {'line': b'-- Installing: /home/devs/NautilusSW/nautilus_ws/install/nautilus_bringup/share/nautilus_bringup/models/robosub_octagon_animals/materials/scripts\n'}
[1.200005] (nautilus_bringup) StdoutLine: {'line': b'-- Installing: /home/devs/NautilusSW/nautilus_ws/install/nautilus_bringup/share/nautilus_bringup/models/robosub_octagon_animals/materials/scripts/billboard.material\n'}
[1.200315] (nautilus_bringup) StdoutLine: {'line': b'-- Installing: /home/devs/NautilusSW/nautilus_ws/install/nautilus_bringup/share/nautilus_bringup/models/robosub_octagon_animals/materials/textures\n'}
[1.200383] (nautilus_bringup) StdoutLine: {'line': b'-- Installing: /home/devs/NautilusSW/nautilus_ws/install/nautilus_bringup/share/nautilus_bringup/models/robosub_octagon_animals/materials/textures/sawfish.png\n'}
[1.205880] (nautilus_bringup) StdoutLine: {'line': b'-- Installing: /home/devs/NautilusSW/nautilus_ws/install/nautilus_bringup/share/nautilus_bringup/models/robosub_octagon_animals/materials/textures/reefshark.png\n'}
[1.212113] (nautilus_bringup) StdoutLine: {'line': b'-- Installing: /home/devs/NautilusSW/nautilus_ws/install/nautilus_bringup/share/nautilus_bringup/models/robosub_octagon_animals/model.config\n'}
[1.212604] (nautilus_bringup) StdoutLine: {'line': b'-- Installing: /home/devs/NautilusSW/nautilus_ws/install/nautilus_bringup/share/nautilus_bringup/models/robosub_octagon_animals/model.sdf\n'}
[1.213110] (nautilus_bringup) StdoutLine: {'line': b'-- Installing: /home/devs/NautilusSW/nautilus_ws/install/nautilus_bringup/share/nautilus_bringup/models/axes\n'}
[1.213176] (nautilus_bringup) StdoutLine: {'line': b'-- Installing: /home/devs/NautilusSW/nautilus_ws/install/nautilus_bringup/share/nautilus_bringup/models/axes/model.config\n'}
[1.213624] (nautilus_bringup) StdoutLine: {'line': b'-- Installing: /home/devs/NautilusSW/nautilus_ws/install/nautilus_bringup/share/nautilus_bringup/models/axes/model.sdf\n'}
[1.214203] (nautilus_bringup) StdoutLine: {'line': b'-- Installing: /home/devs/NautilusSW/nautilus_ws/install/nautilus_bringup/share/nautilus_bringup/models/robosub_octagon\n'}
[1.214349] (nautilus_bringup) StdoutLine: {'line': b'-- Installing: /home/devs/NautilusSW/nautilus_ws/install/nautilus_bringup/share/nautilus_bringup/models/robosub_octagon/meshes\n'}
[1.214383] (nautilus_bringup) StdoutLine: {'line': b'-- Installing: /home/devs/NautilusSW/nautilus_ws/install/nautilus_bringup/share/nautilus_bringup/models/robosub_octagon/meshes/octagon.dae\n'}
[1.220578] (nautilus_bringup) StdoutLine: {'line': b'-- Installing: /home/devs/NautilusSW/nautilus_ws/install/nautilus_bringup/share/nautilus_bringup/models/robosub_octagon/model.config\n'}
[1.221133] (nautilus_bringup) StdoutLine: {'line': b'-- Installing: /home/devs/NautilusSW/nautilus_ws/install/nautilus_bringup/share/nautilus_bringup/models/robosub_octagon/model.sdf\n'}
[1.221452] (nautilus_bringup) StdoutLine: {'line': b'-- Installing: /home/devs/NautilusSW/nautilus_ws/install/nautilus_bringup/share/nautilus_bringup/models/robosub_buoy\n'}
[1.221520] (nautilus_bringup) StdoutLine: {'line': b'-- Installing: /home/devs/NautilusSW/nautilus_ws/install/nautilus_bringup/share/nautilus_bringup/models/robosub_buoy/meshes\n'}
[1.221547] (nautilus_bringup) StdoutLine: {'line': b'-- Installing: /home/devs/NautilusSW/nautilus_ws/install/nautilus_bringup/share/nautilus_bringup/models/robosub_buoy/meshes/buoy.dae\n'}
[1.227614] (nautilus_bringup) StdoutLine: {'line': b'-- Installing: /home/devs/NautilusSW/nautilus_ws/install/nautilus_bringup/share/nautilus_bringup/models/robosub_buoy/model.config\n'}
[1.228259] (nautilus_bringup) StdoutLine: {'line': b'-- Installing: /home/devs/NautilusSW/nautilus_ws/install/nautilus_bringup/share/nautilus_bringup/models/robosub_buoy/model.sdf\n'}
[1.228722] (nautilus_bringup) StdoutLine: {'line': b'-- Installing: /home/devs/NautilusSW/nautilus_ws/install/nautilus_bringup/share/nautilus_bringup/models/bluerov2_heavy\n'}
[1.228803] (nautilus_bringup) StdoutLine: {'line': b'-- Installing: /home/devs/NautilusSW/nautilus_ws/install/nautilus_bringup/share/nautilus_bringup/models/bluerov2_heavy/BlueROV2Heavy.md\n'}
[1.229092] (nautilus_bringup) StdoutLine: {'line': b'-- Installing: /home/devs/NautilusSW/nautilus_ws/install/nautilus_bringup/share/nautilus_bringup/models/bluerov2_heavy/configs.yaml\n'}
[1.229438] (nautilus_bringup) StdoutLine: {'line': b'-- Installing: /home/devs/NautilusSW/nautilus_ws/install/nautilus_bringup/share/nautilus_bringup/models/bluerov2_heavy/model.sdf.in\n'}
[1.229834] (-) TimerEvent: {}
[1.230021] (nautilus_bringup) StdoutLine: {'line': b'-- Installing: /home/devs/NautilusSW/nautilus_ws/install/nautilus_bringup/share/nautilus_bringup/models/bluerov2_heavy/meshes\n'}
[1.230328] (nautilus_bringup) StdoutLine: {'line': b'-- Installing: /home/devs/NautilusSW/nautilus_ws/install/nautilus_bringup/share/nautilus_bringup/models/bluerov2_heavy/meshes/bluerov2_heavy.dae\n'}
[1.294047] (nautilus_bringup) StdoutLine: {'line': b'-- Installing: /home/devs/NautilusSW/nautilus_ws/install/nautilus_bringup/share/nautilus_bringup/models/bluerov2_heavy/meshes/t200_cw_prop.dae\n'}
[1.296719] (nautilus_bringup) StdoutLine: {'line': b'-- Installing: /home/devs/NautilusSW/nautilus_ws/install/nautilus_bringup/share/nautilus_bringup/models/bluerov2_heavy/meshes/t200_ccw_prop.dae\n'}
[1.299036] (nautilus_bringup) StdoutLine: {'line': b'-- Installing: /home/devs/NautilusSW/nautilus_ws/install/nautilus_bringup/share/nautilus_bringup/models/bluerov2_heavy/model.config\n'}
[1.299847] (nautilus_bringup) StdoutLine: {'line': b'-- Installing: /home/devs/NautilusSW/nautilus_ws/install/nautilus_bringup/share/nautilus_bringup/models/bluerov2_heavy/model.sdf\n'}
[1.300823] (nautilus_bringup) StdoutLine: {'line': b'-- Installing: /home/devs/NautilusSW/nautilus_ws/install/nautilus_bringup/share/nautilus_bringup/models/bluerov2\n'}
[1.300992] (nautilus_bringup) StdoutLine: {'line': b'-- Installing: /home/devs/NautilusSW/nautilus_ws/install/nautilus_bringup/share/nautilus_bringup/models/bluerov2/configs.yaml\n'}
[1.301099] (nautilus_bringup) StdoutLine: {'line': b'-- Installing: /home/devs/NautilusSW/nautilus_ws/install/nautilus_bringup/share/nautilus_bringup/models/bluerov2/model.sdf.in\n'}
[1.301908] (nautilus_bringup) StdoutLine: {'line': b'-- Installing: /home/devs/NautilusSW/nautilus_ws/install/nautilus_bringup/share/nautilus_bringup/models/bluerov2/meshes\n'}
[1.301999] (nautilus_bringup) StdoutLine: {'line': b'-- Installing: /home/devs/NautilusSW/nautilus_ws/install/nautilus_bringup/share/nautilus_bringup/models/bluerov2/meshes/bluerov2.dae\n'}
[1.330934] (-) TimerEvent: {}
[1.341621] (nautilus_bringup) StdoutLine: {'line': b'-- Installing: /home/devs/NautilusSW/nautilus_ws/install/nautilus_bringup/share/nautilus_bringup/models/bluerov2/meshes/t200_cw_prop.dae\n'}
[1.344817] (nautilus_bringup) StdoutLine: {'line': b'-- Installing: /home/devs/NautilusSW/nautilus_ws/install/nautilus_bringup/share/nautilus_bringup/models/bluerov2/meshes/t200_ccw_prop.dae\n'}
[1.346752] (nautilus_bringup) StdoutLine: {'line': b'-- Installing: /home/devs/NautilusSW/nautilus_ws/install/nautilus_bringup/share/nautilus_bringup/models/bluerov2/BlueROV2.md\n'}
[1.347271] (nautilus_bringup) StdoutLine: {'line': b'-- Installing: /home/devs/NautilusSW/nautilus_ws/install/nautilus_bringup/share/nautilus_bringup/models/bluerov2/model.config\n'}
[1.348166] (nautilus_bringup) StdoutLine: {'line': b'-- Installing: /home/devs/NautilusSW/nautilus_ws/install/nautilus_bringup/share/nautilus_bringup/models/bluerov2/model.sdf\n'}
[1.349770] (nautilus_bringup) StdoutLine: {'line': b'-- Installing: /home/devs/NautilusSW/nautilus_ws/install/nautilus_bringup/share/nautilus_bringup/models/robosub_gate\n'}
[1.350158] (nautilus_bringup) StdoutLine: {'line': b'-- Installing: /home/devs/NautilusSW/nautilus_ws/install/nautilus_bringup/share/nautilus_bringup/models/robosub_gate/meshes\n'}
[1.350200] (nautilus_bringup) StdoutLine: {'line': b'-- Installing: /home/devs/NautilusSW/nautilus_ws/install/nautilus_bringup/share/nautilus_bringup/models/robosub_gate/meshes/gate.dae\n'}
[1.350654] (nautilus_bringup) StdoutLine: {'line': b'-- Installing: /home/devs/NautilusSW/nautilus_ws/install/nautilus_bringup/share/nautilus_bringup/models/robosub_gate/materials\n'}
[1.351069] (nautilus_bringup) StdoutLine: {'line': b'-- Installing: /home/devs/NautilusSW/nautilus_ws/install/nautilus_bringup/share/nautilus_bringup/models/robosub_gate/materials/textures\n'}
[1.351128] (nautilus_bringup) StdoutLine: {'line': b'-- Installing: /home/devs/NautilusSW/nautilus_ws/install/nautilus_bringup/share/nautilus_bringup/models/robosub_gate/materials/textures/sawfish.png\n'}
[1.356410] (nautilus_bringup) StdoutLine: {'line': b'-- Installing: /home/devs/NautilusSW/nautilus_ws/install/nautilus_bringup/share/nautilus_bringup/models/robosub_gate/materials/textures/reefshark.png\n'}
[1.361785] (nautilus_bringup) StdoutLine: {'line': b'-- Installing: /home/devs/NautilusSW/nautilus_ws/install/nautilus_bringup/share/nautilus_bringup/models/robosub_gate/model.config\n'}
[1.362247] (nautilus_bringup) StdoutLine: {'line': b'-- Installing: /home/devs/NautilusSW/nautilus_ws/install/nautilus_bringup/share/nautilus_bringup/models/robosub_gate/model.sdf\n'}
[1.362423] (nautilus_bringup) StdoutLine: {'line': b'-- Installing: /home/devs/NautilusSW/nautilus_ws/install/nautilus_bringup/share/nautilus_bringup/models/bluerov2_ping\n'}
[1.362869] (nautilus_bringup) StdoutLine: {'line': b'-- Installing: /home/devs/NautilusSW/nautilus_ws/install/nautilus_bringup/share/nautilus_bringup/models/bluerov2_ping/configs.yaml\n'}
[1.363308] (nautilus_bringup) StdoutLine: {'line': b'-- Installing: /home/devs/NautilusSW/nautilus_ws/install/nautilus_bringup/share/nautilus_bringup/models/bluerov2_ping/model.sdf.in\n'}
[1.363835] (nautilus_bringup) StdoutLine: {'line': b'-- Installing: /home/devs/NautilusSW/nautilus_ws/install/nautilus_bringup/share/nautilus_bringup/models/bluerov2_ping/model.config\n'}
[1.364712] (nautilus_bringup) StdoutLine: {'line': b'-- Installing: /home/devs/NautilusSW/nautilus_ws/install/nautilus_bringup/share/nautilus_bringup/models/bluerov2_ping/BlueROV2Ping.md\n'}
[1.365614] (nautilus_bringup) StdoutLine: {'line': b'-- Installing: /home/devs/NautilusSW/nautilus_ws/install/nautilus_bringup/share/nautilus_bringup/models/bluerov2_ping/model.sdf\n'}
[1.365677] (nautilus_bringup) StdoutLine: {'line': b'-- Installing: /home/devs/NautilusSW/nautilus_ws/install/nautilus_bringup/share/nautilus_bringup/models/robosub_slalom\n'}
[1.365706] (nautilus_bringup) StdoutLine: {'line': b'-- Installing: /home/devs/NautilusSW/nautilus_ws/install/nautilus_bringup/share/nautilus_bringup/models/robosub_slalom/model.config\n'}
[1.366670] (nautilus_bringup) StdoutLine: {'line': b'-- Installing: /home/devs/NautilusSW/nautilus_ws/install/nautilus_bringup/share/nautilus_bringup/models/robosub_slalom/model.sdf\n'}
[1.367045] (nautilus_bringup) StdoutLine: {'line': b'-- Installing: /home/devs/NautilusSW/nautilus_ws/install/nautilus_bringup/share/nautilus_bringup/models/robosub_torpedo\n'}
[1.367229] (nautilus_bringup) StdoutLine: {'line': b'-- Installing: /home/devs/NautilusSW/nautilus_ws/install/nautilus_bringup/share/nautilus_bringup/models/robosub_torpedo/torpedo.sdf\n'}
[1.367259] (nautilus_bringup) StdoutLine: {'line': b'-- Installing: /home/devs/NautilusSW/nautilus_ws/install/nautilus_bringup/share/nautilus_bringup/models/robosub_torpedo/meshes\n'}
[1.370604] (nautilus_bringup) StdoutLine: {'line': b'-- Installing: /home/devs/NautilusSW/nautilus_ws/install/nautilus_bringup/share/nautilus_bringup/models/robosub_torpedo/meshes/torpedo.dae\n'}
[1.371656] (nautilus_bringup) StdoutLine: {'line': b'-- Installing: /home/devs/NautilusSW/nautilus_ws/install/nautilus_bringup/share/nautilus_bringup/models/robosub_torpedo/materials\n'}
[1.371754] (nautilus_bringup) StdoutLine: {'line': b'-- Installing: /home/devs/NautilusSW/nautilus_ws/install/nautilus_bringup/share/nautilus_bringup/models/robosub_torpedo/materials/textures\n'}
[1.371785] (nautilus_bringup) StdoutLine: {'line': b'-- Installing: /home/devs/NautilusSW/nautilus_ws/install/nautilus_bringup/share/nautilus_bringup/models/robosub_torpedo/materials/textures/torpedo_map.png\n'}
[1.385756] (nautilus_bringup) StdoutLine: {'line': b'-- Installing: /home/devs/NautilusSW/nautilus_ws/install/nautilus_bringup/share/nautilus_bringup/models/robosub_torpedo/model.config\n'}
[1.386197] (nautilus_bringup) StdoutLine: {'line': b'-- Installing: /home/devs/NautilusSW/nautilus_ws/install/nautilus_bringup/share/nautilus_bringup/models/robosub_torpedo/model.sdf\n'}
[1.386788] (nautilus_bringup) StdoutLine: {'line': b'-- Installing: /home/devs/NautilusSW/nautilus_ws/install/nautilus_bringup/share/nautilus_bringup/models/robosub_bin\n'}
[1.386861] (nautilus_bringup) StdoutLine: {'line': b'-- Installing: /home/devs/NautilusSW/nautilus_ws/install/nautilus_bringup/share/nautilus_bringup/models/robosub_bin/meshes\n'}
[1.387052] (nautilus_bringup) StdoutLine: {'line': b'-- Installing: /home/devs/NautilusSW/nautilus_ws/install/nautilus_bringup/share/nautilus_bringup/models/robosub_bin/meshes/bin.dae\n'}
[1.390369] (nautilus_bringup) StdoutLine: {'line': b'-- Installing: /home/devs/NautilusSW/nautilus_ws/install/nautilus_bringup/share/nautilus_bringup/models/robosub_bin/ball.sdf\n'}
[1.391213] (nautilus_bringup) StdoutLine: {'line': b'-- Installing: /home/devs/NautilusSW/nautilus_ws/install/nautilus_bringup/share/nautilus_bringup/models/robosub_bin/materials\n'}
[1.391314] (nautilus_bringup) StdoutLine: {'line': b'-- Installing: /home/devs/NautilusSW/nautilus_ws/install/nautilus_bringup/share/nautilus_bringup/models/robosub_bin/materials/textures\n'}
[1.391344] (nautilus_bringup) StdoutLine: {'line': b'-- Installing: /home/devs/NautilusSW/nautilus_ws/install/nautilus_bringup/share/nautilus_bringup/models/robosub_bin/materials/textures/DropBRUVS.png\n'}
[1.393803] (nautilus_bringup) StdoutLine: {'line': b'-- Installing: /home/devs/NautilusSW/nautilus_ws/install/nautilus_bringup/share/nautilus_bringup/models/robosub_bin/model.config\n'}
[1.394605] (nautilus_bringup) StdoutLine: {'line': b'-- Installing: /home/devs/NautilusSW/nautilus_ws/install/nautilus_bringup/share/nautilus_bringup/models/robosub_bin/model.sdf\n'}
[1.394925] (nautilus_bringup) StdoutLine: {'line': b'-- Installing: /home/devs/NautilusSW/nautilus_ws/install/nautilus_bringup/share/nautilus_bringup/models/sand_heightmap\n'}
[1.395118] (nautilus_bringup) StdoutLine: {'line': b'-- Installing: /home/devs/NautilusSW/nautilus_ws/install/nautilus_bringup/share/nautilus_bringup/models/sand_heightmap/meshes\n'}
[1.395325] (nautilus_bringup) StdoutLine: {'line': b'-- Installing: /home/devs/NautilusSW/nautilus_ws/install/nautilus_bringup/share/nautilus_bringup/models/sand_heightmap/meshes/heightmap.dae\n'}
[1.407275] (nautilus_bringup) StdoutLine: {'line': b'-- Installing: /home/devs/NautilusSW/nautilus_ws/install/nautilus_bringup/share/nautilus_bringup/models/sand_heightmap/meshes/sandseabed.dae\n'}
[1.418152] (nautilus_bringup) StdoutLine: {'line': b'-- Installing: /home/devs/NautilusSW/nautilus_ws/install/nautilus_bringup/share/nautilus_bringup/models/sand_heightmap/meshes/License and source for textures.txt\n'}
[1.418908] (nautilus_bringup) StdoutLine: {'line': b'-- Installing: /home/devs/NautilusSW/nautilus_ws/install/nautilus_bringup/share/nautilus_bringup/models/sand_heightmap/meshes/soil_sand_0045_01.jpg\n'}
[1.427620] (nautilus_bringup) StdoutLine: {'line': b'-- Installing: /home/devs/NautilusSW/nautilus_ws/install/nautilus_bringup/share/nautilus_bringup/models/sand_heightmap/materials\n'}
[1.427888] (nautilus_bringup) StdoutLine: {'line': b'-- Installing: /home/devs/NautilusSW/nautilus_ws/install/nautilus_bringup/share/nautilus_bringup/models/sand_heightmap/materials/flat_normal.png\n'}
[1.428515] (nautilus_bringup) StdoutLine: {'line': b'-- Installing: /home/devs/NautilusSW/nautilus_ws/install/nautilus_bringup/share/nautilus_bringup/models/sand_heightmap/materials/soil_sand_0045_01.jpg\n'}
[1.430615] (-) TimerEvent: {}
[1.439999] (nautilus_bringup) StdoutLine: {'line': b'-- Installing: /home/devs/NautilusSW/nautilus_ws/install/nautilus_bringup/share/nautilus_bringup/models/sand_heightmap/model.config\n'}
[1.440839] (nautilus_bringup) StdoutLine: {'line': b'-- Installing: /home/devs/NautilusSW/nautilus_ws/install/nautilus_bringup/share/nautilus_bringup/models/sand_heightmap/model.sdf\n'}
[1.441230] (nautilus_bringup) StdoutLine: {'line': b'-- Installing: /home/devs/NautilusSW/nautilus_ws/install/nautilus_bringup/share/nautilus_bringup/models/teknofest\n'}
[1.441680] (nautilus_bringup) StdoutLine: {'line': b'-- Installing: /home/devs/NautilusSW/nautilus_ws/install/nautilus_bringup/share/nautilus_bringup/models/teknofest/pipeline.sdf\n'}
[1.442018] (nautilus_bringup) StdoutLine: {'line': b'-- Installing: /home/devs/NautilusSW/nautilus_ws/install/nautilus_bringup/share/nautilus_bringup/models/teknofest/model.config\n'}
[1.442611] (nautilus_bringup) StdoutLine: {'line': b'-- Installing: /home/devs/NautilusSW/nautilus_ws/install/nautilus_bringup/share/nautilus_bringup/models/robosub_path\n'}
[1.442756] (nautilus_bringup) StdoutLine: {'line': b'-- Installing: /home/devs/NautilusSW/nautilus_ws/install/nautilus_bringup/share/nautilus_bringup/models/robosub_path/meshes\n'}
[1.442862] (nautilus_bringup) StdoutLine: {'line': b'-- Installing: /home/devs/NautilusSW/nautilus_ws/install/nautilus_bringup/share/nautilus_bringup/models/robosub_path/meshes/path.dae\n'}
[1.447647] (nautilus_bringup) StdoutLine: {'line': b'-- Installing: /home/devs/NautilusSW/nautilus_ws/install/nautilus_bringup/share/nautilus_bringup/models/robosub_path/model.config\n'}
[1.447991] (nautilus_bringup) StdoutLine: {'line': b'-- Installing: /home/devs/NautilusSW/nautilus_ws/install/nautilus_bringup/share/nautilus_bringup/models/robosub_path/model.sdf\n'}
[1.448867] (nautilus_bringup) StdoutLine: {'line': b'-- Installing: /home/devs/NautilusSW/nautilus_ws/install/nautilus_bringup/share/nautilus_bringup/environment/pythonpath.sh\n'}
[1.448939] (nautilus_bringup) StdoutLine: {'line': b'-- Installing: /home/devs/NautilusSW/nautilus_ws/install/nautilus_bringup/share/nautilus_bringup/environment/pythonpath.dsv\n'}
[1.449084] (nautilus_bringup) StdoutLine: {'line': b'-- Installing: /home/devs/NautilusSW/nautilus_ws/install/nautilus_bringup/local/lib/python3.10/dist-packages/nautilus_bringup-0.0.0-py3.10.egg-info\n'}
[1.449144] (nautilus_bringup) StdoutLine: {'line': b'-- Installing: /home/devs/NautilusSW/nautilus_ws/install/nautilus_bringup/local/lib/python3.10/dist-packages/nautilus_bringup-0.0.0-py3.10.egg-info/top_level.txt\n'}
[1.449258] (nautilus_bringup) StdoutLine: {'line': b'-- Installing: /home/devs/NautilusSW/nautilus_ws/install/nautilus_bringup/local/lib/python3.10/dist-packages/nautilus_bringup-0.0.0-py3.10.egg-info/dependency_links.txt\n'}
[1.450130] (nautilus_bringup) StdoutLine: {'line': b'-- Installing: /home/devs/NautilusSW/nautilus_ws/install/nautilus_bringup/local/lib/python3.10/dist-packages/nautilus_bringup-0.0.0-py3.10.egg-info/PKG-INFO\n'}
[1.450201] (nautilus_bringup) StdoutLine: {'line': b'-- Installing: /home/devs/NautilusSW/nautilus_ws/install/nautilus_bringup/local/lib/python3.10/dist-packages/nautilus_bringup-0.0.0-py3.10.egg-info/SOURCES.txt\n'}
[1.450228] (nautilus_bringup) StdoutLine: {'line': b'-- Installing: /home/devs/NautilusSW/nautilus_ws/install/nautilus_bringup/local/lib/python3.10/dist-packages/nautilus_bringup\n'}
[1.450252] (nautilus_bringup) StdoutLine: {'line': b'-- Installing: /home/devs/NautilusSW/nautilus_ws/install/nautilus_bringup/local/lib/python3.10/dist-packages/nautilus_bringup/__init__.py\n'}
[1.477518] (nautilus_bringup) StdoutLine: {'line': b"Listing '/home/devs/NautilusSW/nautilus_ws/install/nautilus_bringup/local/lib/python3.10/dist-packages/nautilus_bringup'...\n"}
[1.477692] (nautilus_bringup) StdoutLine: {'line': b"Compiling '/home/devs/NautilusSW/nautilus_ws/install/nautilus_bringup/local/lib/python3.10/dist-packages/nautilus_bringup/__init__.py'...\n"}
[1.481254] (nautilus_bringup) StdoutLine: {'line': b'-- Installing: /home/devs/NautilusSW/nautilus_ws/install/nautilus_bringup/share/ament_index/resource_index/package_run_dependencies/nautilus_bringup\n'}
[1.481824] (nautilus_bringup) StdoutLine: {'line': b'-- Installing: /home/devs/NautilusSW/nautilus_ws/install/nautilus_bringup/share/ament_index/resource_index/parent_prefix_path/nautilus_bringup\n'}
[1.481908] (nautilus_bringup) StdoutLine: {'line': b'-- Installing: /home/devs/NautilusSW/nautilus_ws/install/nautilus_bringup/share/nautilus_bringup/environment/ament_prefix_path.sh\n'}
[1.481939] (nautilus_bringup) StdoutLine: {'line': b'-- Installing: /home/devs/NautilusSW/nautilus_ws/install/nautilus_bringup/share/nautilus_bringup/environment/ament_prefix_path.dsv\n'}
[1.482106] (nautilus_bringup) StdoutLine: {'line': b'-- Installing: /home/devs/NautilusSW/nautilus_ws/install/nautilus_bringup/share/nautilus_bringup/environment/path.sh\n'}
[1.482180] (nautilus_bringup) StdoutLine: {'line': b'-- Installing: /home/devs/NautilusSW/nautilus_ws/install/nautilus_bringup/share/nautilus_bringup/environment/path.dsv\n'}
[1.482316] (nautilus_bringup) StdoutLine: {'line': b'-- Installing: /home/devs/NautilusSW/nautilus_ws/install/nautilus_bringup/share/nautilus_bringup/local_setup.bash\n'}
[1.482451] (nautilus_bringup) StdoutLine: {'line': b'-- Installing: /home/devs/NautilusSW/nautilus_ws/install/nautilus_bringup/share/nautilus_bringup/local_setup.sh\n'}
[1.482830] (nautilus_bringup) StdoutLine: {'line': b'-- Installing: /home/devs/NautilusSW/nautilus_ws/install/nautilus_bringup/share/nautilus_bringup/local_setup.zsh\n'}
[1.483093] (nautilus_bringup) StdoutLine: {'line': b'-- Installing: /home/devs/NautilusSW/nautilus_ws/install/nautilus_bringup/share/nautilus_bringup/local_setup.dsv\n'}
[1.483274] (nautilus_bringup) StdoutLine: {'line': b'-- Installing: /home/devs/NautilusSW/nautilus_ws/install/nautilus_bringup/share/nautilus_bringup/package.dsv\n'}
[1.483339] (nautilus_bringup) StdoutLine: {'line': b'-- Installing: /home/devs/NautilusSW/nautilus_ws/install/nautilus_bringup/share/ament_index/resource_index/packages/nautilus_bringup\n'}
[1.483604] (nautilus_bringup) StdoutLine: {'line': b'-- Installing: /home/devs/NautilusSW/nautilus_ws/install/nautilus_bringup/share/nautilus_bringup/cmake/nautilus_bringupConfig.cmake\n'}
[1.485257] (nautilus_bringup) StdoutLine: {'line': b'-- Installing: /home/devs/NautilusSW/nautilus_ws/install/nautilus_bringup/share/nautilus_bringup/cmake/nautilus_bringupConfig-version.cmake\n'}
[1.485349] (nautilus_bringup) StdoutLine: {'line': b'-- Installing: /home/devs/NautilusSW/nautilus_ws/install/nautilus_bringup/share/nautilus_bringup/package.xml\n'}
[1.488545] (nautilus_bringup) CommandEnded: {'returncode': 0}
[1.513324] (nautilus_bringup) JobEnded: {'identifier': 'nautilus_bringup', 'rc': 0}
[1.514198] (nautilus_sensors) JobStarted: {'identifier': 'nautilus_sensors'}
[1.520129] (nautilus_sensors) JobProgress: {'identifier': 'nautilus_sensors', 'progress': 'cmake'}
[1.521453] (nautilus_sensors) Command: {'cmd': ['/usr/bin/cmake', '/home/devs/NautilusSW/nautilus_ws/src/nautilus_sensors', '-DCMAKE_INSTALL_PREFIX=/home/devs/NautilusSW/nautilus_ws/install/nautilus_sensors'], 'cwd': '/home/devs/NautilusSW/nautilus_ws/build/nautilus_sensors', 'env': OrderedDict([('LESSOPEN', '| /usr/bin/lesspipe %s'), ('USER', 'devs'), ('XDG_SESSION_TYPE', 'wayland'), ('SHLVL', '1'), ('LD_LIBRARY_PATH', '/opt/ros/humble/opt/rviz_ogre_vendor/lib:/opt/ros/humble/lib/x86_64-linux-gnu:/opt/ros/humble/lib'), ('HOME', '/home/devs'), ('OLDPWD', '/home/devs'), ('DESKTOP_SESSION', 'ubuntu'), ('ROS_PYTHON_VERSION', '3'), ('GNOME_SHELL_SESSION_MODE', 'ubuntu'), ('GTK_MODULES', 'gail:atk-bridge'), ('DBUS_STARTER_BUS_TYPE', 'session'), ('SYSTEMD_EXEC_PID', '2742'), ('DBUS_SESSION_BUS_ADDRESS', 'unix:path=/run/user/1000/bus,guid=5021029055ab5cb043c906ba69cffff8'), ('COLORTERM', 'truecolor'), ('IM_CONFIG_PHASE', '1'), ('WAYLAND_DISPLAY', 'wayland-0'), ('ROS_DISTRO', 'humble'), ('LOGNAME', 'devs'), ('_', '/usr/bin/colcon'), ('ROS_VERSION', '2'), ('XDG_SESSION_CLASS', 'user'), ('USERNAME', 'devs'), ('TERM', 'xterm-256color'), ('GNOME_DESKTOP_SESSION_ID', 'this-is-deprecated'), ('ROS_LOCALHOST_ONLY', '0'), ('PATH', '/opt/ros/humble/bin:/usr/lib/ccache:/home/devs/ardupilot/Tools/autotest:/opt/gcc-arm-none-eabi-10-2020-q4-major/bin:/home/devs/.local/bin:/usr/local/sbin:/usr/local/bin:/usr/sbin:/usr/bin:/sbin:/bin:/usr/games:/usr/local/games:/snap/bin:/snap/bin:/home/devs/ardu_ws/Micro-XRCE-DDS-Gen/scripts'), ('SESSION_MANAGER', 'local/NautilusOS:@/tmp/.ICE-unix/2742,unix/NautilusOS:/tmp/.ICE-unix/2742'), ('XDG_MENU_PREFIX', 'gnome-'), ('GNOME_TERMINAL_SCREEN', '/org/gnome/Terminal/screen/1f03d91d_02a8_4eb1_8db7_f991cedfb71e'), ('GNOME_SETUP_DISPLAY', ':1'), ('XDG_RUNTIME_DIR', '/run/user/1000'), ('DISPLAY', ':0'), ('LANG', 'en_US.UTF-8'), ('XDG_CURRENT_DESKTOP', 'ubuntu:GNOME'), ('XMODIFIERS', '@im=ibus'), ('XDG_SESSION_DESKTOP', 'ubuntu'), ('XAUTHORITY', '/run/user/1000/.mutter-Xwaylandauth.2FU5M3'), ('LS_COLORS', 'rs=0:di=01;34:ln=01;36:mh=00:pi=40;33:so=01;35:do=01;35:bd=40;33;01:cd=40;33;01:or=40;31;01:mi=00:su=37;41:sg=30;43:ca=30;41:tw=30;42:ow=34;42:st=37;44:ex=01;32:*.tar=01;31:*.tgz=01;31:*.arc=01;31:*.arj=01;31:*.taz=01;31:*.lha=01;31:*.lz4=01;31:*.lzh=01;31:*.lzma=01;31:*.tlz=01;31:*.txz=01;31:*.tzo=01;31:*.t7z=01;31:*.zip=01;31:*.z=01;31:*.dz=01;31:*.gz=01;31:*.lrz=01;31:*.lz=01;31:*.lzo=01;31:*.xz=01;31:*.zst=01;31:*.tzst=01;31:*.bz2=01;31:*.bz=01;31:*.tbz=01;31:*.tbz2=01;31:*.tz=01;31:*.deb=01;31:*.rpm=01;31:*.jar=01;31:*.war=01;31:*.ear=01;31:*.sar=01;31:*.rar=01;31:*.alz=01;31:*.ace=01;31:*.zoo=01;31:*.cpio=01;31:*.7z=01;31:*.rz=01;31:*.cab=01;31:*.wim=01;31:*.swm=01;31:*.dwm=01;31:*.esd=01;31:*.jpg=01;35:*.jpeg=01;35:*.mjpg=01;35:*.mjpeg=01;35:*.gif=01;35:*.bmp=01;35:*.pbm=01;35:*.pgm=01;35:*.ppm=01;35:*.tga=01;35:*.xbm=01;35:*.xpm=01;35:*.tif=01;35:*.tiff=01;35:*.png=01;35:*.svg=01;35:*.svgz=01;35:*.mng=01;35:*.pcx=01;35:*.mov=01;35:*.mpg=01;35:*.mpeg=01;35:*.m2v=01;35:*.mkv=01;35:*.webm=01;35:*.webp=01;35:*.ogm=01;35:*.mp4=01;35:*.m4v=01;35:*.mp4v=01;35:*.vob=01;35:*.qt=01;35:*.nuv=01;35:*.wmv=01;35:*.asf=01;35:*.rm=01;35:*.rmvb=01;35:*.flc=01;35:*.avi=01;35:*.fli=01;35:*.flv=01;35:*.gl=01;35:*.dl=01;35:*.xcf=01;35:*.xwd=01;35:*.yuv=01;35:*.cgm=01;35:*.emf=01;35:*.ogv=01;35:*.ogx=01;35:*.aac=00;36:*.au=00;36:*.flac=00;36:*.m4a=00;36:*.mid=00;36:*.midi=00;36:*.mka=00;36:*.mp3=00;36:*.mpc=00;36:*.ogg=00;36:*.ra=00;36:*.wav=00;36:*.oga=00;36:*.opus=00;36:*.spx=00;36:*.xspf=00;36:'), ('GNOME_TERMINAL_SERVICE', ':1.113'), ('SSH_AGENT_LAUNCHER', 'gnome-keyring'), ('SSH_AUTH_SOCK', '/run/user/1000/keyring/ssh'), ('AMENT_PREFIX_PATH', '/home/devs/NautilusSW/nautilus_ws/install/nautilus_bringup:/opt/ros/humble'), ('SHELL', '/bin/bash'), ('QT_ACCESSIBILITY', '1'), ('GDMSESSION', 'ubuntu'), ('LESSCLOSE', '/usr/bin/lesspipe %s %s'), ('GZ_VERSION', 'harmonic'), ('QT_IM_MODULE', 'ibus'), ('PWD', '/home/devs/NautilusSW/nautilus_ws/build/nautilus_sensors'), ('LC_ALL', 'en_US.UTF-8'), ('XDG_CONFIG_DIRS', '/etc/xdg/xdg-ubuntu:/etc/xdg'), ('DBUS_STARTER_ADDRESS', 'unix:path=/run/user/1000/bus,guid=5021029055ab5cb043c906ba69cffff8'), ('XDG_DATA_DIRS', '/usr/share/ubuntu:/usr/local/share/:/usr/share/:/var/lib/snapd/desktop'), ('PYTHONPATH', '/home/devs/NautilusSW/nautilus_ws/install/nautilus_bringup/local/lib/python3.10/dist-packages:/opt/ros/humble/lib/python3.10/site-packages:/opt/ros/humble/local/lib/python3.10/dist-packages'), ('COLCON', '1'), ('VTE_VERSION', '6800'), ('CMAKE_PREFIX_PATH', '/home/devs/NautilusSW/nautilus_ws/install/nautilus_bringup:/opt/ros/humble')]), 'shell': False}
[1.530837] (-) TimerEvent: {}
[1.579062] (nautilus_sensors) StdoutLine: {'line': b'-- The C compiler identification is GNU 11.4.0\n'}
[1.630684] (nautilus_sensors) StdoutLine: {'line': b'-- The CXX compiler identification is GNU 11.4.0\n'}
[1.631020] (-) TimerEvent: {}
[1.644477] (nautilus_sensors) StdoutLine: {'line': b'-- Detecting C compiler ABI info\n'}
[1.701379] (nautilus_sensors) StdoutLine: {'line': b'-- Detecting C compiler ABI info - done\n'}
[1.705600] (nautilus_sensors) StdoutLine: {'line': b'-- Check for working C compiler: /usr/lib/ccache/cc - skipped\n'}
[1.705809] (nautilus_sensors) StdoutLine: {'line': b'-- Detecting C compile features\n'}
[1.706124] (nautilus_sensors) StdoutLine: {'line': b'-- Detecting C compile features - done\n'}
[1.707978] (nautilus_sensors) StdoutLine: {'line': b'-- Detecting CXX compiler ABI info\n'}
[1.733667] (-) TimerEvent: {}
[1.769723] (nautilus_sensors) StdoutLine: {'line': b'-- Detecting CXX compiler ABI info - done\n'}
[1.774290] (nautilus_sensors) StdoutLine: {'line': b'-- Check for working CXX compiler: /usr/lib/ccache/c++ - skipped\n'}
[1.774547] (nautilus_sensors) StdoutLine: {'line': b'-- Detecting CXX compile features\n'}
[1.776019] (nautilus_sensors) StdoutLine: {'line': b'-- Detecting CXX compile features - done\n'}
[1.777702] (nautilus_sensors) StdoutLine: {'line': b'-- Found ament_cmake: 1.3.12 (/opt/ros/humble/share/ament_cmake/cmake)\n'}
[1.834716] (-) TimerEvent: {}
[1.937328] (-) TimerEvent: {}
[2.039323] (-) TimerEvent: {}
[2.057571] (nautilus_sensors) StdoutLine: {'line': b'-- Found Python3: /usr/bin/python3 (found version "3.10.12") found components: Interpreter \n'}
[2.118082] (nautilus_sensors) StdoutLine: {'line': b'-- Found rclpy: 3.3.17 (/opt/ros/humble/share/rclpy/cmake)\n'}
[2.139870] (-) TimerEvent: {}
[2.240398] (-) TimerEvent: {}
[2.280230] (nautilus_sensors) StdoutLine: {'line': b'-- Configuring done\n'}
[2.280364] (nautilus_sensors) StdoutLine: {'line': b'-- Generating done\n'}
[2.283739] (nautilus_sensors) StdoutLine: {'line': b'-- Build files have been written to: /home/devs/NautilusSW/nautilus_ws/build/nautilus_sensors\n'}
[2.286006] (nautilus_sensors) CommandEnded: {'returncode': 0}
[2.288546] (nautilus_sensors) JobProgress: {'identifier': 'nautilus_sensors', 'progress': 'build'}
[2.288598] (nautilus_sensors) Command: {'cmd': ['/usr/bin/cmake', '--build', '/home/devs/NautilusSW/nautilus_ws/build/nautilus_sensors', '--', '-j4', '-l4'], 'cwd': '/home/devs/NautilusSW/nautilus_ws/build/nautilus_sensors', 'env': OrderedDict([('LESSOPEN', '| /usr/bin/lesspipe %s'), ('USER', 'devs'), ('XDG_SESSION_TYPE', 'wayland'), ('SHLVL', '1'), ('LD_LIBRARY_PATH', '/opt/ros/humble/opt/rviz_ogre_vendor/lib:/opt/ros/humble/lib/x86_64-linux-gnu:/opt/ros/humble/lib'), ('HOME', '/home/devs'), ('OLDPWD', '/home/devs'), ('DESKTOP_SESSION', 'ubuntu'), ('ROS_PYTHON_VERSION', '3'), ('GNOME_SHELL_SESSION_MODE', 'ubuntu'), ('GTK_MODULES', 'gail:atk-bridge'), ('DBUS_STARTER_BUS_TYPE', 'session'), ('SYSTEMD_EXEC_PID', '2742'), ('DBUS_SESSION_BUS_ADDRESS', 'unix:path=/run/user/1000/bus,guid=5021029055ab5cb043c906ba69cffff8'), ('COLORTERM', 'truecolor'), ('IM_CONFIG_PHASE', '1'), ('WAYLAND_DISPLAY', 'wayland-0'), ('ROS_DISTRO', 'humble'), ('LOGNAME', 'devs'), ('_', '/usr/bin/colcon'), ('ROS_VERSION', '2'), ('XDG_SESSION_CLASS', 'user'), ('USERNAME', 'devs'), ('TERM', 'xterm-256color'), ('GNOME_DESKTOP_SESSION_ID', 'this-is-deprecated'), ('ROS_LOCALHOST_ONLY', '0'), ('PATH', '/opt/ros/humble/bin:/usr/lib/ccache:/home/devs/ardupilot/Tools/autotest:/opt/gcc-arm-none-eabi-10-2020-q4-major/bin:/home/devs/.local/bin:/usr/local/sbin:/usr/local/bin:/usr/sbin:/usr/bin:/sbin:/bin:/usr/games:/usr/local/games:/snap/bin:/snap/bin:/home/devs/ardu_ws/Micro-XRCE-DDS-Gen/scripts'), ('SESSION_MANAGER', 'local/NautilusOS:@/tmp/.ICE-unix/2742,unix/NautilusOS:/tmp/.ICE-unix/2742'), ('XDG_MENU_PREFIX', 'gnome-'), ('GNOME_TERMINAL_SCREEN', '/org/gnome/Terminal/screen/1f03d91d_02a8_4eb1_8db7_f991cedfb71e'), ('GNOME_SETUP_DISPLAY', ':1'), ('XDG_RUNTIME_DIR', '/run/user/1000'), ('DISPLAY', ':0'), ('LANG', 'en_US.UTF-8'), ('XDG_CURRENT_DESKTOP', 'ubuntu:GNOME'), ('XMODIFIERS', '@im=ibus'), ('XDG_SESSION_DESKTOP', 'ubuntu'), ('XAUTHORITY', '/run/user/1000/.mutter-Xwaylandauth.2FU5M3'), ('LS_COLORS', 'rs=0:di=01;34:ln=01;36:mh=00:pi=40;33:so=01;35:do=01;35:bd=40;33;01:cd=40;33;01:or=40;31;01:mi=00:su=37;41:sg=30;43:ca=30;41:tw=30;42:ow=34;42:st=37;44:ex=01;32:*.tar=01;31:*.tgz=01;31:*.arc=01;31:*.arj=01;31:*.taz=01;31:*.lha=01;31:*.lz4=01;31:*.lzh=01;31:*.lzma=01;31:*.tlz=01;31:*.txz=01;31:*.tzo=01;31:*.t7z=01;31:*.zip=01;31:*.z=01;31:*.dz=01;31:*.gz=01;31:*.lrz=01;31:*.lz=01;31:*.lzo=01;31:*.xz=01;31:*.zst=01;31:*.tzst=01;31:*.bz2=01;31:*.bz=01;31:*.tbz=01;31:*.tbz2=01;31:*.tz=01;31:*.deb=01;31:*.rpm=01;31:*.jar=01;31:*.war=01;31:*.ear=01;31:*.sar=01;31:*.rar=01;31:*.alz=01;31:*.ace=01;31:*.zoo=01;31:*.cpio=01;31:*.7z=01;31:*.rz=01;31:*.cab=01;31:*.wim=01;31:*.swm=01;31:*.dwm=01;31:*.esd=01;31:*.jpg=01;35:*.jpeg=01;35:*.mjpg=01;35:*.mjpeg=01;35:*.gif=01;35:*.bmp=01;35:*.pbm=01;35:*.pgm=01;35:*.ppm=01;35:*.tga=01;35:*.xbm=01;35:*.xpm=01;35:*.tif=01;35:*.tiff=01;35:*.png=01;35:*.svg=01;35:*.svgz=01;35:*.mng=01;35:*.pcx=01;35:*.mov=01;35:*.mpg=01;35:*.mpeg=01;35:*.m2v=01;35:*.mkv=01;35:*.webm=01;35:*.webp=01;35:*.ogm=01;35:*.mp4=01;35:*.m4v=01;35:*.mp4v=01;35:*.vob=01;35:*.qt=01;35:*.nuv=01;35:*.wmv=01;35:*.asf=01;35:*.rm=01;35:*.rmvb=01;35:*.flc=01;35:*.avi=01;35:*.fli=01;35:*.flv=01;35:*.gl=01;35:*.dl=01;35:*.xcf=01;35:*.xwd=01;35:*.yuv=01;35:*.cgm=01;35:*.emf=01;35:*.ogv=01;35:*.ogx=01;35:*.aac=00;36:*.au=00;36:*.flac=00;36:*.m4a=00;36:*.mid=00;36:*.midi=00;36:*.mka=00;36:*.mp3=00;36:*.mpc=00;36:*.ogg=00;36:*.ra=00;36:*.wav=00;36:*.oga=00;36:*.opus=00;36:*.spx=00;36:*.xspf=00;36:'), ('GNOME_TERMINAL_SERVICE', ':1.113'), ('SSH_AGENT_LAUNCHER', 'gnome-keyring'), ('SSH_AUTH_SOCK', '/run/user/1000/keyring/ssh'), ('AMENT_PREFIX_PATH', '/home/devs/NautilusSW/nautilus_ws/install/nautilus_bringup:/opt/ros/humble'), ('SHELL', '/bin/bash'), ('QT_ACCESSIBILITY', '1'), ('GDMSESSION', 'ubuntu'), ('LESSCLOSE', '/usr/bin/lesspipe %s %s'), ('GZ_VERSION', 'harmonic'), ('QT_IM_MODULE', 'ibus'), ('PWD', '/home/devs/NautilusSW/nautilus_ws/build/nautilus_sensors'), ('LC_ALL', 'en_US.UTF-8'), ('XDG_CONFIG_DIRS', '/etc/xdg/xdg-ubuntu:/etc/xdg'), ('DBUS_STARTER_ADDRESS', 'unix:path=/run/user/1000/bus,guid=5021029055ab5cb043c906ba69cffff8'), ('XDG_DATA_DIRS', '/usr/share/ubuntu:/usr/local/share/:/usr/share/:/var/lib/snapd/desktop'), ('PYTHONPATH', '/home/devs/NautilusSW/nautilus_ws/install/nautilus_bringup/local/lib/python3.10/dist-packages:/opt/ros/humble/lib/python3.10/site-packages:/opt/ros/humble/local/lib/python3.10/dist-packages'), ('COLCON', '1'), ('VTE_VERSION', '6800'), ('CMAKE_PREFIX_PATH', '/home/devs/NautilusSW/nautilus_ws/install/nautilus_bringup:/opt/ros/humble')]), 'shell': False}
[2.341035] (-) TimerEvent: {}
[2.349448] (nautilus_sensors) StdoutLine: {'line': b'Built target ament_cmake_python_copy_DVL\n'}
[2.392195] (nautilus_sensors) StdoutLine: {'line': b'Built target ament_cmake_python_copy_vision\n'}
[2.464591] (-) TimerEvent: {}
[2.511669] (nautilus_sensors) StdoutLine: {'line': b'running egg_info\n'}
[2.518973] (nautilus_sensors) StdoutLine: {'line': b'creating DVL.egg-info\n'}
[2.519331] (nautilus_sensors) StdoutLine: {'line': b'writing DVL.egg-info/PKG-INFO\n'}
[2.519397] (nautilus_sensors) StdoutLine: {'line': b'writing dependency_links to DVL.egg-info/dependency_links.txt\n'}
[2.519773] (nautilus_sensors) StdoutLine: {'line': b'writing top-level names to DVL.egg-info/top_level.txt\n'}
[2.519844] (nautilus_sensors) StdoutLine: {'line': b"writing manifest file 'DVL.egg-info/SOURCES.txt'\n"}
[2.542364] (nautilus_sensors) StdoutLine: {'line': b'running egg_info\n'}
[2.546372] (nautilus_sensors) StdoutLine: {'line': b"reading manifest file 'DVL.egg-info/SOURCES.txt'\n"}
[2.547280] (nautilus_sensors) StdoutLine: {'line': b"writing manifest file 'DVL.egg-info/SOURCES.txt'\n"}
[2.552556] (nautilus_sensors) StdoutLine: {'line': b'creating vision.egg-info\n'}
[2.553016] (nautilus_sensors) StdoutLine: {'line': b'writing vision.egg-info/PKG-INFO\n'}
[2.553359] (nautilus_sensors) StdoutLine: {'line': b'writing dependency_links to vision.egg-info/dependency_links.txt\n'}
[2.553596] (nautilus_sensors) StdoutLine: {'line': b'writing top-level names to vision.egg-info/top_level.txt\n'}
[2.553899] (nautilus_sensors) StdoutLine: {'line': b"writing manifest file 'vision.egg-info/SOURCES.txt'\n"}
[2.572104] (nautilus_sensors) StdoutLine: {'line': b'Built target ament_cmake_python_build_DVL_egg\n'}
[2.572244] (-) TimerEvent: {}
[2.580265] (nautilus_sensors) StdoutLine: {'line': b"reading manifest file 'vision.egg-info/SOURCES.txt'\n"}
[2.581048] (nautilus_sensors) StdoutLine: {'line': b"writing manifest file 'vision.egg-info/SOURCES.txt'\n"}
[2.605917] (nautilus_sensors) StdoutLine: {'line': b'Built target ament_cmake_python_build_vision_egg\n'}
[2.615914] (nautilus_sensors) CommandEnded: {'returncode': 0}
[2.617748] (nautilus_sensors) JobProgress: {'identifier': 'nautilus_sensors', 'progress': 'install'}
[2.617821] (nautilus_sensors) Command: {'cmd': ['/usr/bin/cmake', '--install', '/home/devs/NautilusSW/nautilus_ws/build/nautilus_sensors'], 'cwd': '/home/devs/NautilusSW/nautilus_ws/build/nautilus_sensors', 'env': OrderedDict([('LESSOPEN', '| /usr/bin/lesspipe %s'), ('USER', 'devs'), ('XDG_SESSION_TYPE', 'wayland'), ('SHLVL', '1'), ('LD_LIBRARY_PATH', '/opt/ros/humble/opt/rviz_ogre_vendor/lib:/opt/ros/humble/lib/x86_64-linux-gnu:/opt/ros/humble/lib'), ('HOME', '/home/devs'), ('OLDPWD', '/home/devs'), ('DESKTOP_SESSION', 'ubuntu'), ('ROS_PYTHON_VERSION', '3'), ('GNOME_SHELL_SESSION_MODE', 'ubuntu'), ('GTK_MODULES', 'gail:atk-bridge'), ('DBUS_STARTER_BUS_TYPE', 'session'), ('SYSTEMD_EXEC_PID', '2742'), ('DBUS_SESSION_BUS_ADDRESS', 'unix:path=/run/user/1000/bus,guid=5021029055ab5cb043c906ba69cffff8'), ('COLORTERM', 'truecolor'), ('IM_CONFIG_PHASE', '1'), ('WAYLAND_DISPLAY', 'wayland-0'), ('ROS_DISTRO', 'humble'), ('LOGNAME', 'devs'), ('_', '/usr/bin/colcon'), ('ROS_VERSION', '2'), ('XDG_SESSION_CLASS', 'user'), ('USERNAME', 'devs'), ('TERM', 'xterm-256color'), ('GNOME_DESKTOP_SESSION_ID', 'this-is-deprecated'), ('ROS_LOCALHOST_ONLY', '0'), ('PATH', '/opt/ros/humble/bin:/usr/lib/ccache:/home/devs/ardupilot/Tools/autotest:/opt/gcc-arm-none-eabi-10-2020-q4-major/bin:/home/devs/.local/bin:/usr/local/sbin:/usr/local/bin:/usr/sbin:/usr/bin:/sbin:/bin:/usr/games:/usr/local/games:/snap/bin:/snap/bin:/home/devs/ardu_ws/Micro-XRCE-DDS-Gen/scripts'), ('SESSION_MANAGER', 'local/NautilusOS:@/tmp/.ICE-unix/2742,unix/NautilusOS:/tmp/.ICE-unix/2742'), ('XDG_MENU_PREFIX', 'gnome-'), ('GNOME_TERMINAL_SCREEN', '/org/gnome/Terminal/screen/1f03d91d_02a8_4eb1_8db7_f991cedfb71e'), ('GNOME_SETUP_DISPLAY', ':1'), ('XDG_RUNTIME_DIR', '/run/user/1000'), ('DISPLAY', ':0'), ('LANG', 'en_US.UTF-8'), ('XDG_CURRENT_DESKTOP', 'ubuntu:GNOME'), ('XMODIFIERS', '@im=ibus'), ('XDG_SESSION_DESKTOP', 'ubuntu'), ('XAUTHORITY', '/run/user/1000/.mutter-Xwaylandauth.2FU5M3'), ('LS_COLORS', 'rs=0:di=01;34:ln=01;36:mh=00:pi=40;33:so=01;35:do=01;35:bd=40;33;01:cd=40;33;01:or=40;31;01:mi=00:su=37;41:sg=30;43:ca=30;41:tw=30;42:ow=34;42:st=37;44:ex=01;32:*.tar=01;31:*.tgz=01;31:*.arc=01;31:*.arj=01;31:*.taz=01;31:*.lha=01;31:*.lz4=01;31:*.lzh=01;31:*.lzma=01;31:*.tlz=01;31:*.txz=01;31:*.tzo=01;31:*.t7z=01;31:*.zip=01;31:*.z=01;31:*.dz=01;31:*.gz=01;31:*.lrz=01;31:*.lz=01;31:*.lzo=01;31:*.xz=01;31:*.zst=01;31:*.tzst=01;31:*.bz2=01;31:*.bz=01;31:*.tbz=01;31:*.tbz2=01;31:*.tz=01;31:*.deb=01;31:*.rpm=01;31:*.jar=01;31:*.war=01;31:*.ear=01;31:*.sar=01;31:*.rar=01;31:*.alz=01;31:*.ace=01;31:*.zoo=01;31:*.cpio=01;31:*.7z=01;31:*.rz=01;31:*.cab=01;31:*.wim=01;31:*.swm=01;31:*.dwm=01;31:*.esd=01;31:*.jpg=01;35:*.jpeg=01;35:*.mjpg=01;35:*.mjpeg=01;35:*.gif=01;35:*.bmp=01;35:*.pbm=01;35:*.pgm=01;35:*.ppm=01;35:*.tga=01;35:*.xbm=01;35:*.xpm=01;35:*.tif=01;35:*.tiff=01;35:*.png=01;35:*.svg=01;35:*.svgz=01;35:*.mng=01;35:*.pcx=01;35:*.mov=01;35:*.mpg=01;35:*.mpeg=01;35:*.m2v=01;35:*.mkv=01;35:*.webm=01;35:*.webp=01;35:*.ogm=01;35:*.mp4=01;35:*.m4v=01;35:*.mp4v=01;35:*.vob=01;35:*.qt=01;35:*.nuv=01;35:*.wmv=01;35:*.asf=01;35:*.rm=01;35:*.rmvb=01;35:*.flc=01;35:*.avi=01;35:*.fli=01;35:*.flv=01;35:*.gl=01;35:*.dl=01;35:*.xcf=01;35:*.xwd=01;35:*.yuv=01;35:*.cgm=01;35:*.emf=01;35:*.ogv=01;35:*.ogx=01;35:*.aac=00;36:*.au=00;36:*.flac=00;36:*.m4a=00;36:*.mid=00;36:*.midi=00;36:*.mka=00;36:*.mp3=00;36:*.mpc=00;36:*.ogg=00;36:*.ra=00;36:*.wav=00;36:*.oga=00;36:*.opus=00;36:*.spx=00;36:*.xspf=00;36:'), ('GNOME_TERMINAL_SERVICE', ':1.113'), ('SSH_AGENT_LAUNCHER', 'gnome-keyring'), ('SSH_AUTH_SOCK', '/run/user/1000/keyring/ssh'), ('AMENT_PREFIX_PATH', '/home/devs/NautilusSW/nautilus_ws/install/nautilus_bringup:/opt/ros/humble'), ('SHELL', '/bin/bash'), ('QT_ACCESSIBILITY', '1'), ('GDMSESSION', 'ubuntu'), ('LESSCLOSE', '/usr/bin/lesspipe %s %s'), ('GZ_VERSION', 'harmonic'), ('QT_IM_MODULE', 'ibus'), ('PWD', '/home/devs/NautilusSW/nautilus_ws/build/nautilus_sensors'), ('LC_ALL', 'en_US.UTF-8'), ('XDG_CONFIG_DIRS', '/etc/xdg/xdg-ubuntu:/etc/xdg'), ('DBUS_STARTER_ADDRESS', 'unix:path=/run/user/1000/bus,guid=5021029055ab5cb043c906ba69cffff8'), ('XDG_DATA_DIRS', '/usr/share/ubuntu:/usr/local/share/:/usr/share/:/var/lib/snapd/desktop'), ('PYTHONPATH', '/home/devs/NautilusSW/nautilus_ws/install/nautilus_bringup/local/lib/python3.10/dist-packages:/opt/ros/humble/lib/python3.10/site-packages:/opt/ros/humble/local/lib/python3.10/dist-packages'), ('COLCON', '1'), ('VTE_VERSION', '6800'), ('CMAKE_PREFIX_PATH', '/home/devs/NautilusSW/nautilus_ws/install/nautilus_bringup:/opt/ros/humble')]), 'shell': False}
[2.624408] (nautilus_sensors) StdoutLine: {'line': b'-- Install configuration: ""\n'}
[2.625117] (nautilus_sensors) StdoutLine: {'line': b'-- Installing: /home/devs/NautilusSW/nautilus_ws/install/nautilus_sensors/share/nautilus_sensors/environment/pythonpath.sh\n'}
[2.625222] (nautilus_sensors) StdoutLine: {'line': b'-- Installing: /home/devs/NautilusSW/nautilus_ws/install/nautilus_sensors/share/nautilus_sensors/environment/pythonpath.dsv\n'}
[2.625254] (nautilus_sensors) StdoutLine: {'line': b'-- Installing: /home/devs/NautilusSW/nautilus_ws/install/nautilus_sensors/local/lib/python3.10/dist-packages/DVL-0.0.0-py3.10.egg-info\n'}
[2.625281] (nautilus_sensors) StdoutLine: {'line': b'-- Installing: /home/devs/NautilusSW/nautilus_ws/install/nautilus_sensors/local/lib/python3.10/dist-packages/DVL-0.0.0-py3.10.egg-info/top_level.txt\n'}
[2.625306] (nautilus_sensors) StdoutLine: {'line': b'-- Installing: /home/devs/NautilusSW/nautilus_ws/install/nautilus_sensors/local/lib/python3.10/dist-packages/DVL-0.0.0-py3.10.egg-info/dependency_links.txt\n'}
[2.625330] (nautilus_sensors) StdoutLine: {'line': b'-- Installing: /home/devs/NautilusSW/nautilus_ws/install/nautilus_sensors/local/lib/python3.10/dist-packages/DVL-0.0.0-py3.10.egg-info/PKG-INFO\n'}
[2.625353] (nautilus_sensors) StdoutLine: {'line': b'-- Installing: /home/devs/NautilusSW/nautilus_ws/install/nautilus_sensors/local/lib/python3.10/dist-packages/DVL-0.0.0-py3.10.egg-info/SOURCES.txt\n'}
[2.626099] (nautilus_sensors) StdoutLine: {'line': b'-- Installing: /home/devs/NautilusSW/nautilus_ws/install/nautilus_sensors/local/lib/python3.10/dist-packages/DVL\n'}
[2.626206] (nautilus_sensors) StdoutLine: {'line': b'-- Installing: /home/devs/NautilusSW/nautilus_ws/install/nautilus_sensors/local/lib/python3.10/dist-packages/DVL/README.md\n'}
[2.626237] (nautilus_sensors) StdoutLine: {'line': b'-- Installing: /home/devs/NautilusSW/nautilus_ws/install/nautilus_sensors/local/lib/python3.10/dist-packages/DVL/__init__.py\n'}
[2.626264] (nautilus_sensors) StdoutLine: {'line': b'-- Installing: /home/devs/NautilusSW/nautilus_ws/install/nautilus_sensors/local/lib/python3.10/dist-packages/DVL/dvl_sensor_node.py\n'}
[2.626289] (nautilus_sensors) StdoutLine: {'line': b'-- Installing: /home/devs/NautilusSW/nautilus_ws/install/nautilus_sensors/local/lib/python3.10/dist-packages/DVL/fake_dvl.py\n'}
[2.649119] (nautilus_sensors) StdoutLine: {'line': b"Listing '/home/devs/NautilusSW/nautilus_ws/install/nautilus_sensors/local/lib/python3.10/dist-packages/DVL'...\n"}
[2.649263] (nautilus_sensors) StdoutLine: {'line': b"Compiling '/home/devs/NautilusSW/nautilus_ws/install/nautilus_sensors/local/lib/python3.10/dist-packages/DVL/__init__.py'...\n"}
[2.649297] (nautilus_sensors) StdoutLine: {'line': b"Compiling '/home/devs/NautilusSW/nautilus_ws/install/nautilus_sensors/local/lib/python3.10/dist-packages/DVL/dvl_sensor_node.py'...\n"}
[2.649324] (nautilus_sensors) StdoutLine: {'line': b"Compiling '/home/devs/NautilusSW/nautilus_ws/install/nautilus_sensors/local/lib/python3.10/dist-packages/DVL/fake_dvl.py'...\n"}
[2.652354] (nautilus_sensors) StdoutLine: {'line': b'-- Installing: /home/devs/NautilusSW/nautilus_ws/install/nautilus_sensors/local/lib/python3.10/dist-packages/vision-0.0.0-py3.10.egg-info\n'}
[2.652663] (nautilus_sensors) StdoutLine: {'line': b'-- Installing: /home/devs/NautilusSW/nautilus_ws/install/nautilus_sensors/local/lib/python3.10/dist-packages/vision-0.0.0-py3.10.egg-info/top_level.txt\n'}
[2.652754] (nautilus_sensors) StdoutLine: {'line': b'-- Installing: /home/devs/NautilusSW/nautilus_ws/install/nautilus_sensors/local/lib/python3.10/dist-packages/vision-0.0.0-py3.10.egg-info/dependency_links.txt\n'}
[2.652832] (nautilus_sensors) StdoutLine: {'line': b'-- Installing: /home/devs/NautilusSW/nautilus_ws/install/nautilus_sensors/local/lib/python3.10/dist-packages/vision-0.0.0-py3.10.egg-info/PKG-INFO\n'}
[2.652985] (nautilus_sensors) StdoutLine: {'line': b'-- Installing: /home/devs/NautilusSW/nautilus_ws/install/nautilus_sensors/local/lib/python3.10/dist-packages/vision-0.0.0-py3.10.egg-info/SOURCES.txt\n'}
[2.653043] (nautilus_sensors) StdoutLine: {'line': b'-- Installing: /home/devs/NautilusSW/nautilus_ws/install/nautilus_sensors/local/lib/python3.10/dist-packages/vision\n'}
[2.653259] (nautilus_sensors) StdoutLine: {'line': b'-- Installing: /home/devs/NautilusSW/nautilus_ws/install/nautilus_sensors/local/lib/python3.10/dist-packages/vision/save_stream_depthRGB.py\n'}
[2.653310] (nautilus_sensors) StdoutLine: {'line': b'-- Installing: /home/devs/NautilusSW/nautilus_ws/install/nautilus_sensors/local/lib/python3.10/dist-packages/vision/__init__.py\n'}
[2.654502] (nautilus_sensors) StdoutLine: {'line': b'-- Installing: /home/devs/NautilusSW/nautilus_ws/install/nautilus_sensors/local/lib/python3.10/dist-packages/vision/stream_pure.py\n'}
[2.654576] (nautilus_sensors) StdoutLine: {'line': b'-- Installing: /home/devs/NautilusSW/nautilus_ws/install/nautilus_sensors/local/lib/python3.10/dist-packages/vision/yolo_models\n'}
[2.654678] (nautilus_sensors) StdoutLine: {'line': b'-- Installing: /home/devs/NautilusSW/nautilus_ws/install/nautilus_sensors/local/lib/python3.10/dist-packages/vision/yolo_models/best.pt\n'}
[2.657560] (nautilus_sensors) StdoutLine: {'line': b'-- Installing: /home/devs/NautilusSW/nautilus_ws/install/nautilus_sensors/local/lib/python3.10/dist-packages/vision/yolo_models/model_sim.pt\n'}
[2.661069] (nautilus_sensors) StdoutLine: {'line': b'-- Installing: /home/devs/NautilusSW/nautilus_ws/install/nautilus_sensors/local/lib/python3.10/dist-packages/vision/yolo_vision.py\n'}
[2.684329] (-) TimerEvent: {}
[2.684883] (nautilus_sensors) StdoutLine: {'line': b"Listing '/home/devs/NautilusSW/nautilus_ws/install/nautilus_sensors/local/lib/python3.10/dist-packages/vision'...\n"}
[2.684985] (nautilus_sensors) StdoutLine: {'line': b"Compiling '/home/devs/NautilusSW/nautilus_ws/install/nautilus_sensors/local/lib/python3.10/dist-packages/vision/__init__.py'...\n"}
[2.685015] (nautilus_sensors) StdoutLine: {'line': b"Compiling '/home/devs/NautilusSW/nautilus_ws/install/nautilus_sensors/local/lib/python3.10/dist-packages/vision/save_stream_depthRGB.py'...\n"}
[2.685040] (nautilus_sensors) StdoutLine: {'line': b"Compiling '/home/devs/NautilusSW/nautilus_ws/install/nautilus_sensors/local/lib/python3.10/dist-packages/vision/stream_pure.py'...\n"}
[2.685063] (nautilus_sensors) StdoutLine: {'line': b"Listing '/home/devs/NautilusSW/nautilus_ws/install/nautilus_sensors/local/lib/python3.10/dist-packages/vision/yolo_models'...\n"}
[2.685086] (nautilus_sensors) StdoutLine: {'line': b"Compiling '/home/devs/NautilusSW/nautilus_ws/install/nautilus_sensors/local/lib/python3.10/dist-packages/vision/yolo_vision.py'...\n"}
[2.688196] (nautilus_sensors) StdoutLine: {'line': b'-- Installing: /home/devs/NautilusSW/nautilus_ws/install/nautilus_sensors/lib/nautilus_sensors/fake_dvl\n'}
[2.688302] (nautilus_sensors) StdoutLine: {'line': b'-- Installing: /home/devs/NautilusSW/nautilus_ws/install/nautilus_sensors/lib/nautilus_sensors/dvl_sensor_node\n'}
[2.688574] (nautilus_sensors) StdoutLine: {'line': b'-- Installing: /home/devs/NautilusSW/nautilus_ws/install/nautilus_sensors/lib/nautilus_sensors/yolo_vision\n'}
[2.688646] (nautilus_sensors) StdoutLine: {'line': b'-- Installing: /home/devs/NautilusSW/nautilus_ws/install/nautilus_sensors/share/nautilus_sensors/DVl\n'}
[2.688745] (nautilus_sensors) StdoutLine: {'line': b'-- Installing: /home/devs/NautilusSW/nautilus_ws/install/nautilus_sensors/share/nautilus_sensors/DVl/README.md\n'}
[2.688789] (nautilus_sensors) StdoutLine: {'line': b'-- Installing: /home/devs/NautilusSW/nautilus_ws/install/nautilus_sensors/share/nautilus_sensors/DVl/__init__.py\n'}
[2.688846] (nautilus_sensors) StdoutLine: {'line': b'-- Installing: /home/devs/NautilusSW/nautilus_ws/install/nautilus_sensors/share/nautilus_sensors/DVl/dvl_sensor_node.py\n'}
[2.688881] (nautilus_sensors) StdoutLine: {'line': b'-- Installing: /home/devs/NautilusSW/nautilus_ws/install/nautilus_sensors/share/nautilus_sensors/DVl/fake_dvl.py\n'}
[2.688981] (nautilus_sensors) StdoutLine: {'line': b'-- Installing: /home/devs/NautilusSW/nautilus_ws/install/nautilus_sensors/share/nautilus_sensors/vision\n'}
[2.689022] (nautilus_sensors) StdoutLine: {'line': b'-- Installing: /home/devs/NautilusSW/nautilus_ws/install/nautilus_sensors/share/nautilus_sensors/vision/save_stream_depthRGB.py\n'}
[2.689047] (nautilus_sensors) StdoutLine: {'line': b'-- Installing: /home/devs/NautilusSW/nautilus_ws/install/nautilus_sensors/share/nautilus_sensors/vision/__init__.py\n'}
[2.689071] (nautilus_sensors) StdoutLine: {'line': b'-- Installing: /home/devs/NautilusSW/nautilus_ws/install/nautilus_sensors/share/nautilus_sensors/vision/stream_pure.py\n'}
[2.689094] (nautilus_sensors) StdoutLine: {'line': b'-- Installing: /home/devs/NautilusSW/nautilus_ws/install/nautilus_sensors/share/nautilus_sensors/vision/yolo_models\n'}
[2.689116] (nautilus_sensors) StdoutLine: {'line': b'-- Installing: /home/devs/NautilusSW/nautilus_ws/install/nautilus_sensors/share/nautilus_sensors/vision/yolo_models/best.pt\n'}
[2.692880] (nautilus_sensors) StdoutLine: {'line': b'-- Installing: /home/devs/NautilusSW/nautilus_ws/install/nautilus_sensors/share/nautilus_sensors/vision/yolo_models/model_sim.pt\n'}
[2.696729] (nautilus_sensors) StdoutLine: {'line': b'-- Installing: /home/devs/NautilusSW/nautilus_ws/install/nautilus_sensors/share/nautilus_sensors/vision/yolo_vision.py\n'}
[2.696980] (nautilus_sensors) StdoutLine: {'line': b'-- Installing: /home/devs/NautilusSW/nautilus_ws/install/nautilus_sensors/share/nautilus_sensors/package.xml\n'}
[2.697033] (nautilus_sensors) StdoutLine: {'line': b'-- Installing: /home/devs/NautilusSW/nautilus_ws/install/nautilus_sensors/share/ament_index/resource_index/package_run_dependencies/nautilus_sensors\n'}
[2.697063] (nautilus_sensors) StdoutLine: {'line': b'-- Installing: /home/devs/NautilusSW/nautilus_ws/install/nautilus_sensors/share/ament_index/resource_index/parent_prefix_path/nautilus_sensors\n'}
[2.697186] (nautilus_sensors) StdoutLine: {'line': b'-- Installing: /home/devs/NautilusSW/nautilus_ws/install/nautilus_sensors/share/nautilus_sensors/environment/ament_prefix_path.sh\n'}
[2.697229] (nautilus_sensors) StdoutLine: {'line': b'-- Installing: /home/devs/NautilusSW/nautilus_ws/install/nautilus_sensors/share/nautilus_sensors/environment/ament_prefix_path.dsv\n'}
[2.697321] (nautilus_sensors) StdoutLine: {'line': b'-- Installing: /home/devs/NautilusSW/nautilus_ws/install/nautilus_sensors/share/nautilus_sensors/environment/path.sh\n'}
[2.697546] (nautilus_sensors) StdoutLine: {'line': b'-- Installing: /home/devs/NautilusSW/nautilus_ws/install/nautilus_sensors/share/nautilus_sensors/environment/path.dsv\n'}
[2.697601] (nautilus_sensors) StdoutLine: {'line': b'-- Installing: /home/devs/NautilusSW/nautilus_ws/install/nautilus_sensors/share/nautilus_sensors/local_setup.bash\n'}
[2.697629] (nautilus_sensors) StdoutLine: {'line': b'-- Installing: /home/devs/NautilusSW/nautilus_ws/install/nautilus_sensors/share/nautilus_sensors/local_setup.sh\n'}
[2.697707] (nautilus_sensors) StdoutLine: {'line': b'-- Installing: /home/devs/NautilusSW/nautilus_ws/install/nautilus_sensors/share/nautilus_sensors/local_setup.zsh\n'}
[2.697882] (nautilus_sensors) StdoutLine: {'line': b'-- Installing: /home/devs/NautilusSW/nautilus_ws/install/nautilus_sensors/share/nautilus_sensors/local_setup.dsv\n'}
[2.697957] (nautilus_sensors) StdoutLine: {'line': b'-- Installing: /home/devs/NautilusSW/nautilus_ws/install/nautilus_sensors/share/nautilus_sensors/package.dsv\n'}
[2.697990] (nautilus_sensors) StdoutLine: {'line': b'-- Installing: /home/devs/NautilusSW/nautilus_ws/install/nautilus_sensors/share/ament_index/resource_index/packages/nautilus_sensors\n'}
[2.698080] (nautilus_sensors) StdoutLine: {'line': b'-- Installing: /home/devs/NautilusSW/nautilus_ws/install/nautilus_sensors/share/nautilus_sensors/cmake/nautilus_sensorsConfig.cmake\n'}
[2.698121] (nautilus_sensors) StdoutLine: {'line': b'-- Installing: /home/devs/NautilusSW/nautilus_ws/install/nautilus_sensors/share/nautilus_sensors/cmake/nautilus_sensorsConfig-version.cmake\n'}
[2.698152] (nautilus_sensors) StdoutLine: {'line': b'-- Up-to-date: /home/devs/NautilusSW/nautilus_ws/install/nautilus_sensors/share/nautilus_sensors/package.xml\n'}
[2.700822] (nautilus_sensors) CommandEnded: {'returncode': 0}
[2.711611] (nautilus_sensors) JobEnded: {'identifier': 'nautilus_sensors', 'rc': 0}
[2.711952] (nautilus_mission) JobStarted: {'identifier': 'nautilus_mission'}
[2.718784] (nautilus_mission) JobProgress: {'identifier': 'nautilus_mission', 'progress': 'cmake'}
[2.720511] (nautilus_mission) Command: {'cmd': ['/usr/bin/cmake', '/home/devs/NautilusSW/nautilus_ws/src/nautilus_mission', '-DCMAKE_INSTALL_PREFIX=/home/devs/NautilusSW/nautilus_ws/install/nautilus_mission'], 'cwd': '/home/devs/NautilusSW/nautilus_ws/build/nautilus_mission', 'env': OrderedDict([('LESSOPEN', '| /usr/bin/lesspipe %s'), ('USER', 'devs'), ('XDG_SESSION_TYPE', 'wayland'), ('SHLVL', '1'), ('LD_LIBRARY_PATH', '/opt/ros/humble/opt/rviz_ogre_vendor/lib:/opt/ros/humble/lib/x86_64-linux-gnu:/opt/ros/humble/lib'), ('HOME', '/home/devs'), ('OLDPWD', '/home/devs'), ('DESKTOP_SESSION', 'ubuntu'), ('ROS_PYTHON_VERSION', '3'), ('GNOME_SHELL_SESSION_MODE', 'ubuntu'), ('GTK_MODULES', 'gail:atk-bridge'), ('DBUS_STARTER_BUS_TYPE', 'session'), ('SYSTEMD_EXEC_PID', '2742'), ('DBUS_SESSION_BUS_ADDRESS', 'unix:path=/run/user/1000/bus,guid=5021029055ab5cb043c906ba69cffff8'), ('COLORTERM', 'truecolor'), ('IM_CONFIG_PHASE', '1'), ('WAYLAND_DISPLAY', 'wayland-0'), ('ROS_DISTRO', 'humble'), ('LOGNAME', 'devs'), ('_', '/usr/bin/colcon'), ('ROS_VERSION', '2'), ('XDG_SESSION_CLASS', 'user'), ('USERNAME', 'devs'), ('TERM', 'xterm-256color'), ('GNOME_DESKTOP_SESSION_ID', 'this-is-deprecated'), ('ROS_LOCALHOST_ONLY', '0'), ('PATH', '/opt/ros/humble/bin:/usr/lib/ccache:/home/devs/ardupilot/Tools/autotest:/opt/gcc-arm-none-eabi-10-2020-q4-major/bin:/home/devs/.local/bin:/usr/local/sbin:/usr/local/bin:/usr/sbin:/usr/bin:/sbin:/bin:/usr/games:/usr/local/games:/snap/bin:/snap/bin:/home/devs/ardu_ws/Micro-XRCE-DDS-Gen/scripts'), ('SESSION_MANAGER', 'local/NautilusOS:@/tmp/.ICE-unix/2742,unix/NautilusOS:/tmp/.ICE-unix/2742'), ('XDG_MENU_PREFIX', 'gnome-'), ('GNOME_TERMINAL_SCREEN', '/org/gnome/Terminal/screen/1f03d91d_02a8_4eb1_8db7_f991cedfb71e'), ('GNOME_SETUP_DISPLAY', ':1'), ('XDG_RUNTIME_DIR', '/run/user/1000'), ('DISPLAY', ':0'), ('LANG', 'en_US.UTF-8'), ('XDG_CURRENT_DESKTOP', 'ubuntu:GNOME'), ('XMODIFIERS', '@im=ibus'), ('XDG_SESSION_DESKTOP', 'ubuntu'), ('XAUTHORITY', '/run/user/1000/.mutter-Xwaylandauth.2FU5M3'), ('LS_COLORS', 'rs=0:di=01;34:ln=01;36:mh=00:pi=40;33:so=01;35:do=01;35:bd=40;33;01:cd=40;33;01:or=40;31;01:mi=00:su=37;41:sg=30;43:ca=30;41:tw=30;42:ow=34;42:st=37;44:ex=01;32:*.tar=01;31:*.tgz=01;31:*.arc=01;31:*.arj=01;31:*.taz=01;31:*.lha=01;31:*.lz4=01;31:*.lzh=01;31:*.lzma=01;31:*.tlz=01;31:*.txz=01;31:*.tzo=01;31:*.t7z=01;31:*.zip=01;31:*.z=01;31:*.dz=01;31:*.gz=01;31:*.lrz=01;31:*.lz=01;31:*.lzo=01;31:*.xz=01;31:*.zst=01;31:*.tzst=01;31:*.bz2=01;31:*.bz=01;31:*.tbz=01;31:*.tbz2=01;31:*.tz=01;31:*.deb=01;31:*.rpm=01;31:*.jar=01;31:*.war=01;31:*.ear=01;31:*.sar=01;31:*.rar=01;31:*.alz=01;31:*.ace=01;31:*.zoo=01;31:*.cpio=01;31:*.7z=01;31:*.rz=01;31:*.cab=01;31:*.wim=01;31:*.swm=01;31:*.dwm=01;31:*.esd=01;31:*.jpg=01;35:*.jpeg=01;35:*.mjpg=01;35:*.mjpeg=01;35:*.gif=01;35:*.bmp=01;35:*.pbm=01;35:*.pgm=01;35:*.ppm=01;35:*.tga=01;35:*.xbm=01;35:*.xpm=01;35:*.tif=01;35:*.tiff=01;35:*.png=01;35:*.svg=01;35:*.svgz=01;35:*.mng=01;35:*.pcx=01;35:*.mov=01;35:*.mpg=01;35:*.mpeg=01;35:*.m2v=01;35:*.mkv=01;35:*.webm=01;35:*.webp=01;35:*.ogm=01;35:*.mp4=01;35:*.m4v=01;35:*.mp4v=01;35:*.vob=01;35:*.qt=01;35:*.nuv=01;35:*.wmv=01;35:*.asf=01;35:*.rm=01;35:*.rmvb=01;35:*.flc=01;35:*.avi=01;35:*.fli=01;35:*.flv=01;35:*.gl=01;35:*.dl=01;35:*.xcf=01;35:*.xwd=01;35:*.yuv=01;35:*.cgm=01;35:*.emf=01;35:*.ogv=01;35:*.ogx=01;35:*.aac=00;36:*.au=00;36:*.flac=00;36:*.m4a=00;36:*.mid=00;36:*.midi=00;36:*.mka=00;36:*.mp3=00;36:*.mpc=00;36:*.ogg=00;36:*.ra=00;36:*.wav=00;36:*.oga=00;36:*.opus=00;36:*.spx=00;36:*.xspf=00;36:'), ('GNOME_TERMINAL_SERVICE', ':1.113'), ('SSH_AGENT_LAUNCHER', 'gnome-keyring'), ('SSH_AUTH_SOCK', '/run/user/1000/keyring/ssh'), ('AMENT_PREFIX_PATH', '/home/devs/NautilusSW/nautilus_ws/install/nautilus_sensors:/home/devs/NautilusSW/nautilus_ws/install/nautilus_bringup:/opt/ros/humble'), ('SHELL', '/bin/bash'), ('QT_ACCESSIBILITY', '1'), ('GDMSESSION', 'ubuntu'), ('LESSCLOSE', '/usr/bin/lesspipe %s %s'), ('GZ_VERSION', 'harmonic'), ('QT_IM_MODULE', 'ibus'), ('PWD', '/home/devs/NautilusSW/nautilus_ws/build/nautilus_mission'), ('LC_ALL', 'en_US.UTF-8'), ('XDG_CONFIG_DIRS', '/etc/xdg/xdg-ubuntu:/etc/xdg'), ('DBUS_STARTER_ADDRESS', 'unix:path=/run/user/1000/bus,guid=5021029055ab5cb043c906ba69cffff8'), ('XDG_DATA_DIRS', '/usr/share/ubuntu:/usr/local/share/:/usr/share/:/var/lib/snapd/desktop'), ('PYTHONPATH', '/home/devs/NautilusSW/nautilus_ws/install/nautilus_sensors/local/lib/python3.10/dist-packages:/home/devs/NautilusSW/nautilus_ws/install/nautilus_bringup/local/lib/python3.10/dist-packages:/opt/ros/humble/lib/python3.10/site-packages:/opt/ros/humble/local/lib/python3.10/dist-packages'), ('COLCON', '1'), ('VTE_VERSION', '6800'), ('CMAKE_PREFIX_PATH', '/home/devs/NautilusSW/nautilus_ws/install/nautilus_sensors:/home/devs/NautilusSW/nautilus_ws/install/nautilus_bringup:/opt/ros/humble')]), 'shell': False}
[2.773536] (nautilus_mission) StdoutLine: {'line': b'-- The C compiler identification is GNU 11.4.0\n'}
[2.784863] (-) TimerEvent: {}
[2.825450] (nautilus_mission) StdoutLine: {'line': b'-- The CXX compiler identification is GNU 11.4.0\n'}
[2.836920] (nautilus_mission) StdoutLine: {'line': b'-- Detecting C compiler ABI info\n'}
[2.885249] (-) TimerEvent: {}
[2.894307] (nautilus_mission) StdoutLine: {'line': b'-- Detecting C compiler ABI info - done\n'}
[2.899059] (nautilus_mission) StdoutLine: {'line': b'-- Check for working C compiler: /usr/lib/ccache/cc - skipped\n'}
[2.899283] (nautilus_mission) StdoutLine: {'line': b'-- Detecting C compile features\n'}
[2.899647] (nautilus_mission) StdoutLine: {'line': b'-- Detecting C compile features - done\n'}
[2.901587] (nautilus_mission) StdoutLine: {'line': b'-- Detecting CXX compiler ABI info\n'}
[2.970364] (nautilus_mission) StdoutLine: {'line': b'-- Detecting CXX compiler ABI info - done\n'}
[2.976577] (nautilus_mission) StdoutLine: {'line': b'-- Check for working CXX compiler: /usr/lib/ccache/c++ - skipped\n'}
[2.976691] (nautilus_mission) StdoutLine: {'line': b'-- Detecting CXX compile features\n'}
[2.976721] (nautilus_mission) StdoutLine: {'line': b'-- Detecting CXX compile features - done\n'}
[2.976747] (nautilus_mission) StdoutLine: {'line': b'-- Found ament_cmake: 1.3.12 (/opt/ros/humble/share/ament_cmake/cmake)\n'}
[2.985797] (-) TimerEvent: {}
[3.102397] (-) TimerEvent: {}
[3.210822] (-) TimerEvent: {}
[3.233711] (nautilus_mission) StdoutLine: {'line': b'-- Found Python3: /usr/bin/python3 (found version "3.10.12") found components: Interpreter \n'}
[3.316722] (-) TimerEvent: {}
[3.349101] (nautilus_mission) StdoutLine: {'line': b'-- Found ament_lint_auto: 0.12.14 (/opt/ros/humble/share/ament_lint_auto/cmake)\n'}
[3.419650] (-) TimerEvent: {}
[3.420568] (nautilus_mission) StdoutLine: {'line': b'-- Configuring done\n'}
[3.422681] (nautilus_mission) StdoutLine: {'line': b'-- Generating done\n'}
[3.424216] (nautilus_mission) StdoutLine: {'line': b'-- Build files have been written to: /home/devs/NautilusSW/nautilus_ws/build/nautilus_mission\n'}
[3.428840] (nautilus_mission) CommandEnded: {'returncode': 0}
[3.429242] (nautilus_mission) JobProgress: {'identifier': 'nautilus_mission', 'progress': 'build'}
[3.429261] (nautilus_mission) Command: {'cmd': ['/usr/bin/cmake', '--build', '/home/devs/NautilusSW/nautilus_ws/build/nautilus_mission', '--', '-j4', '-l4'], 'cwd': '/home/devs/NautilusSW/nautilus_ws/build/nautilus_mission', 'env': OrderedDict([('LESSOPEN', '| /usr/bin/lesspipe %s'), ('USER', 'devs'), ('XDG_SESSION_TYPE', 'wayland'), ('SHLVL', '1'), ('LD_LIBRARY_PATH', '/opt/ros/humble/opt/rviz_ogre_vendor/lib:/opt/ros/humble/lib/x86_64-linux-gnu:/opt/ros/humble/lib'), ('HOME', '/home/devs'), ('OLDPWD', '/home/devs'), ('DESKTOP_SESSION', 'ubuntu'), ('ROS_PYTHON_VERSION', '3'), ('GNOME_SHELL_SESSION_MODE', 'ubuntu'), ('GTK_MODULES', 'gail:atk-bridge'), ('DBUS_STARTER_BUS_TYPE', 'session'), ('SYSTEMD_EXEC_PID', '2742'), ('DBUS_SESSION_BUS_ADDRESS', 'unix:path=/run/user/1000/bus,guid=5021029055ab5cb043c906ba69cffff8'), ('COLORTERM', 'truecolor'), ('IM_CONFIG_PHASE', '1'), ('WAYLAND_DISPLAY', 'wayland-0'), ('ROS_DISTRO', 'humble'), ('LOGNAME', 'devs'), ('_', '/usr/bin/colcon'), ('ROS_VERSION', '2'), ('XDG_SESSION_CLASS', 'user'), ('USERNAME', 'devs'), ('TERM', 'xterm-256color'), ('GNOME_DESKTOP_SESSION_ID', 'this-is-deprecated'), ('ROS_LOCALHOST_ONLY', '0'), ('PATH', '/opt/ros/humble/bin:/usr/lib/ccache:/home/devs/ardupilot/Tools/autotest:/opt/gcc-arm-none-eabi-10-2020-q4-major/bin:/home/devs/.local/bin:/usr/local/sbin:/usr/local/bin:/usr/sbin:/usr/bin:/sbin:/bin:/usr/games:/usr/local/games:/snap/bin:/snap/bin:/home/devs/ardu_ws/Micro-XRCE-DDS-Gen/scripts'), ('SESSION_MANAGER', 'local/NautilusOS:@/tmp/.ICE-unix/2742,unix/NautilusOS:/tmp/.ICE-unix/2742'), ('XDG_MENU_PREFIX', 'gnome-'), ('GNOME_TERMINAL_SCREEN', '/org/gnome/Terminal/screen/1f03d91d_02a8_4eb1_8db7_f991cedfb71e'), ('GNOME_SETUP_DISPLAY', ':1'), ('XDG_RUNTIME_DIR', '/run/user/1000'), ('DISPLAY', ':0'), ('LANG', 'en_US.UTF-8'), ('XDG_CURRENT_DESKTOP', 'ubuntu:GNOME'), ('XMODIFIERS', '@im=ibus'), ('XDG_SESSION_DESKTOP', 'ubuntu'), ('XAUTHORITY', '/run/user/1000/.mutter-Xwaylandauth.2FU5M3'), ('LS_COLORS', 'rs=0:di=01;34:ln=01;36:mh=00:pi=40;33:so=01;35:do=01;35:bd=40;33;01:cd=40;33;01:or=40;31;01:mi=00:su=37;41:sg=30;43:ca=30;41:tw=30;42:ow=34;42:st=37;44:ex=01;32:*.tar=01;31:*.tgz=01;31:*.arc=01;31:*.arj=01;31:*.taz=01;31:*.lha=01;31:*.lz4=01;31:*.lzh=01;31:*.lzma=01;31:*.tlz=01;31:*.txz=01;31:*.tzo=01;31:*.t7z=01;31:*.zip=01;31:*.z=01;31:*.dz=01;31:*.gz=01;31:*.lrz=01;31:*.lz=01;31:*.lzo=01;31:*.xz=01;31:*.zst=01;31:*.tzst=01;31:*.bz2=01;31:*.bz=01;31:*.tbz=01;31:*.tbz2=01;31:*.tz=01;31:*.deb=01;31:*.rpm=01;31:*.jar=01;31:*.war=01;31:*.ear=01;31:*.sar=01;31:*.rar=01;31:*.alz=01;31:*.ace=01;31:*.zoo=01;31:*.cpio=01;31:*.7z=01;31:*.rz=01;31:*.cab=01;31:*.wim=01;31:*.swm=01;31:*.dwm=01;31:*.esd=01;31:*.jpg=01;35:*.jpeg=01;35:*.mjpg=01;35:*.mjpeg=01;35:*.gif=01;35:*.bmp=01;35:*.pbm=01;35:*.pgm=01;35:*.ppm=01;35:*.tga=01;35:*.xbm=01;35:*.xpm=01;35:*.tif=01;35:*.tiff=01;35:*.png=01;35:*.svg=01;35:*.svgz=01;35:*.mng=01;35:*.pcx=01;35:*.mov=01;35:*.mpg=01;35:*.mpeg=01;35:*.m2v=01;35:*.mkv=01;35:*.webm=01;35:*.webp=01;35:*.ogm=01;35:*.mp4=01;35:*.m4v=01;35:*.mp4v=01;35:*.vob=01;35:*.qt=01;35:*.nuv=01;35:*.wmv=01;35:*.asf=01;35:*.rm=01;35:*.rmvb=01;35:*.flc=01;35:*.avi=01;35:*.fli=01;35:*.flv=01;35:*.gl=01;35:*.dl=01;35:*.xcf=01;35:*.xwd=01;35:*.yuv=01;35:*.cgm=01;35:*.emf=01;35:*.ogv=01;35:*.ogx=01;35:*.aac=00;36:*.au=00;36:*.flac=00;36:*.m4a=00;36:*.mid=00;36:*.midi=00;36:*.mka=00;36:*.mp3=00;36:*.mpc=00;36:*.ogg=00;36:*.ra=00;36:*.wav=00;36:*.oga=00;36:*.opus=00;36:*.spx=00;36:*.xspf=00;36:'), ('GNOME_TERMINAL_SERVICE', ':1.113'), ('SSH_AGENT_LAUNCHER', 'gnome-keyring'), ('SSH_AUTH_SOCK', '/run/user/1000/keyring/ssh'), ('AMENT_PREFIX_PATH', '/home/devs/NautilusSW/nautilus_ws/install/nautilus_sensors:/home/devs/NautilusSW/nautilus_ws/install/nautilus_bringup:/opt/ros/humble'), ('SHELL', '/bin/bash'), ('QT_ACCESSIBILITY', '1'), ('GDMSESSION', 'ubuntu'), ('LESSCLOSE', '/usr/bin/lesspipe %s %s'), ('GZ_VERSION', 'harmonic'), ('QT_IM_MODULE', 'ibus'), ('PWD', '/home/devs/NautilusSW/nautilus_ws/build/nautilus_mission'), ('LC_ALL', 'en_US.UTF-8'), ('XDG_CONFIG_DIRS', '/etc/xdg/xdg-ubuntu:/etc/xdg'), ('DBUS_STARTER_ADDRESS', 'unix:path=/run/user/1000/bus,guid=5021029055ab5cb043c906ba69cffff8'), ('XDG_DATA_DIRS', '/usr/share/ubuntu:/usr/local/share/:/usr/share/:/var/lib/snapd/desktop'), ('PYTHONPATH', '/home/devs/NautilusSW/nautilus_ws/install/nautilus_sensors/local/lib/python3.10/dist-packages:/home/devs/NautilusSW/nautilus_ws/install/nautilus_bringup/local/lib/python3.10/dist-packages:/opt/ros/humble/lib/python3.10/site-packages:/opt/ros/humble/local/lib/python3.10/dist-packages'), ('COLCON', '1'), ('VTE_VERSION', '6800'), ('CMAKE_PREFIX_PATH', '/home/devs/NautilusSW/nautilus_ws/install/nautilus_sensors:/home/devs/NautilusSW/nautilus_ws/install/nautilus_bringup:/opt/ros/humble')]), 'shell': False}
[3.487517] (nautilus_mission) StdoutLine: {'line': b'Built target ament_cmake_python_copy_nautilus_mission\n'}
[3.519829] (-) TimerEvent: {}
[3.632718] (-) TimerEvent: {}
[3.635592] (nautilus_mission) StdoutLine: {'line': b'running egg_info\n'}
[3.643513] (nautilus_mission) StdoutLine: {'line': b'creating nautilus_mission.egg-info\n'}
[3.643842] (nautilus_mission) StdoutLine: {'line': b'writing nautilus_mission.egg-info/PKG-INFO\n'}
[3.644325] (nautilus_mission) StdoutLine: {'line': b'writing dependency_links to nautilus_mission.egg-info/dependency_links.txt\n'}
[3.644789] (nautilus_mission) StdoutLine: {'line': b'writing top-level names to nautilus_mission.egg-info/top_level.txt\n'}
[3.644850] (nautilus_mission) StdoutLine: {'line': b"writing manifest file 'nautilus_mission.egg-info/SOURCES.txt'\n"}
[3.675111] (nautilus_mission) StdoutLine: {'line': b"reading manifest file 'nautilus_mission.egg-info/SOURCES.txt'\n"}
[3.675919] (nautilus_mission) StdoutLine: {'line': b"writing manifest file 'nautilus_mission.egg-info/SOURCES.txt'\n"}
[3.699345] (nautilus_mission) StdoutLine: {'line': b'Built target ament_cmake_python_build_nautilus_mission_egg\n'}
[3.709848] (nautilus_mission) CommandEnded: {'returncode': 0}
[3.712003] (nautilus_mission) JobProgress: {'identifier': 'nautilus_mission', 'progress': 'install'}
[3.712046] (nautilus_mission) Command: {'cmd': ['/usr/bin/cmake', '--install', '/home/devs/NautilusSW/nautilus_ws/build/nautilus_mission'], 'cwd': '/home/devs/NautilusSW/nautilus_ws/build/nautilus_mission', 'env': OrderedDict([('LESSOPEN', '| /usr/bin/lesspipe %s'), ('USER', 'devs'), ('XDG_SESSION_TYPE', 'wayland'), ('SHLVL', '1'), ('LD_LIBRARY_PATH', '/opt/ros/humble/opt/rviz_ogre_vendor/lib:/opt/ros/humble/lib/x86_64-linux-gnu:/opt/ros/humble/lib'), ('HOME', '/home/devs'), ('OLDPWD', '/home/devs'), ('DESKTOP_SESSION', 'ubuntu'), ('ROS_PYTHON_VERSION', '3'), ('GNOME_SHELL_SESSION_MODE', 'ubuntu'), ('GTK_MODULES', 'gail:atk-bridge'), ('DBUS_STARTER_BUS_TYPE', 'session'), ('SYSTEMD_EXEC_PID', '2742'), ('DBUS_SESSION_BUS_ADDRESS', 'unix:path=/run/user/1000/bus,guid=5021029055ab5cb043c906ba69cffff8'), ('COLORTERM', 'truecolor'), ('IM_CONFIG_PHASE', '1'), ('WAYLAND_DISPLAY', 'wayland-0'), ('ROS_DISTRO', 'humble'), ('LOGNAME', 'devs'), ('_', '/usr/bin/colcon'), ('ROS_VERSION', '2'), ('XDG_SESSION_CLASS', 'user'), ('USERNAME', 'devs'), ('TERM', 'xterm-256color'), ('GNOME_DESKTOP_SESSION_ID', 'this-is-deprecated'), ('ROS_LOCALHOST_ONLY', '0'), ('PATH', '/opt/ros/humble/bin:/usr/lib/ccache:/home/devs/ardupilot/Tools/autotest:/opt/gcc-arm-none-eabi-10-2020-q4-major/bin:/home/devs/.local/bin:/usr/local/sbin:/usr/local/bin:/usr/sbin:/usr/bin:/sbin:/bin:/usr/games:/usr/local/games:/snap/bin:/snap/bin:/home/devs/ardu_ws/Micro-XRCE-DDS-Gen/scripts'), ('SESSION_MANAGER', 'local/NautilusOS:@/tmp/.ICE-unix/2742,unix/NautilusOS:/tmp/.ICE-unix/2742'), ('XDG_MENU_PREFIX', 'gnome-'), ('GNOME_TERMINAL_SCREEN', '/org/gnome/Terminal/screen/1f03d91d_02a8_4eb1_8db7_f991cedfb71e'), ('GNOME_SETUP_DISPLAY', ':1'), ('XDG_RUNTIME_DIR', '/run/user/1000'), ('DISPLAY', ':0'), ('LANG', 'en_US.UTF-8'), ('XDG_CURRENT_DESKTOP', 'ubuntu:GNOME'), ('XMODIFIERS', '@im=ibus'), ('XDG_SESSION_DESKTOP', 'ubuntu'), ('XAUTHORITY', '/run/user/1000/.mutter-Xwaylandauth.2FU5M3'), ('LS_COLORS', 'rs=0:di=01;34:ln=01;36:mh=00:pi=40;33:so=01;35:do=01;35:bd=40;33;01:cd=40;33;01:or=40;31;01:mi=00:su=37;41:sg=30;43:ca=30;41:tw=30;42:ow=34;42:st=37;44:ex=01;32:*.tar=01;31:*.tgz=01;31:*.arc=01;31:*.arj=01;31:*.taz=01;31:*.lha=01;31:*.lz4=01;31:*.lzh=01;31:*.lzma=01;31:*.tlz=01;31:*.txz=01;31:*.tzo=01;31:*.t7z=01;31:*.zip=01;31:*.z=01;31:*.dz=01;31:*.gz=01;31:*.lrz=01;31:*.lz=01;31:*.lzo=01;31:*.xz=01;31:*.zst=01;31:*.tzst=01;31:*.bz2=01;31:*.bz=01;31:*.tbz=01;31:*.tbz2=01;31:*.tz=01;31:*.deb=01;31:*.rpm=01;31:*.jar=01;31:*.war=01;31:*.ear=01;31:*.sar=01;31:*.rar=01;31:*.alz=01;31:*.ace=01;31:*.zoo=01;31:*.cpio=01;31:*.7z=01;31:*.rz=01;31:*.cab=01;31:*.wim=01;31:*.swm=01;31:*.dwm=01;31:*.esd=01;31:*.jpg=01;35:*.jpeg=01;35:*.mjpg=01;35:*.mjpeg=01;35:*.gif=01;35:*.bmp=01;35:*.pbm=01;35:*.pgm=01;35:*.ppm=01;35:*.tga=01;35:*.xbm=01;35:*.xpm=01;35:*.tif=01;35:*.tiff=01;35:*.png=01;35:*.svg=01;35:*.svgz=01;35:*.mng=01;35:*.pcx=01;35:*.mov=01;35:*.mpg=01;35:*.mpeg=01;35:*.m2v=01;35:*.mkv=01;35:*.webm=01;35:*.webp=01;35:*.ogm=01;35:*.mp4=01;35:*.m4v=01;35:*.mp4v=01;35:*.vob=01;35:*.qt=01;35:*.nuv=01;35:*.wmv=01;35:*.asf=01;35:*.rm=01;35:*.rmvb=01;35:*.flc=01;35:*.avi=01;35:*.fli=01;35:*.flv=01;35:*.gl=01;35:*.dl=01;35:*.xcf=01;35:*.xwd=01;35:*.yuv=01;35:*.cgm=01;35:*.emf=01;35:*.ogv=01;35:*.ogx=01;35:*.aac=00;36:*.au=00;36:*.flac=00;36:*.m4a=00;36:*.mid=00;36:*.midi=00;36:*.mka=00;36:*.mp3=00;36:*.mpc=00;36:*.ogg=00;36:*.ra=00;36:*.wav=00;36:*.oga=00;36:*.opus=00;36:*.spx=00;36:*.xspf=00;36:'), ('GNOME_TERMINAL_SERVICE', ':1.113'), ('SSH_AGENT_LAUNCHER', 'gnome-keyring'), ('SSH_AUTH_SOCK', '/run/user/1000/keyring/ssh'), ('AMENT_PREFIX_PATH', '/home/devs/NautilusSW/nautilus_ws/install/nautilus_sensors:/home/devs/NautilusSW/nautilus_ws/install/nautilus_bringup:/opt/ros/humble'), ('SHELL', '/bin/bash'), ('QT_ACCESSIBILITY', '1'), ('GDMSESSION', 'ubuntu'), ('LESSCLOSE', '/usr/bin/lesspipe %s %s'), ('GZ_VERSION', 'harmonic'), ('QT_IM_MODULE', 'ibus'), ('PWD', '/home/devs/NautilusSW/nautilus_ws/build/nautilus_mission'), ('LC_ALL', 'en_US.UTF-8'), ('XDG_CONFIG_DIRS', '/etc/xdg/xdg-ubuntu:/etc/xdg'), ('DBUS_STARTER_ADDRESS', 'unix:path=/run/user/1000/bus,guid=5021029055ab5cb043c906ba69cffff8'), ('XDG_DATA_DIRS', '/usr/share/ubuntu:/usr/local/share/:/usr/share/:/var/lib/snapd/desktop'), ('PYTHONPATH', '/home/devs/NautilusSW/nautilus_ws/install/nautilus_sensors/local/lib/python3.10/dist-packages:/home/devs/NautilusSW/nautilus_ws/install/nautilus_bringup/local/lib/python3.10/dist-packages:/opt/ros/humble/lib/python3.10/site-packages:/opt/ros/humble/local/lib/python3.10/dist-packages'), ('COLCON', '1'), ('VTE_VERSION', '6800'), ('CMAKE_PREFIX_PATH', '/home/devs/NautilusSW/nautilus_ws/install/nautilus_sensors:/home/devs/NautilusSW/nautilus_ws/install/nautilus_bringup:/opt/ros/humble')]), 'shell': False}
[3.718503] (nautilus_mission) StdoutLine: {'line': b'-- Install configuration: ""\n'}
[3.718632] (nautilus_mission) StdoutLine: {'line': b'-- Installing: /home/devs/NautilusSW/nautilus_ws/install/nautilus_mission/share/nautilus_mission/launch\n'}
[3.719254] (nautilus_mission) StdoutLine: {'line': b'-- Installing: /home/devs/NautilusSW/nautilus_ws/install/nautilus_mission/share/nautilus_mission/launch/mission.launch.py\n'}
[3.719821] (nautilus_mission) StdoutLine: {'line': b'-- Installing: /home/devs/NautilusSW/nautilus_ws/install/nautilus_mission/lib/nautilus_mission/test_mission\n'}
[3.720062] (nautilus_mission) StdoutLine: {'line': b'-- Installing: /home/devs/NautilusSW/nautilus_ws/install/nautilus_mission/share/nautilus_mission/environment/pythonpath.sh\n'}
[3.720133] (nautilus_mission) StdoutLine: {'line': b'-- Installing: /home/devs/NautilusSW/nautilus_ws/install/nautilus_mission/share/nautilus_mission/environment/pythonpath.dsv\n'}
[3.720205] (nautilus_mission) StdoutLine: {'line': b'-- Installing: /home/devs/NautilusSW/nautilus_ws/install/nautilus_mission/local/lib/python3.10/dist-packages/nautilus_mission-0.0.0-py3.10.egg-info\n'}
[3.720497] (nautilus_mission) StdoutLine: {'line': b'-- Installing: /home/devs/NautilusSW/nautilus_ws/install/nautilus_mission/local/lib/python3.10/dist-packages/nautilus_mission-0.0.0-py3.10.egg-info/top_level.txt\n'}
[3.720566] (nautilus_mission) StdoutLine: {'line': b'-- Installing: /home/devs/NautilusSW/nautilus_ws/install/nautilus_mission/local/lib/python3.10/dist-packages/nautilus_mission-0.0.0-py3.10.egg-info/dependency_links.txt\n'}
[3.720594] (nautilus_mission) StdoutLine: {'line': b'-- Installing: /home/devs/NautilusSW/nautilus_ws/install/nautilus_mission/local/lib/python3.10/dist-packages/nautilus_mission-0.0.0-py3.10.egg-info/PKG-INFO\n'}
[3.720630] (nautilus_mission) StdoutLine: {'line': b'-- Installing: /home/devs/NautilusSW/nautilus_ws/install/nautilus_mission/local/lib/python3.10/dist-packages/nautilus_mission-0.0.0-py3.10.egg-info/SOURCES.txt\n'}
[3.720655] (nautilus_mission) StdoutLine: {'line': b'-- Installing: /home/devs/NautilusSW/nautilus_ws/install/nautilus_mission/local/lib/python3.10/dist-packages/nautilus_mission\n'}
[3.720680] (nautilus_mission) StdoutLine: {'line': b'-- Installing: /home/devs/NautilusSW/nautilus_ws/install/nautilus_mission/local/lib/python3.10/dist-packages/nautilus_mission/test_mission.py\n'}
[3.722219] (nautilus_mission) StdoutLine: {'line': b'-- Installing: /home/devs/NautilusSW/nautilus_ws/install/nautilus_mission/local/lib/python3.10/dist-packages/nautilus_mission/auv_pymavlink.py\n'}
[3.723083] (nautilus_mission) StdoutLine: {'line': b'-- Installing: /home/devs/NautilusSW/nautilus_ws/install/nautilus_mission/local/lib/python3.10/dist-packages/nautilus_mission/__init__.py\n'}
[3.751294] (nautilus_mission) StdoutLine: {'line': b"Listing '/home/devs/NautilusSW/nautilus_ws/install/nautilus_mission/local/lib/python3.10/dist-packages/nautilus_mission'...\n"}
[3.751577] (-) TimerEvent: {}
[3.751657] (nautilus_mission) StdoutLine: {'line': b"Compiling '/home/devs/NautilusSW/nautilus_ws/install/nautilus_mission/local/lib/python3.10/dist-packages/nautilus_mission/__init__.py'...\n"}
[3.751697] (nautilus_mission) StdoutLine: {'line': b"Compiling '/home/devs/NautilusSW/nautilus_ws/install/nautilus_mission/local/lib/python3.10/dist-packages/nautilus_mission/auv_pymavlink.py'...\n"}
[3.751723] (nautilus_mission) StdoutLine: {'line': b"Compiling '/home/devs/NautilusSW/nautilus_ws/install/nautilus_mission/local/lib/python3.10/dist-packages/nautilus_mission/test_mission.py'...\n"}
[3.752010] (nautilus_mission) StdoutLine: {'line': b'-- Installing: /home/devs/NautilusSW/nautilus_ws/install/nautilus_mission/share/ament_index/resource_index/package_run_dependencies/nautilus_mission\n'}
[3.752087] (nautilus_mission) StdoutLine: {'line': b'-- Installing: /home/devs/NautilusSW/nautilus_ws/install/nautilus_mission/share/ament_index/resource_index/parent_prefix_path/nautilus_mission\n'}
[3.752133] (nautilus_mission) StdoutLine: {'line': b'-- Installing: /home/devs/NautilusSW/nautilus_ws/install/nautilus_mission/share/nautilus_mission/environment/ament_prefix_path.sh\n'}
[3.752412] (nautilus_mission) StdoutLine: {'line': b'-- Installing: /home/devs/NautilusSW/nautilus_ws/install/nautilus_mission/share/nautilus_mission/environment/ament_prefix_path.dsv\n'}
[3.752560] (nautilus_mission) StdoutLine: {'line': b'-- Installing: /home/devs/NautilusSW/nautilus_ws/install/nautilus_mission/share/nautilus_mission/environment/path.sh\n'}
[3.752594] (nautilus_mission) StdoutLine: {'line': b'-- Installing: /home/devs/NautilusSW/nautilus_ws/install/nautilus_mission/share/nautilus_mission/environment/path.dsv\n'}
[3.752620] (nautilus_mission) StdoutLine: {'line': b'-- Installing: /home/devs/NautilusSW/nautilus_ws/install/nautilus_mission/share/nautilus_mission/local_setup.bash\n'}
[3.752644] (nautilus_mission) StdoutLine: {'line': b'-- Installing: /home/devs/NautilusSW/nautilus_ws/install/nautilus_mission/share/nautilus_mission/local_setup.sh\n'}
[3.752666] (nautilus_mission) StdoutLine: {'line': b'-- Installing: /home/devs/NautilusSW/nautilus_ws/install/nautilus_mission/share/nautilus_mission/local_setup.zsh\n'}
[3.752689] (nautilus_mission) StdoutLine: {'line': b'-- Installing: /home/devs/NautilusSW/nautilus_ws/install/nautilus_mission/share/nautilus_mission/local_setup.dsv\n'}
[3.752711] (nautilus_mission) StdoutLine: {'line': b'-- Installing: /home/devs/NautilusSW/nautilus_ws/install/nautilus_mission/share/nautilus_mission/package.dsv\n'}
[3.752928] (nautilus_mission) StdoutLine: {'line': b'-- Installing: /home/devs/NautilusSW/nautilus_ws/install/nautilus_mission/share/ament_index/resource_index/packages/nautilus_mission\n'}
[3.752983] (nautilus_mission) StdoutLine: {'line': b'-- Installing: /home/devs/NautilusSW/nautilus_ws/install/nautilus_mission/share/nautilus_mission/cmake/nautilus_missionConfig.cmake\n'}
[3.753018] (nautilus_mission) StdoutLine: {'line': b'-- Installing: /home/devs/NautilusSW/nautilus_ws/install/nautilus_mission/share/nautilus_mission/cmake/nautilus_missionConfig-version.cmake\n'}
[3.753042] (nautilus_mission) StdoutLine: {'line': b'-- Installing: /home/devs/NautilusSW/nautilus_ws/install/nautilus_mission/share/nautilus_mission/package.xml\n'}
[3.755085] (nautilus_mission) CommandEnded: {'returncode': 0}
[3.764760] (nautilus_mission) JobEnded: {'identifier': 'nautilus_mission', 'rc': 0}
[3.765729] (-) EventReactorShutdown: {}
