[0.000000] (-) TimerEvent: {}
[0.001026] (nautilus_bringup) JobQueued: {'identifier': 'nautilus_bringup', 'dependencies': OrderedDict()}
[0.001368] (nautilus_controls) JobQueued: {'identifier': 'nautilus_controls', 'dependencies': OrderedDict()}
[0.001723] (nautilus_mission) JobQueued: {'identifier': 'nautilus_mission', 'dependencies': OrderedDict([('nautilus_controls', '/home/nautilus/NautilusSW/nautilus_ws/install/nautilus_controls')])}
[0.001869] (nautilus_sensors) JobQueued: {'identifier': 'nautilus_sensors', 'dependencies': OrderedDict([('nautilus_bringup', '/home/nautilus/NautilusSW/nautilus_ws/install/nautilus_bringup')])}
[0.001979] (nautilus_bringup) JobStarted: {'identifier': 'nautilus_bringup'}
[0.017813] (nautilus_controls) JobStarted: {'identifier': 'nautilus_controls'}
[0.028179] (nautilus_bringup) JobProgress: {'identifier': 'nautilus_bringup', 'progress': 'cmake'}
[0.029428] (nautilus_bringup) JobProgress: {'identifier': 'nautilus_bringup', 'progress': 'build'}
[0.030735] (nautilus_bringup) Command: {'cmd': ['/usr/bin/cmake', '--build', '/home/nautilus/NautilusSW/nautilus_ws/build/nautilus_bringup', '--', '-j6', '-l6'], 'cwd': '/home/nautilus/NautilusSW/nautilus_ws/build/nautilus_bringup', 'env': OrderedDict([('LESSOPEN', '| /usr/bin/lesspipe %s'), ('USER', 'nautilus'), ('XDG_SESSION_TYPE', 'x11'), ('SHLVL', '1'), ('LD_LIBRARY_PATH', '/opt/ros/humble/opt/rviz_ogre_vendor/lib:/opt/ros/humble/lib/aarch64-linux-gnu:/opt/ros/humble/lib'), ('HOME', '/home/nautilus'), ('DESKTOP_SESSION', 'ubuntu'), ('ROS_PYTHON_VERSION', '3'), ('GNOME_SHELL_SESSION_MODE', 'ubuntu'), ('GTK_MODULES', 'gail:atk-bridge'), ('SYSTEMD_EXEC_PID', '4133'), ('DBUS_SESSION_BUS_ADDRESS', 'unix:path=/run/user/1000/bus'), ('COLORTERM', 'truecolor'), ('IM_CONFIG_PHASE', '1'), ('COLCON_PREFIX_PATH', '/home/nautilus/NautilusSW/nautilus_ws/install'), ('ROS_DISTRO', 'humble'), ('GTK_IM_MODULE', 'ibus'), ('LOGNAME', 'nautilus'), ('_', '/usr/bin/colcon'), ('ROS_VERSION', '2'), ('XDG_SESSION_CLASS', 'user'), ('USERNAME', 'nautilus'), ('TERM', 'xterm-256color'), ('GNOME_DESKTOP_SESSION_ID', 'this-is-deprecated'), ('ROS_LOCALHOST_ONLY', '0'), ('WINDOWPATH', '2'), ('PATH', '/opt/ros/humble/bin:/home/nautilus/.local/bin:/home/nautilus/.local/bin:/usr/local/sbin:/usr/local/bin:/usr/sbin:/usr/bin:/sbin:/bin:/usr/games:/usr/local/games:/snap/bin:/home/nautilus/.local/bin'), ('SESSION_MANAGER', 'local/nautilus-desktop:@/tmp/.ICE-unix/1772,unix/nautilus-desktop:/tmp/.ICE-unix/1772'), ('XDG_MENU_PREFIX', 'gnome-'), ('GNOME_TERMINAL_SCREEN', '/org/gnome/Terminal/screen/e36953dd_ef3d_41b7_9a9d_efc6319912f7'), ('XDG_RUNTIME_DIR', '/run/user/1000'), ('DISPLAY', ':0'), ('LANG', 'en_US.UTF-8'), ('XDG_CURRENT_DESKTOP', 'ubuntu:GNOME'), ('XMODIFIERS', '@im=ibus'), ('XDG_SESSION_DESKTOP', 'ubuntu'), ('XAUTHORITY', '/run/user/1000/gdm/Xauthority'), ('LS_COLORS', 'rs=0:di=01;34:ln=01;36:mh=00:pi=40;33:so=01;35:do=01;35:bd=40;33;01:cd=40;33;01:or=40;31;01:mi=00:su=37;41:sg=30;43:ca=30;41:tw=30;42:ow=34;42:st=37;44:ex=01;32:*.tar=01;31:*.tgz=01;31:*.arc=01;31:*.arj=01;31:*.taz=01;31:*.lha=01;31:*.lz4=01;31:*.lzh=01;31:*.lzma=01;31:*.tlz=01;31:*.txz=01;31:*.tzo=01;31:*.t7z=01;31:*.zip=01;31:*.z=01;31:*.dz=01;31:*.gz=01;31:*.lrz=01;31:*.lz=01;31:*.lzo=01;31:*.xz=01;31:*.zst=01;31:*.tzst=01;31:*.bz2=01;31:*.bz=01;31:*.tbz=01;31:*.tbz2=01;31:*.tz=01;31:*.deb=01;31:*.rpm=01;31:*.jar=01;31:*.war=01;31:*.ear=01;31:*.sar=01;31:*.rar=01;31:*.alz=01;31:*.ace=01;31:*.zoo=01;31:*.cpio=01;31:*.7z=01;31:*.rz=01;31:*.cab=01;31:*.wim=01;31:*.swm=01;31:*.dwm=01;31:*.esd=01;31:*.jpg=01;35:*.jpeg=01;35:*.mjpg=01;35:*.mjpeg=01;35:*.gif=01;35:*.bmp=01;35:*.pbm=01;35:*.pgm=01;35:*.ppm=01;35:*.tga=01;35:*.xbm=01;35:*.xpm=01;35:*.tif=01;35:*.tiff=01;35:*.png=01;35:*.svg=01;35:*.svgz=01;35:*.mng=01;35:*.pcx=01;35:*.mov=01;35:*.mpg=01;35:*.mpeg=01;35:*.m2v=01;35:*.mkv=01;35:*.webm=01;35:*.webp=01;35:*.ogm=01;35:*.mp4=01;35:*.m4v=01;35:*.mp4v=01;35:*.vob=01;35:*.qt=01;35:*.nuv=01;35:*.wmv=01;35:*.asf=01;35:*.rm=01;35:*.rmvb=01;35:*.flc=01;35:*.avi=01;35:*.fli=01;35:*.flv=01;35:*.gl=01;35:*.dl=01;35:*.xcf=01;35:*.xwd=01;35:*.yuv=01;35:*.cgm=01;35:*.emf=01;35:*.ogv=01;35:*.ogx=01;35:*.aac=00;36:*.au=00;36:*.flac=00;36:*.m4a=00;36:*.mid=00;36:*.midi=00;36:*.mka=00;36:*.mp3=00;36:*.mpc=00;36:*.ogg=00;36:*.ra=00;36:*.wav=00;36:*.oga=00;36:*.opus=00;36:*.spx=00;36:*.xspf=00;36:'), ('GNOME_TERMINAL_SERVICE', ':1.101'), ('SSH_AGENT_LAUNCHER', 'gnome-keyring'), ('SSH_AUTH_SOCK', '/run/user/1000/keyring/ssh'), ('AMENT_PREFIX_PATH', '/home/nautilus/NautilusSW/nautilus_ws/install/nautilus_sensors:/home/nautilus/NautilusSW/nautilus_ws/install/nautilus_mission:/home/nautilus/NautilusSW/nautilus_ws/install/nautilus_controls:/home/nautilus/NautilusSW/nautilus_ws/install/nautilus_bringup:/opt/ros/humble'), ('SHELL', '/bin/bash'), ('QT_ACCESSIBILITY', '1'), ('GDMSESSION', 'ubuntu'), ('LESSCLOSE', '/usr/bin/lesspipe %s %s'), ('GPG_AGENT_INFO', '/run/user/1000/gnupg/S.gpg-agent:0:1'), ('QT_IM_MODULE', 'ibus'), ('PWD', '/home/nautilus/NautilusSW/nautilus_ws/build/nautilus_bringup'), ('LC_ALL', 'en_US.UTF-8'), ('XDG_CONFIG_DIRS', '/etc/xdg/xdg-ubuntu:/etc/xdg'), ('XDG_DATA_DIRS', '/usr/share/ubuntu:/usr/share/gnome:/usr/local/share/:/usr/share/'), ('PYTHONPATH', '/home/nautilus/NautilusSW/nautilus_ws/install/nautilus_sensors/local/lib/python3.10/dist-packages:/home/nautilus/NautilusSW/nautilus_ws/install/nautilus_mission/local/lib/python3.10/dist-packages:/home/nautilus/NautilusSW/nautilus_ws/install/nautilus_controls/local/lib/python3.10/dist-packages:/home/nautilus/NautilusSW/nautilus_ws/install/nautilus_bringup/local/lib/python3.10/dist-packages:/opt/ros/humble/lib/python3.10/site-packages:/opt/ros/humble/local/lib/python3.10/dist-packages'), ('COLCON', '1'), ('VTE_VERSION', '6800'), ('CMAKE_PREFIX_PATH', '/home/nautilus/NautilusSW/nautilus_ws/install/nautilus_sensors:/home/nautilus/NautilusSW/nautilus_ws/install/nautilus_mission:/home/nautilus/NautilusSW/nautilus_ws/install/nautilus_controls:/home/nautilus/NautilusSW/nautilus_ws/install/nautilus_bringup:/opt/ros/humble')]), 'shell': False}
[0.038930] (nautilus_controls) JobProgress: {'identifier': 'nautilus_controls', 'progress': 'cmake'}
[0.040163] (nautilus_controls) JobProgress: {'identifier': 'nautilus_controls', 'progress': 'build'}
[0.040607] (nautilus_controls) Command: {'cmd': ['/usr/bin/cmake', '--build', '/home/nautilus/NautilusSW/nautilus_ws/build/nautilus_controls', '--', '-j6', '-l6'], 'cwd': '/home/nautilus/NautilusSW/nautilus_ws/build/nautilus_controls', 'env': OrderedDict([('LESSOPEN', '| /usr/bin/lesspipe %s'), ('USER', 'nautilus'), ('XDG_SESSION_TYPE', 'x11'), ('SHLVL', '1'), ('LD_LIBRARY_PATH', '/opt/ros/humble/opt/rviz_ogre_vendor/lib:/opt/ros/humble/lib/aarch64-linux-gnu:/opt/ros/humble/lib'), ('HOME', '/home/nautilus'), ('DESKTOP_SESSION', 'ubuntu'), ('ROS_PYTHON_VERSION', '3'), ('GNOME_SHELL_SESSION_MODE', 'ubuntu'), ('GTK_MODULES', 'gail:atk-bridge'), ('SYSTEMD_EXEC_PID', '4133'), ('DBUS_SESSION_BUS_ADDRESS', 'unix:path=/run/user/1000/bus'), ('COLORTERM', 'truecolor'), ('IM_CONFIG_PHASE', '1'), ('COLCON_PREFIX_PATH', '/home/nautilus/NautilusSW/nautilus_ws/install'), ('ROS_DISTRO', 'humble'), ('GTK_IM_MODULE', 'ibus'), ('LOGNAME', 'nautilus'), ('_', '/usr/bin/colcon'), ('ROS_VERSION', '2'), ('XDG_SESSION_CLASS', 'user'), ('USERNAME', 'nautilus'), ('TERM', 'xterm-256color'), ('GNOME_DESKTOP_SESSION_ID', 'this-is-deprecated'), ('ROS_LOCALHOST_ONLY', '0'), ('WINDOWPATH', '2'), ('PATH', '/opt/ros/humble/bin:/home/nautilus/.local/bin:/home/nautilus/.local/bin:/usr/local/sbin:/usr/local/bin:/usr/sbin:/usr/bin:/sbin:/bin:/usr/games:/usr/local/games:/snap/bin:/home/nautilus/.local/bin'), ('SESSION_MANAGER', 'local/nautilus-desktop:@/tmp/.ICE-unix/1772,unix/nautilus-desktop:/tmp/.ICE-unix/1772'), ('XDG_MENU_PREFIX', 'gnome-'), ('GNOME_TERMINAL_SCREEN', '/org/gnome/Terminal/screen/e36953dd_ef3d_41b7_9a9d_efc6319912f7'), ('XDG_RUNTIME_DIR', '/run/user/1000'), ('DISPLAY', ':0'), ('LANG', 'en_US.UTF-8'), ('XDG_CURRENT_DESKTOP', 'ubuntu:GNOME'), ('XMODIFIERS', '@im=ibus'), ('XDG_SESSION_DESKTOP', 'ubuntu'), ('XAUTHORITY', '/run/user/1000/gdm/Xauthority'), ('LS_COLORS', 'rs=0:di=01;34:ln=01;36:mh=00:pi=40;33:so=01;35:do=01;35:bd=40;33;01:cd=40;33;01:or=40;31;01:mi=00:su=37;41:sg=30;43:ca=30;41:tw=30;42:ow=34;42:st=37;44:ex=01;32:*.tar=01;31:*.tgz=01;31:*.arc=01;31:*.arj=01;31:*.taz=01;31:*.lha=01;31:*.lz4=01;31:*.lzh=01;31:*.lzma=01;31:*.tlz=01;31:*.txz=01;31:*.tzo=01;31:*.t7z=01;31:*.zip=01;31:*.z=01;31:*.dz=01;31:*.gz=01;31:*.lrz=01;31:*.lz=01;31:*.lzo=01;31:*.xz=01;31:*.zst=01;31:*.tzst=01;31:*.bz2=01;31:*.bz=01;31:*.tbz=01;31:*.tbz2=01;31:*.tz=01;31:*.deb=01;31:*.rpm=01;31:*.jar=01;31:*.war=01;31:*.ear=01;31:*.sar=01;31:*.rar=01;31:*.alz=01;31:*.ace=01;31:*.zoo=01;31:*.cpio=01;31:*.7z=01;31:*.rz=01;31:*.cab=01;31:*.wim=01;31:*.swm=01;31:*.dwm=01;31:*.esd=01;31:*.jpg=01;35:*.jpeg=01;35:*.mjpg=01;35:*.mjpeg=01;35:*.gif=01;35:*.bmp=01;35:*.pbm=01;35:*.pgm=01;35:*.ppm=01;35:*.tga=01;35:*.xbm=01;35:*.xpm=01;35:*.tif=01;35:*.tiff=01;35:*.png=01;35:*.svg=01;35:*.svgz=01;35:*.mng=01;35:*.pcx=01;35:*.mov=01;35:*.mpg=01;35:*.mpeg=01;35:*.m2v=01;35:*.mkv=01;35:*.webm=01;35:*.webp=01;35:*.ogm=01;35:*.mp4=01;35:*.m4v=01;35:*.mp4v=01;35:*.vob=01;35:*.qt=01;35:*.nuv=01;35:*.wmv=01;35:*.asf=01;35:*.rm=01;35:*.rmvb=01;35:*.flc=01;35:*.avi=01;35:*.fli=01;35:*.flv=01;35:*.gl=01;35:*.dl=01;35:*.xcf=01;35:*.xwd=01;35:*.yuv=01;35:*.cgm=01;35:*.emf=01;35:*.ogv=01;35:*.ogx=01;35:*.aac=00;36:*.au=00;36:*.flac=00;36:*.m4a=00;36:*.mid=00;36:*.midi=00;36:*.mka=00;36:*.mp3=00;36:*.mpc=00;36:*.ogg=00;36:*.ra=00;36:*.wav=00;36:*.oga=00;36:*.opus=00;36:*.spx=00;36:*.xspf=00;36:'), ('GNOME_TERMINAL_SERVICE', ':1.101'), ('SSH_AGENT_LAUNCHER', 'gnome-keyring'), ('SSH_AUTH_SOCK', '/run/user/1000/keyring/ssh'), ('AMENT_PREFIX_PATH', '/home/nautilus/NautilusSW/nautilus_ws/install/nautilus_sensors:/home/nautilus/NautilusSW/nautilus_ws/install/nautilus_mission:/home/nautilus/NautilusSW/nautilus_ws/install/nautilus_controls:/home/nautilus/NautilusSW/nautilus_ws/install/nautilus_bringup:/opt/ros/humble'), ('SHELL', '/bin/bash'), ('QT_ACCESSIBILITY', '1'), ('GDMSESSION', 'ubuntu'), ('LESSCLOSE', '/usr/bin/lesspipe %s %s'), ('GPG_AGENT_INFO', '/run/user/1000/gnupg/S.gpg-agent:0:1'), ('QT_IM_MODULE', 'ibus'), ('PWD', '/home/nautilus/NautilusSW/nautilus_ws/build/nautilus_controls'), ('LC_ALL', 'en_US.UTF-8'), ('XDG_CONFIG_DIRS', '/etc/xdg/xdg-ubuntu:/etc/xdg'), ('XDG_DATA_DIRS', '/usr/share/ubuntu:/usr/share/gnome:/usr/local/share/:/usr/share/'), ('PYTHONPATH', '/home/nautilus/NautilusSW/nautilus_ws/install/nautilus_sensors/local/lib/python3.10/dist-packages:/home/nautilus/NautilusSW/nautilus_ws/install/nautilus_mission/local/lib/python3.10/dist-packages:/home/nautilus/NautilusSW/nautilus_ws/install/nautilus_controls/local/lib/python3.10/dist-packages:/home/nautilus/NautilusSW/nautilus_ws/install/nautilus_bringup/local/lib/python3.10/dist-packages:/opt/ros/humble/lib/python3.10/site-packages:/opt/ros/humble/local/lib/python3.10/dist-packages'), ('COLCON', '1'), ('VTE_VERSION', '6800'), ('CMAKE_PREFIX_PATH', '/home/nautilus/NautilusSW/nautilus_ws/install/nautilus_sensors:/home/nautilus/NautilusSW/nautilus_ws/install/nautilus_mission:/home/nautilus/NautilusSW/nautilus_ws/install/nautilus_controls:/home/nautilus/NautilusSW/nautilus_ws/install/nautilus_bringup:/opt/ros/humble')]), 'shell': False}
[0.099094] (-) TimerEvent: {}
[0.143737] (nautilus_bringup) StdoutLine: {'line': b'Built target ament_cmake_python_copy_nautilus_bringup\n'}
[0.152578] (nautilus_controls) StdoutLine: {'line': b'Built target ament_cmake_python_copy_nautilus_controls\n'}
[0.199245] (-) TimerEvent: {}
[0.299909] (-) TimerEvent: {}
[0.400514] (-) TimerEvent: {}
[0.501081] (-) TimerEvent: {}
[0.579334] (nautilus_bringup) StdoutLine: {'line': b'running egg_info\n'}
[0.601217] (-) TimerEvent: {}
[0.611898] (nautilus_bringup) StdoutLine: {'line': b'writing nautilus_bringup.egg-info/PKG-INFO\n'}
[0.613014] (nautilus_bringup) StdoutLine: {'line': b'writing dependency_links to nautilus_bringup.egg-info/dependency_links.txt\n'}
[0.613564] (nautilus_bringup) StdoutLine: {'line': b'writing top-level names to nautilus_bringup.egg-info/top_level.txt\n'}
[0.621069] (nautilus_controls) StdoutLine: {'line': b'running egg_info\n'}
[0.659115] (nautilus_controls) StdoutLine: {'line': b'writing nautilus_controls.egg-info/PKG-INFO\n'}
[0.660206] (nautilus_controls) StdoutLine: {'line': b'writing dependency_links to nautilus_controls.egg-info/dependency_links.txt\n'}
[0.660794] (nautilus_controls) StdoutLine: {'line': b'writing top-level names to nautilus_controls.egg-info/top_level.txt\n'}
[0.701344] (-) TimerEvent: {}
[0.711710] (nautilus_bringup) StdoutLine: {'line': b"reading manifest file 'nautilus_bringup.egg-info/SOURCES.txt'\n"}
[0.713697] (nautilus_bringup) StdoutLine: {'line': b"writing manifest file 'nautilus_bringup.egg-info/SOURCES.txt'\n"}
[0.767064] (nautilus_controls) StdoutLine: {'line': b"reading manifest file 'nautilus_controls.egg-info/SOURCES.txt'\n"}
[0.769371] (nautilus_controls) StdoutLine: {'line': b"writing manifest file 'nautilus_controls.egg-info/SOURCES.txt'\n"}
[0.789061] (nautilus_bringup) StdoutLine: {'line': b'Built target ament_cmake_python_build_nautilus_bringup_egg\n'}
[0.801530] (-) TimerEvent: {}
[0.813929] (nautilus_bringup) CommandEnded: {'returncode': 0}
[0.816102] (nautilus_bringup) JobProgress: {'identifier': 'nautilus_bringup', 'progress': 'install'}
[0.832701] (nautilus_bringup) Command: {'cmd': ['/usr/bin/cmake', '--install', '/home/nautilus/NautilusSW/nautilus_ws/build/nautilus_bringup'], 'cwd': '/home/nautilus/NautilusSW/nautilus_ws/build/nautilus_bringup', 'env': OrderedDict([('LESSOPEN', '| /usr/bin/lesspipe %s'), ('USER', 'nautilus'), ('XDG_SESSION_TYPE', 'x11'), ('SHLVL', '1'), ('LD_LIBRARY_PATH', '/opt/ros/humble/opt/rviz_ogre_vendor/lib:/opt/ros/humble/lib/aarch64-linux-gnu:/opt/ros/humble/lib'), ('HOME', '/home/nautilus'), ('DESKTOP_SESSION', 'ubuntu'), ('ROS_PYTHON_VERSION', '3'), ('GNOME_SHELL_SESSION_MODE', 'ubuntu'), ('GTK_MODULES', 'gail:atk-bridge'), ('SYSTEMD_EXEC_PID', '4133'), ('DBUS_SESSION_BUS_ADDRESS', 'unix:path=/run/user/1000/bus'), ('COLORTERM', 'truecolor'), ('IM_CONFIG_PHASE', '1'), ('COLCON_PREFIX_PATH', '/home/nautilus/NautilusSW/nautilus_ws/install'), ('ROS_DISTRO', 'humble'), ('GTK_IM_MODULE', 'ibus'), ('LOGNAME', 'nautilus'), ('_', '/usr/bin/colcon'), ('ROS_VERSION', '2'), ('XDG_SESSION_CLASS', 'user'), ('USERNAME', 'nautilus'), ('TERM', 'xterm-256color'), ('GNOME_DESKTOP_SESSION_ID', 'this-is-deprecated'), ('ROS_LOCALHOST_ONLY', '0'), ('WINDOWPATH', '2'), ('PATH', '/opt/ros/humble/bin:/home/nautilus/.local/bin:/home/nautilus/.local/bin:/usr/local/sbin:/usr/local/bin:/usr/sbin:/usr/bin:/sbin:/bin:/usr/games:/usr/local/games:/snap/bin:/home/nautilus/.local/bin'), ('SESSION_MANAGER', 'local/nautilus-desktop:@/tmp/.ICE-unix/1772,unix/nautilus-desktop:/tmp/.ICE-unix/1772'), ('XDG_MENU_PREFIX', 'gnome-'), ('GNOME_TERMINAL_SCREEN', '/org/gnome/Terminal/screen/e36953dd_ef3d_41b7_9a9d_efc6319912f7'), ('XDG_RUNTIME_DIR', '/run/user/1000'), ('DISPLAY', ':0'), ('LANG', 'en_US.UTF-8'), ('XDG_CURRENT_DESKTOP', 'ubuntu:GNOME'), ('XMODIFIERS', '@im=ibus'), ('XDG_SESSION_DESKTOP', 'ubuntu'), ('XAUTHORITY', '/run/user/1000/gdm/Xauthority'), ('LS_COLORS', 'rs=0:di=01;34:ln=01;36:mh=00:pi=40;33:so=01;35:do=01;35:bd=40;33;01:cd=40;33;01:or=40;31;01:mi=00:su=37;41:sg=30;43:ca=30;41:tw=30;42:ow=34;42:st=37;44:ex=01;32:*.tar=01;31:*.tgz=01;31:*.arc=01;31:*.arj=01;31:*.taz=01;31:*.lha=01;31:*.lz4=01;31:*.lzh=01;31:*.lzma=01;31:*.tlz=01;31:*.txz=01;31:*.tzo=01;31:*.t7z=01;31:*.zip=01;31:*.z=01;31:*.dz=01;31:*.gz=01;31:*.lrz=01;31:*.lz=01;31:*.lzo=01;31:*.xz=01;31:*.zst=01;31:*.tzst=01;31:*.bz2=01;31:*.bz=01;31:*.tbz=01;31:*.tbz2=01;31:*.tz=01;31:*.deb=01;31:*.rpm=01;31:*.jar=01;31:*.war=01;31:*.ear=01;31:*.sar=01;31:*.rar=01;31:*.alz=01;31:*.ace=01;31:*.zoo=01;31:*.cpio=01;31:*.7z=01;31:*.rz=01;31:*.cab=01;31:*.wim=01;31:*.swm=01;31:*.dwm=01;31:*.esd=01;31:*.jpg=01;35:*.jpeg=01;35:*.mjpg=01;35:*.mjpeg=01;35:*.gif=01;35:*.bmp=01;35:*.pbm=01;35:*.pgm=01;35:*.ppm=01;35:*.tga=01;35:*.xbm=01;35:*.xpm=01;35:*.tif=01;35:*.tiff=01;35:*.png=01;35:*.svg=01;35:*.svgz=01;35:*.mng=01;35:*.pcx=01;35:*.mov=01;35:*.mpg=01;35:*.mpeg=01;35:*.m2v=01;35:*.mkv=01;35:*.webm=01;35:*.webp=01;35:*.ogm=01;35:*.mp4=01;35:*.m4v=01;35:*.mp4v=01;35:*.vob=01;35:*.qt=01;35:*.nuv=01;35:*.wmv=01;35:*.asf=01;35:*.rm=01;35:*.rmvb=01;35:*.flc=01;35:*.avi=01;35:*.fli=01;35:*.flv=01;35:*.gl=01;35:*.dl=01;35:*.xcf=01;35:*.xwd=01;35:*.yuv=01;35:*.cgm=01;35:*.emf=01;35:*.ogv=01;35:*.ogx=01;35:*.aac=00;36:*.au=00;36:*.flac=00;36:*.m4a=00;36:*.mid=00;36:*.midi=00;36:*.mka=00;36:*.mp3=00;36:*.mpc=00;36:*.ogg=00;36:*.ra=00;36:*.wav=00;36:*.oga=00;36:*.opus=00;36:*.spx=00;36:*.xspf=00;36:'), ('GNOME_TERMINAL_SERVICE', ':1.101'), ('SSH_AGENT_LAUNCHER', 'gnome-keyring'), ('SSH_AUTH_SOCK', '/run/user/1000/keyring/ssh'), ('AMENT_PREFIX_PATH', '/home/nautilus/NautilusSW/nautilus_ws/install/nautilus_sensors:/home/nautilus/NautilusSW/nautilus_ws/install/nautilus_mission:/home/nautilus/NautilusSW/nautilus_ws/install/nautilus_controls:/home/nautilus/NautilusSW/nautilus_ws/install/nautilus_bringup:/opt/ros/humble'), ('SHELL', '/bin/bash'), ('QT_ACCESSIBILITY', '1'), ('GDMSESSION', 'ubuntu'), ('LESSCLOSE', '/usr/bin/lesspipe %s %s'), ('GPG_AGENT_INFO', '/run/user/1000/gnupg/S.gpg-agent:0:1'), ('QT_IM_MODULE', 'ibus'), ('PWD', '/home/nautilus/NautilusSW/nautilus_ws/build/nautilus_bringup'), ('LC_ALL', 'en_US.UTF-8'), ('XDG_CONFIG_DIRS', '/etc/xdg/xdg-ubuntu:/etc/xdg'), ('XDG_DATA_DIRS', '/usr/share/ubuntu:/usr/share/gnome:/usr/local/share/:/usr/share/'), ('PYTHONPATH', '/home/nautilus/NautilusSW/nautilus_ws/install/nautilus_sensors/local/lib/python3.10/dist-packages:/home/nautilus/NautilusSW/nautilus_ws/install/nautilus_mission/local/lib/python3.10/dist-packages:/home/nautilus/NautilusSW/nautilus_ws/install/nautilus_controls/local/lib/python3.10/dist-packages:/home/nautilus/NautilusSW/nautilus_ws/install/nautilus_bringup/local/lib/python3.10/dist-packages:/opt/ros/humble/lib/python3.10/site-packages:/opt/ros/humble/local/lib/python3.10/dist-packages'), ('COLCON', '1'), ('VTE_VERSION', '6800'), ('CMAKE_PREFIX_PATH', '/home/nautilus/NautilusSW/nautilus_ws/install/nautilus_sensors:/home/nautilus/NautilusSW/nautilus_ws/install/nautilus_mission:/home/nautilus/NautilusSW/nautilus_ws/install/nautilus_controls:/home/nautilus/NautilusSW/nautilus_ws/install/nautilus_bringup:/opt/ros/humble')]), 'shell': False}
[0.849565] (nautilus_bringup) StdoutLine: {'line': b'-- Install configuration: ""\n'}
[0.851145] (nautilus_bringup) StdoutLine: {'line': b'-- Up-to-date: /home/nautilus/NautilusSW/nautilus_ws/install/nautilus_bringup/share/nautilus_bringup/launch\n'}
[0.851418] (nautilus_bringup) StdoutLine: {'line': b'-- Up-to-date: /home/nautilus/NautilusSW/nautilus_ws/install/nautilus_bringup/share/nautilus_bringup/launch/robots\n'}
[0.852050] (nautilus_bringup) StdoutLine: {'line': b'-- Up-to-date: /home/nautilus/NautilusSW/nautilus_ws/install/nautilus_bringup/share/nautilus_bringup/launch/robots/orca_auv.launch.py\n'}
[0.852670] (nautilus_bringup) StdoutLine: {'line': b'-- Up-to-date: /home/nautilus/NautilusSW/nautilus_ws/install/nautilus_bringup/share/nautilus_bringup/launch/robots/nautilus_auv.launch.py\n'}
[0.852912] (nautilus_bringup) StdoutLine: {'line': b'-- Up-to-date: /home/nautilus/NautilusSW/nautilus_ws/install/nautilus_bringup/share/nautilus_bringup/launch/orca.launch.py\n'}
[0.853104] (nautilus_bringup) StdoutLine: {'line': b'-- Up-to-date: /home/nautilus/NautilusSW/nautilus_ws/install/nautilus_bringup/share/nautilus_bringup/launch/orca_comp.launch.py\n'}
[0.853281] (nautilus_bringup) StdoutLine: {'line': b'-- Up-to-date: /home/nautilus/NautilusSW/nautilus_ws/install/nautilus_bringup/share/nautilus_bringup/launch/mavproxy_router.launch.py\n'}
[0.853464] (nautilus_bringup) StdoutLine: {'line': b'-- Up-to-date: /home/nautilus/NautilusSW/nautilus_ws/install/nautilus_bringup/share/nautilus_bringup/config\n'}
[0.853660] (nautilus_bringup) StdoutLine: {'line': b'-- Up-to-date: /home/nautilus/NautilusSW/nautilus_ws/install/nautilus_bringup/share/nautilus_bringup/config/nautilus_auv_bridge.yaml\n'}
[0.853845] (nautilus_bringup) StdoutLine: {'line': b'-- Up-to-date: /home/nautilus/NautilusSW/nautilus_ws/install/nautilus_bringup/share/nautilus_bringup/nautilus_auv\n'}
[0.854076] (nautilus_bringup) StdoutLine: {'line': b'-- Up-to-date: /home/nautilus/NautilusSW/nautilus_ws/install/nautilus_bringup/share/nautilus_bringup/nautilus_auv/BlueRov2.sdf\n'}
[0.854257] (nautilus_bringup) StdoutLine: {'line': b'-- Up-to-date: /home/nautilus/NautilusSW/nautilus_ws/install/nautilus_bringup/share/nautilus_bringup/nautilus_auv/BlueRov2.urdf\n'}
[0.854434] (nautilus_bringup) StdoutLine: {'line': b'-- Up-to-date: /home/nautilus/NautilusSW/nautilus_ws/install/nautilus_bringup/share/nautilus_bringup/nautilus_auv/BlueRov2.urdf.xacro\n'}
[0.854612] (nautilus_bringup) StdoutLine: {'line': b'-- Up-to-date: /home/nautilus/NautilusSW/nautilus_ws/install/nautilus_bringup/share/nautilus_bringup/nautilus_auv/Part\n'}
[0.854796] (nautilus_bringup) StdoutLine: {'line': b'-- Up-to-date: /home/nautilus/NautilusSW/nautilus_ws/install/nautilus_bringup/share/nautilus_bringup/nautilus_auv/Part/Thruster\n'}
[0.854961] (nautilus_bringup) StdoutLine: {'line': b'-- Up-to-date: /home/nautilus/NautilusSW/nautilus_ws/install/nautilus_bringup/share/nautilus_bringup/nautilus_auv/Part/Thruster/T200.urdf.xacro\n'}
[0.855117] (nautilus_bringup) StdoutLine: {'line': b'-- Up-to-date: /home/nautilus/NautilusSW/nautilus_ws/install/nautilus_bringup/share/nautilus_bringup/nautilus_auv/Part/Camera\n'}
[0.855308] (nautilus_bringup) StdoutLine: {'line': b'-- Up-to-date: /home/nautilus/NautilusSW/nautilus_ws/install/nautilus_bringup/share/nautilus_bringup/nautilus_auv/Part/Camera/Camera.urdf.xacro\n'}
[0.855429] (nautilus_bringup) StdoutLine: {'line': b'-- Up-to-date: /home/nautilus/NautilusSW/nautilus_ws/install/nautilus_bringup/share/nautilus_bringup/nautilus_auv/Part/Camera/CameraDepth.urdf.xacro\n'}
[0.855541] (nautilus_bringup) StdoutLine: {'line': b'-- Up-to-date: /home/nautilus/NautilusSW/nautilus_ws/install/nautilus_bringup/share/nautilus_bringup/nautilus_auv/Part/Camera/CameraMonoDepth.urdf.xacro\n'}
[0.855769] (nautilus_bringup) StdoutLine: {'line': b'-- Up-to-date: /home/nautilus/NautilusSW/nautilus_ws/install/nautilus_bringup/share/nautilus_bringup/nautilus_auv/Part/Camera/CameraStereo.urdf.xacro\n'}
[0.856025] (nautilus_bringup) StdoutLine: {'line': b'-- Up-to-date: /home/nautilus/NautilusSW/nautilus_ws/install/nautilus_bringup/share/nautilus_bringup/nautilus_auv/Part/DepthSensor\n'}
[0.856232] (nautilus_bringup) StdoutLine: {'line': b'-- Up-to-date: /home/nautilus/NautilusSW/nautilus_ws/install/nautilus_bringup/share/nautilus_bringup/nautilus_auv/Part/DepthSensor/DepthSensor.urdf.xacro\n'}
[0.856406] (nautilus_bringup) StdoutLine: {'line': b'-- Up-to-date: /home/nautilus/NautilusSW/nautilus_ws/install/nautilus_bringup/share/nautilus_bringup/nautilus_auv/Part/DVL\n'}
[0.856567] (nautilus_bringup) StdoutLine: {'line': b'-- Up-to-date: /home/nautilus/NautilusSW/nautilus_ws/install/nautilus_bringup/share/nautilus_bringup/nautilus_auv/Part/DVL/DVL.urdf.xacro\n'}
[0.856725] (nautilus_bringup) StdoutLine: {'line': b'-- Up-to-date: /home/nautilus/NautilusSW/nautilus_ws/install/nautilus_bringup/share/nautilus_bringup/nautilus_auv/Part/IMU\n'}
[0.856866] (nautilus_bringup) StdoutLine: {'line': b'-- Up-to-date: /home/nautilus/NautilusSW/nautilus_ws/install/nautilus_bringup/share/nautilus_bringup/nautilus_auv/Part/IMU/IMU.urdf.xacro\n'}
[0.856995] (nautilus_bringup) StdoutLine: {'line': b'-- Up-to-date: /home/nautilus/NautilusSW/nautilus_ws/install/nautilus_bringup/share/nautilus_bringup/nautilus_auv/Part/P3D\n'}
[0.857150] (nautilus_bringup) StdoutLine: {'line': b'-- Up-to-date: /home/nautilus/NautilusSW/nautilus_ws/install/nautilus_bringup/share/nautilus_bringup/nautilus_auv/Part/P3D/P3D.urdf.xacro\n'}
[0.857300] (nautilus_bringup) StdoutLine: {'line': b'-- Up-to-date: /home/nautilus/NautilusSW/nautilus_ws/install/nautilus_bringup/share/nautilus_bringup/worlds\n'}
[0.857412] (nautilus_bringup) StdoutLine: {'line': b'-- Up-to-date: /home/nautilus/NautilusSW/nautilus_ws/install/nautilus_bringup/share/nautilus_bringup/worlds/artisticHouse.world\n'}
[0.857518] (nautilus_bringup) StdoutLine: {'line': b'-- Up-to-date: /home/nautilus/NautilusSW/nautilus_ws/install/nautilus_bringup/share/nautilus_bringup/worlds/sand.world\n'}
[0.857643] (nautilus_bringup) StdoutLine: {'line': b'-- Up-to-date: /home/nautilus/NautilusSW/nautilus_ws/install/nautilus_bringup/share/nautilus_bringup/worlds/terrain.dae\n'}
[0.857750] (nautilus_bringup) StdoutLine: {'line': b'-- Up-to-date: /home/nautilus/NautilusSW/nautilus_ws/install/nautilus_bringup/share/nautilus_bringup/worlds/iris_runway.sdf\n'}
[0.857853] (nautilus_bringup) StdoutLine: {'line': b'-- Up-to-date: /home/nautilus/NautilusSW/nautilus_ws/install/nautilus_bringup/share/nautilus_bringup/worlds/terrain.sdf\n'}
[0.858125] (nautilus_bringup) StdoutLine: {'line': b'-- Up-to-date: /home/nautilus/NautilusSW/nautilus_ws/install/nautilus_bringup/share/nautilus_bringup/worlds/semi_final_pool.world\n'}
[0.858310] (nautilus_bringup) StdoutLine: {'line': b'-- Up-to-date: /home/nautilus/NautilusSW/nautilus_ws/install/nautilus_bringup/share/nautilus_bringup/worlds/inf_pool.world\n'}
[0.858458] (nautilus_bringup) StdoutLine: {'line': b'-- Up-to-date: /home/nautilus/NautilusSW/nautilus_ws/install/nautilus_bringup/share/nautilus_bringup/worlds/basic_comp_pool.world\n'}
[0.858587] (nautilus_bringup) StdoutLine: {'line': b'-- Up-to-date: /home/nautilus/NautilusSW/nautilus_ws/install/nautilus_bringup/share/nautilus_bringup/worlds/wildthumper_playpen.sdf\n'}
[0.858695] (nautilus_bringup) StdoutLine: {'line': b'-- Up-to-date: /home/nautilus/NautilusSW/nautilus_ws/install/nautilus_bringup/share/nautilus_bringup/worlds/underwater.world\n'}
[0.858834] (nautilus_bringup) StdoutLine: {'line': b'-- Up-to-date: /home/nautilus/NautilusSW/nautilus_ws/install/nautilus_bringup/share/nautilus_bringup/worlds/iris_maze.sdf\n'}
[0.858997] (nautilus_bringup) StdoutLine: {'line': b'-- Up-to-date: /home/nautilus/NautilusSW/nautilus_ws/install/nautilus_bringup/share/nautilus_bringup/worlds/pool_corner.world\n'}
[0.859107] (nautilus_bringup) StdoutLine: {'line': b'-- Up-to-date: /home/nautilus/NautilusSW/nautilus_ws/install/nautilus_bringup/share/nautilus_bringup/models\n'}
[0.859213] (nautilus_bringup) StdoutLine: {'line': b'-- Up-to-date: /home/nautilus/NautilusSW/nautilus_ws/install/nautilus_bringup/share/nautilus_bringup/models/sand_heightmap\n'}
[0.859341] (nautilus_bringup) StdoutLine: {'line': b'-- Up-to-date: /home/nautilus/NautilusSW/nautilus_ws/install/nautilus_bringup/share/nautilus_bringup/models/sand_heightmap/meshes\n'}
[0.859442] (nautilus_bringup) StdoutLine: {'line': b'-- Up-to-date: /home/nautilus/NautilusSW/nautilus_ws/install/nautilus_bringup/share/nautilus_bringup/models/sand_heightmap/meshes/sandseabed.dae\n'}
[0.859544] (nautilus_bringup) StdoutLine: {'line': b'-- Up-to-date: /home/nautilus/NautilusSW/nautilus_ws/install/nautilus_bringup/share/nautilus_bringup/models/sand_heightmap/meshes/License and source for textures.txt\n'}
[0.859646] (nautilus_bringup) StdoutLine: {'line': b'-- Up-to-date: /home/nautilus/NautilusSW/nautilus_ws/install/nautilus_bringup/share/nautilus_bringup/models/sand_heightmap/meshes/soil_sand_0045_01.jpg\n'}
[0.859749] (nautilus_bringup) StdoutLine: {'line': b'-- Up-to-date: /home/nautilus/NautilusSW/nautilus_ws/install/nautilus_bringup/share/nautilus_bringup/models/sand_heightmap/meshes/heightmap.dae\n'}
[0.859894] (nautilus_bringup) StdoutLine: {'line': b'-- Up-to-date: /home/nautilus/NautilusSW/nautilus_ws/install/nautilus_bringup/share/nautilus_bringup/models/sand_heightmap/model.sdf\n'}
[0.860022] (nautilus_bringup) StdoutLine: {'line': b'-- Up-to-date: /home/nautilus/NautilusSW/nautilus_ws/install/nautilus_bringup/share/nautilus_bringup/models/sand_heightmap/materials\n'}
[0.860126] (nautilus_bringup) StdoutLine: {'line': b'-- Up-to-date: /home/nautilus/NautilusSW/nautilus_ws/install/nautilus_bringup/share/nautilus_bringup/models/sand_heightmap/materials/flat_normal.png\n'}
[0.860228] (nautilus_bringup) StdoutLine: {'line': b'-- Up-to-date: /home/nautilus/NautilusSW/nautilus_ws/install/nautilus_bringup/share/nautilus_bringup/models/sand_heightmap/materials/soil_sand_0045_01.jpg\n'}
[0.860373] (nautilus_bringup) StdoutLine: {'line': b'-- Up-to-date: /home/nautilus/NautilusSW/nautilus_ws/install/nautilus_bringup/share/nautilus_bringup/models/sand_heightmap/model.config\n'}
[0.860492] (nautilus_bringup) StdoutLine: {'line': b'-- Up-to-date: /home/nautilus/NautilusSW/nautilus_ws/install/nautilus_bringup/share/nautilus_bringup/models/robosub_buoy\n'}
[0.860597] (nautilus_bringup) StdoutLine: {'line': b'-- Up-to-date: /home/nautilus/NautilusSW/nautilus_ws/install/nautilus_bringup/share/nautilus_bringup/models/robosub_buoy/meshes\n'}
[0.860699] (nautilus_bringup) StdoutLine: {'line': b'-- Up-to-date: /home/nautilus/NautilusSW/nautilus_ws/install/nautilus_bringup/share/nautilus_bringup/models/robosub_buoy/meshes/buoy.dae\n'}
[0.860799] (nautilus_bringup) StdoutLine: {'line': b'-- Up-to-date: /home/nautilus/NautilusSW/nautilus_ws/install/nautilus_bringup/share/nautilus_bringup/models/robosub_buoy/model.sdf\n'}
[0.860900] (nautilus_bringup) StdoutLine: {'line': b'-- Up-to-date: /home/nautilus/NautilusSW/nautilus_ws/install/nautilus_bringup/share/nautilus_bringup/models/robosub_buoy/model.config\n'}
[0.861024] (nautilus_bringup) StdoutLine: {'line': b'-- Up-to-date: /home/nautilus/NautilusSW/nautilus_ws/install/nautilus_bringup/share/nautilus_bringup/models/robosub_torpedo\n'}
[0.861129] (nautilus_bringup) StdoutLine: {'line': b'-- Up-to-date: /home/nautilus/NautilusSW/nautilus_ws/install/nautilus_bringup/share/nautilus_bringup/models/robosub_torpedo/meshes\n'}
[0.861229] (nautilus_bringup) StdoutLine: {'line': b'-- Up-to-date: /home/nautilus/NautilusSW/nautilus_ws/install/nautilus_bringup/share/nautilus_bringup/models/robosub_torpedo/meshes/torpedo.dae\n'}
[0.861327] (nautilus_bringup) StdoutLine: {'line': b'-- Up-to-date: /home/nautilus/NautilusSW/nautilus_ws/install/nautilus_bringup/share/nautilus_bringup/models/robosub_torpedo/model.sdf\n'}
[0.861426] (nautilus_bringup) StdoutLine: {'line': b'-- Up-to-date: /home/nautilus/NautilusSW/nautilus_ws/install/nautilus_bringup/share/nautilus_bringup/models/robosub_torpedo/materials\n'}
[0.861526] (nautilus_bringup) StdoutLine: {'line': b'-- Up-to-date: /home/nautilus/NautilusSW/nautilus_ws/install/nautilus_bringup/share/nautilus_bringup/models/robosub_torpedo/materials/textures\n'}
[0.861628] (nautilus_bringup) StdoutLine: {'line': b'-- Up-to-date: /home/nautilus/NautilusSW/nautilus_ws/install/nautilus_bringup/share/nautilus_bringup/models/robosub_torpedo/materials/textures/torpedo_map.png\n'}
[0.861729] (nautilus_bringup) StdoutLine: {'line': b'-- Up-to-date: /home/nautilus/NautilusSW/nautilus_ws/install/nautilus_bringup/share/nautilus_bringup/models/robosub_torpedo/torpedo.sdf\n'}
[0.861831] (nautilus_bringup) StdoutLine: {'line': b'-- Up-to-date: /home/nautilus/NautilusSW/nautilus_ws/install/nautilus_bringup/share/nautilus_bringup/models/robosub_torpedo/model.config\n'}
[0.861931] (nautilus_bringup) StdoutLine: {'line': b'-- Up-to-date: /home/nautilus/NautilusSW/nautilus_ws/install/nautilus_bringup/share/nautilus_bringup/models/bluerov2_heavy\n'}
[0.862272] (nautilus_bringup) StdoutLine: {'line': b'-- Up-to-date: /home/nautilus/NautilusSW/nautilus_ws/install/nautilus_bringup/share/nautilus_bringup/models/bluerov2_heavy/meshes\n'}
[0.862387] (nautilus_bringup) StdoutLine: {'line': b'-- Up-to-date: /home/nautilus/NautilusSW/nautilus_ws/install/nautilus_bringup/share/nautilus_bringup/models/bluerov2_heavy/meshes/bluerov2_heavy.dae\n'}
[0.862520] (nautilus_bringup) StdoutLine: {'line': b'-- Up-to-date: /home/nautilus/NautilusSW/nautilus_ws/install/nautilus_bringup/share/nautilus_bringup/models/bluerov2_heavy/meshes/t200_cw_prop.dae\n'}
[0.862631] (nautilus_bringup) StdoutLine: {'line': b'-- Up-to-date: /home/nautilus/NautilusSW/nautilus_ws/install/nautilus_bringup/share/nautilus_bringup/models/bluerov2_heavy/meshes/t200_ccw_prop.dae\n'}
[0.862737] (nautilus_bringup) StdoutLine: {'line': b'-- Up-to-date: /home/nautilus/NautilusSW/nautilus_ws/install/nautilus_bringup/share/nautilus_bringup/models/bluerov2_heavy/model.sdf\n'}
[0.862858] (nautilus_bringup) StdoutLine: {'line': b'-- Up-to-date: /home/nautilus/NautilusSW/nautilus_ws/install/nautilus_bringup/share/nautilus_bringup/models/bluerov2_heavy/model.sdf.in\n'}
[0.863105] (nautilus_bringup) StdoutLine: {'line': b'-- Up-to-date: /home/nautilus/NautilusSW/nautilus_ws/install/nautilus_bringup/share/nautilus_bringup/models/bluerov2_heavy/configs.yaml\n'}
[0.863219] (nautilus_bringup) StdoutLine: {'line': b'-- Up-to-date: /home/nautilus/NautilusSW/nautilus_ws/install/nautilus_bringup/share/nautilus_bringup/models/bluerov2_heavy/model.config\n'}
[0.863328] (nautilus_bringup) StdoutLine: {'line': b'-- Up-to-date: /home/nautilus/NautilusSW/nautilus_ws/install/nautilus_bringup/share/nautilus_bringup/models/bluerov2_heavy/BlueROV2Heavy.md\n'}
[0.863456] (nautilus_bringup) StdoutLine: {'line': b'-- Up-to-date: /home/nautilus/NautilusSW/nautilus_ws/install/nautilus_bringup/share/nautilus_bringup/models/robosub_octagon\n'}
[0.863569] (nautilus_bringup) StdoutLine: {'line': b'-- Up-to-date: /home/nautilus/NautilusSW/nautilus_ws/install/nautilus_bringup/share/nautilus_bringup/models/robosub_octagon/meshes\n'}
[0.863679] (nautilus_bringup) StdoutLine: {'line': b'-- Up-to-date: /home/nautilus/NautilusSW/nautilus_ws/install/nautilus_bringup/share/nautilus_bringup/models/robosub_octagon/meshes/octagon.dae\n'}
[0.863787] (nautilus_bringup) StdoutLine: {'line': b'-- Up-to-date: /home/nautilus/NautilusSW/nautilus_ws/install/nautilus_bringup/share/nautilus_bringup/models/robosub_octagon/model.sdf\n'}
[0.863951] (nautilus_bringup) StdoutLine: {'line': b'-- Up-to-date: /home/nautilus/NautilusSW/nautilus_ws/install/nautilus_bringup/share/nautilus_bringup/models/robosub_octagon/model.config\n'}
[0.864066] (nautilus_bringup) StdoutLine: {'line': b'-- Up-to-date: /home/nautilus/NautilusSW/nautilus_ws/install/nautilus_bringup/share/nautilus_bringup/models/bluerov2_ping\n'}
[0.864172] (nautilus_bringup) StdoutLine: {'line': b'-- Up-to-date: /home/nautilus/NautilusSW/nautilus_ws/install/nautilus_bringup/share/nautilus_bringup/models/bluerov2_ping/model.sdf\n'}
[0.864278] (nautilus_bringup) StdoutLine: {'line': b'-- Up-to-date: /home/nautilus/NautilusSW/nautilus_ws/install/nautilus_bringup/share/nautilus_bringup/models/bluerov2_ping/model.sdf.in\n'}
[0.864383] (nautilus_bringup) StdoutLine: {'line': b'-- Up-to-date: /home/nautilus/NautilusSW/nautilus_ws/install/nautilus_bringup/share/nautilus_bringup/models/bluerov2_ping/configs.yaml\n'}
[0.864492] (nautilus_bringup) StdoutLine: {'line': b'-- Up-to-date: /home/nautilus/NautilusSW/nautilus_ws/install/nautilus_bringup/share/nautilus_bringup/models/bluerov2_ping/model.config\n'}
[0.864606] (nautilus_bringup) StdoutLine: {'line': b'-- Up-to-date: /home/nautilus/NautilusSW/nautilus_ws/install/nautilus_bringup/share/nautilus_bringup/models/bluerov2_ping/BlueROV2Ping.md\n'}
[0.865503] (nautilus_bringup) StdoutLine: {'line': b'-- Up-to-date: /home/nautilus/NautilusSW/nautilus_ws/install/nautilus_bringup/share/nautilus_bringup/models/robosub_path\n'}
[0.865798] (nautilus_bringup) StdoutLine: {'line': b'-- Up-to-date: /home/nautilus/NautilusSW/nautilus_ws/install/nautilus_bringup/share/nautilus_bringup/models/robosub_path/meshes\n'}
[0.865932] (nautilus_bringup) StdoutLine: {'line': b'-- Up-to-date: /home/nautilus/NautilusSW/nautilus_ws/install/nautilus_bringup/share/nautilus_bringup/models/robosub_path/meshes/path.dae\n'}
[0.866044] (nautilus_bringup) StdoutLine: {'line': b'-- Up-to-date: /home/nautilus/NautilusSW/nautilus_ws/install/nautilus_bringup/share/nautilus_bringup/models/robosub_path/model.sdf\n'}
[0.866151] (nautilus_bringup) StdoutLine: {'line': b'-- Up-to-date: /home/nautilus/NautilusSW/nautilus_ws/install/nautilus_bringup/share/nautilus_bringup/models/robosub_path/model.config\n'}
[0.866261] (nautilus_bringup) StdoutLine: {'line': b'-- Up-to-date: /home/nautilus/NautilusSW/nautilus_ws/install/nautilus_bringup/share/nautilus_bringup/models/robosub_bin\n'}
[0.866371] (nautilus_bringup) StdoutLine: {'line': b'-- Up-to-date: /home/nautilus/NautilusSW/nautilus_ws/install/nautilus_bringup/share/nautilus_bringup/models/robosub_bin/meshes\n'}
[0.866524] (nautilus_bringup) StdoutLine: {'line': b'-- Up-to-date: /home/nautilus/NautilusSW/nautilus_ws/install/nautilus_bringup/share/nautilus_bringup/models/robosub_bin/meshes/bin.dae\n'}
[0.866644] (nautilus_bringup) StdoutLine: {'line': b'-- Up-to-date: /home/nautilus/NautilusSW/nautilus_ws/install/nautilus_bringup/share/nautilus_bringup/models/robosub_bin/model.sdf\n'}
[0.866746] (nautilus_bringup) StdoutLine: {'line': b'-- Up-to-date: /home/nautilus/NautilusSW/nautilus_ws/install/nautilus_bringup/share/nautilus_bringup/models/robosub_bin/materials\n'}
[0.866847] (nautilus_bringup) StdoutLine: {'line': b'-- Up-to-date: /home/nautilus/NautilusSW/nautilus_ws/install/nautilus_bringup/share/nautilus_bringup/models/robosub_bin/materials/textures\n'}
[0.866948] (nautilus_bringup) StdoutLine: {'line': b'-- Up-to-date: /home/nautilus/NautilusSW/nautilus_ws/install/nautilus_bringup/share/nautilus_bringup/models/robosub_bin/materials/textures/DropBRUVS.png\n'}
[0.867067] (nautilus_bringup) StdoutLine: {'line': b'-- Up-to-date: /home/nautilus/NautilusSW/nautilus_ws/install/nautilus_bringup/share/nautilus_bringup/models/robosub_bin/model.config\n'}
[0.867173] (nautilus_bringup) StdoutLine: {'line': b'-- Up-to-date: /home/nautilus/NautilusSW/nautilus_ws/install/nautilus_bringup/share/nautilus_bringup/models/robosub_bin/ball.sdf\n'}
[0.867272] (nautilus_bringup) StdoutLine: {'line': b'-- Up-to-date: /home/nautilus/NautilusSW/nautilus_ws/install/nautilus_bringup/share/nautilus_bringup/models/pool\n'}
[0.867373] (nautilus_bringup) StdoutLine: {'line': b'-- Up-to-date: /home/nautilus/NautilusSW/nautilus_ws/install/nautilus_bringup/share/nautilus_bringup/models/pool/meshes\n'}
[0.867477] (nautilus_bringup) StdoutLine: {'line': b'-- Up-to-date: /home/nautilus/NautilusSW/nautilus_ws/install/nautilus_bringup/share/nautilus_bringup/models/pool/meshes/pool.dae\n'}
[0.867577] (nautilus_bringup) StdoutLine: {'line': b'-- Up-to-date: /home/nautilus/NautilusSW/nautilus_ws/install/nautilus_bringup/share/nautilus_bringup/models/pool/model.sdf\n'}
[0.867699] (nautilus_bringup) StdoutLine: {'line': b'-- Up-to-date: /home/nautilus/NautilusSW/nautilus_ws/install/nautilus_bringup/share/nautilus_bringup/models/pool/materials\n'}
[0.868083] (nautilus_bringup) StdoutLine: {'line': b'-- Up-to-date: /home/nautilus/NautilusSW/nautilus_ws/install/nautilus_bringup/share/nautilus_bringup/models/pool/materials/textures\n'}
[0.868239] (nautilus_bringup) StdoutLine: {'line': b'-- Up-to-date: /home/nautilus/NautilusSW/nautilus_ws/install/nautilus_bringup/share/nautilus_bringup/models/pool/materials/textures/pool_material.jpg\n'}
[0.868367] (nautilus_bringup) StdoutLine: {'line': b'-- Up-to-date: /home/nautilus/NautilusSW/nautilus_ws/install/nautilus_bringup/share/nautilus_bringup/models/pool/model.config\n'}
[0.868715] (nautilus_bringup) StdoutLine: {'line': b'-- Up-to-date: /home/nautilus/NautilusSW/nautilus_ws/install/nautilus_bringup/share/nautilus_bringup/models/teknofest\n'}
[0.868842] (nautilus_bringup) StdoutLine: {'line': b'-- Up-to-date: /home/nautilus/NautilusSW/nautilus_ws/install/nautilus_bringup/share/nautilus_bringup/models/teknofest/pipeline.sdf\n'}
[0.868993] (nautilus_bringup) StdoutLine: {'line': b'-- Up-to-date: /home/nautilus/NautilusSW/nautilus_ws/install/nautilus_bringup/share/nautilus_bringup/models/teknofest/model.config\n'}
[0.869114] (nautilus_bringup) StdoutLine: {'line': b'-- Up-to-date: /home/nautilus/NautilusSW/nautilus_ws/install/nautilus_bringup/share/nautilus_bringup/models/axes\n'}
[0.869230] (nautilus_bringup) StdoutLine: {'line': b'-- Up-to-date: /home/nautilus/NautilusSW/nautilus_ws/install/nautilus_bringup/share/nautilus_bringup/models/axes/model.sdf\n'}
[0.869346] (nautilus_bringup) StdoutLine: {'line': b'-- Up-to-date: /home/nautilus/NautilusSW/nautilus_ws/install/nautilus_bringup/share/nautilus_bringup/models/axes/model.config\n'}
[0.869464] (nautilus_bringup) StdoutLine: {'line': b'-- Up-to-date: /home/nautilus/NautilusSW/nautilus_ws/install/nautilus_bringup/share/nautilus_bringup/models/robosub_gate\n'}
[0.869607] (nautilus_bringup) StdoutLine: {'line': b'-- Up-to-date: /home/nautilus/NautilusSW/nautilus_ws/install/nautilus_bringup/share/nautilus_bringup/models/robosub_gate/meshes\n'}
[0.869724] (nautilus_bringup) StdoutLine: {'line': b'-- Up-to-date: /home/nautilus/NautilusSW/nautilus_ws/install/nautilus_bringup/share/nautilus_bringup/models/robosub_gate/meshes/gate.dae\n'}
[0.869840] (nautilus_bringup) StdoutLine: {'line': b'-- Up-to-date: /home/nautilus/NautilusSW/nautilus_ws/install/nautilus_bringup/share/nautilus_bringup/models/robosub_gate/model.sdf\n'}
[0.869982] (nautilus_bringup) StdoutLine: {'line': b'-- Up-to-date: /home/nautilus/NautilusSW/nautilus_ws/install/nautilus_bringup/share/nautilus_bringup/models/robosub_gate/materials\n'}
[0.870098] (nautilus_bringup) StdoutLine: {'line': b'-- Up-to-date: /home/nautilus/NautilusSW/nautilus_ws/install/nautilus_bringup/share/nautilus_bringup/models/robosub_gate/materials/textures\n'}
[0.870215] (nautilus_bringup) StdoutLine: {'line': b'-- Up-to-date: /home/nautilus/NautilusSW/nautilus_ws/install/nautilus_bringup/share/nautilus_bringup/models/robosub_gate/materials/textures/reefshark.png\n'}
[0.870331] (nautilus_bringup) StdoutLine: {'line': b'-- Up-to-date: /home/nautilus/NautilusSW/nautilus_ws/install/nautilus_bringup/share/nautilus_bringup/models/robosub_gate/materials/textures/sawfish.png\n'}
[0.870446] (nautilus_bringup) StdoutLine: {'line': b'-- Up-to-date: /home/nautilus/NautilusSW/nautilus_ws/install/nautilus_bringup/share/nautilus_bringup/models/robosub_gate/model.config\n'}
[0.870559] (nautilus_bringup) StdoutLine: {'line': b'-- Up-to-date: /home/nautilus/NautilusSW/nautilus_ws/install/nautilus_bringup/share/nautilus_bringup/models/robosub_slalom\n'}
[0.870674] (nautilus_bringup) StdoutLine: {'line': b'-- Up-to-date: /home/nautilus/NautilusSW/nautilus_ws/install/nautilus_bringup/share/nautilus_bringup/models/robosub_slalom/model.sdf\n'}
[0.870787] (nautilus_bringup) StdoutLine: {'line': b'-- Up-to-date: /home/nautilus/NautilusSW/nautilus_ws/install/nautilus_bringup/share/nautilus_bringup/models/robosub_slalom/model.config\n'}
[0.871205] (nautilus_bringup) StdoutLine: {'line': b'-- Up-to-date: /home/nautilus/NautilusSW/nautilus_ws/install/nautilus_bringup/share/nautilus_bringup/models/bluerov2\n'}
[0.871337] (nautilus_bringup) StdoutLine: {'line': b'-- Up-to-date: /home/nautilus/NautilusSW/nautilus_ws/install/nautilus_bringup/share/nautilus_bringup/models/bluerov2/meshes\n'}
[0.871461] (nautilus_bringup) StdoutLine: {'line': b'-- Up-to-date: /home/nautilus/NautilusSW/nautilus_ws/install/nautilus_bringup/share/nautilus_bringup/models/bluerov2/meshes/t200_cw_prop.dae\n'}
[0.871584] (nautilus_bringup) StdoutLine: {'line': b'-- Up-to-date: /home/nautilus/NautilusSW/nautilus_ws/install/nautilus_bringup/share/nautilus_bringup/models/bluerov2/meshes/bluerov2.dae\n'}
[0.871708] (nautilus_bringup) StdoutLine: {'line': b'-- Up-to-date: /home/nautilus/NautilusSW/nautilus_ws/install/nautilus_bringup/share/nautilus_bringup/models/bluerov2/meshes/t200_ccw_prop.dae\n'}
[0.871861] (nautilus_bringup) StdoutLine: {'line': b'-- Up-to-date: /home/nautilus/NautilusSW/nautilus_ws/install/nautilus_bringup/share/nautilus_bringup/models/bluerov2/model.sdf\n'}
[0.871991] (nautilus_bringup) StdoutLine: {'line': b'-- Up-to-date: /home/nautilus/NautilusSW/nautilus_ws/install/nautilus_bringup/share/nautilus_bringup/models/bluerov2/model.sdf.in\n'}
[0.872112] (nautilus_bringup) StdoutLine: {'line': b'-- Up-to-date: /home/nautilus/NautilusSW/nautilus_ws/install/nautilus_bringup/share/nautilus_bringup/models/bluerov2/BlueROV2.md\n'}
[0.872255] (nautilus_bringup) StdoutLine: {'line': b'-- Up-to-date: /home/nautilus/NautilusSW/nautilus_ws/install/nautilus_bringup/share/nautilus_bringup/models/bluerov2/configs.yaml\n'}
[0.872385] (nautilus_bringup) StdoutLine: {'line': b'-- Up-to-date: /home/nautilus/NautilusSW/nautilus_ws/install/nautilus_bringup/share/nautilus_bringup/models/bluerov2/model.config\n'}
[0.872509] (nautilus_bringup) StdoutLine: {'line': b'-- Up-to-date: /home/nautilus/NautilusSW/nautilus_ws/install/nautilus_bringup/share/nautilus_bringup/models/robosub_octagon_animals\n'}
[0.872651] (nautilus_bringup) StdoutLine: {'line': b'-- Up-to-date: /home/nautilus/NautilusSW/nautilus_ws/install/nautilus_bringup/share/nautilus_bringup/models/robosub_octagon_animals/model.sdf\n'}
[0.872775] (nautilus_bringup) StdoutLine: {'line': b'-- Up-to-date: /home/nautilus/NautilusSW/nautilus_ws/install/nautilus_bringup/share/nautilus_bringup/models/robosub_octagon_animals/materials\n'}
[0.872898] (nautilus_bringup) StdoutLine: {'line': b'-- Up-to-date: /home/nautilus/NautilusSW/nautilus_ws/install/nautilus_bringup/share/nautilus_bringup/models/robosub_octagon_animals/materials/textures\n'}
[0.873021] (nautilus_bringup) StdoutLine: {'line': b'-- Up-to-date: /home/nautilus/NautilusSW/nautilus_ws/install/nautilus_bringup/share/nautilus_bringup/models/robosub_octagon_animals/materials/textures/reefshark.png\n'}
[0.873146] (nautilus_bringup) StdoutLine: {'line': b'-- Up-to-date: /home/nautilus/NautilusSW/nautilus_ws/install/nautilus_bringup/share/nautilus_bringup/models/robosub_octagon_animals/materials/textures/sawfish.png\n'}
[0.873267] (nautilus_bringup) StdoutLine: {'line': b'-- Up-to-date: /home/nautilus/NautilusSW/nautilus_ws/install/nautilus_bringup/share/nautilus_bringup/models/robosub_octagon_animals/materials/scripts\n'}
[0.873389] (nautilus_bringup) StdoutLine: {'line': b'-- Up-to-date: /home/nautilus/NautilusSW/nautilus_ws/install/nautilus_bringup/share/nautilus_bringup/models/robosub_octagon_animals/materials/scripts/billboard.material\n'}
[0.873510] (nautilus_bringup) StdoutLine: {'line': b'-- Up-to-date: /home/nautilus/NautilusSW/nautilus_ws/install/nautilus_bringup/share/nautilus_bringup/models/robosub_octagon_animals/model.config\n'}
[0.873630] (nautilus_bringup) StdoutLine: {'line': b'-- Up-to-date: /home/nautilus/NautilusSW/nautilus_ws/install/nautilus_bringup/share/nautilus_bringup/environment/pythonpath.sh\n'}
[0.873750] (nautilus_bringup) StdoutLine: {'line': b'-- Up-to-date: /home/nautilus/NautilusSW/nautilus_ws/install/nautilus_bringup/share/nautilus_bringup/environment/pythonpath.dsv\n'}
[0.873871] (nautilus_bringup) StdoutLine: {'line': b'-- Up-to-date: /home/nautilus/NautilusSW/nautilus_ws/install/nautilus_bringup/local/lib/python3.10/dist-packages/nautilus_bringup-0.0.0-py3.10.egg-info\n'}
[0.874019] (nautilus_bringup) StdoutLine: {'line': b'-- Installing: /home/nautilus/NautilusSW/nautilus_ws/install/nautilus_bringup/local/lib/python3.10/dist-packages/nautilus_bringup-0.0.0-py3.10.egg-info/SOURCES.txt\n'}
[0.874142] (nautilus_bringup) StdoutLine: {'line': b'-- Installing: /home/nautilus/NautilusSW/nautilus_ws/install/nautilus_bringup/local/lib/python3.10/dist-packages/nautilus_bringup-0.0.0-py3.10.egg-info/PKG-INFO\n'}
[0.874264] (nautilus_bringup) StdoutLine: {'line': b'-- Installing: /home/nautilus/NautilusSW/nautilus_ws/install/nautilus_bringup/local/lib/python3.10/dist-packages/nautilus_bringup-0.0.0-py3.10.egg-info/dependency_links.txt\n'}
[0.874386] (nautilus_bringup) StdoutLine: {'line': b'-- Installing: /home/nautilus/NautilusSW/nautilus_ws/install/nautilus_bringup/local/lib/python3.10/dist-packages/nautilus_bringup-0.0.0-py3.10.egg-info/top_level.txt\n'}
[0.874508] (nautilus_bringup) StdoutLine: {'line': b'-- Up-to-date: /home/nautilus/NautilusSW/nautilus_ws/install/nautilus_bringup/local/lib/python3.10/dist-packages/nautilus_bringup\n'}
[0.874628] (nautilus_bringup) StdoutLine: {'line': b'-- Up-to-date: /home/nautilus/NautilusSW/nautilus_ws/install/nautilus_bringup/local/lib/python3.10/dist-packages/nautilus_bringup/RobotState.py\n'}
[0.874749] (nautilus_bringup) StdoutLine: {'line': b'-- Up-to-date: /home/nautilus/NautilusSW/nautilus_ws/install/nautilus_bringup/local/lib/python3.10/dist-packages/nautilus_bringup/ObjectID.py\n'}
[0.874870] (nautilus_bringup) StdoutLine: {'line': b'-- Up-to-date: /home/nautilus/NautilusSW/nautilus_ws/install/nautilus_bringup/local/lib/python3.10/dist-packages/nautilus_bringup/__init__.py\n'}
[0.874994] (nautilus_controls) StdoutLine: {'line': b'Built target ament_cmake_python_build_nautilus_controls_egg\n'}
[0.890550] (nautilus_controls) CommandEnded: {'returncode': 0}
[0.893314] (nautilus_controls) JobProgress: {'identifier': 'nautilus_controls', 'progress': 'install'}
[0.893883] (nautilus_controls) Command: {'cmd': ['/usr/bin/cmake', '--install', '/home/nautilus/NautilusSW/nautilus_ws/build/nautilus_controls'], 'cwd': '/home/nautilus/NautilusSW/nautilus_ws/build/nautilus_controls', 'env': OrderedDict([('LESSOPEN', '| /usr/bin/lesspipe %s'), ('USER', 'nautilus'), ('XDG_SESSION_TYPE', 'x11'), ('SHLVL', '1'), ('LD_LIBRARY_PATH', '/opt/ros/humble/opt/rviz_ogre_vendor/lib:/opt/ros/humble/lib/aarch64-linux-gnu:/opt/ros/humble/lib'), ('HOME', '/home/nautilus'), ('DESKTOP_SESSION', 'ubuntu'), ('ROS_PYTHON_VERSION', '3'), ('GNOME_SHELL_SESSION_MODE', 'ubuntu'), ('GTK_MODULES', 'gail:atk-bridge'), ('SYSTEMD_EXEC_PID', '4133'), ('DBUS_SESSION_BUS_ADDRESS', 'unix:path=/run/user/1000/bus'), ('COLORTERM', 'truecolor'), ('IM_CONFIG_PHASE', '1'), ('COLCON_PREFIX_PATH', '/home/nautilus/NautilusSW/nautilus_ws/install'), ('ROS_DISTRO', 'humble'), ('GTK_IM_MODULE', 'ibus'), ('LOGNAME', 'nautilus'), ('_', '/usr/bin/colcon'), ('ROS_VERSION', '2'), ('XDG_SESSION_CLASS', 'user'), ('USERNAME', 'nautilus'), ('TERM', 'xterm-256color'), ('GNOME_DESKTOP_SESSION_ID', 'this-is-deprecated'), ('ROS_LOCALHOST_ONLY', '0'), ('WINDOWPATH', '2'), ('PATH', '/opt/ros/humble/bin:/home/nautilus/.local/bin:/home/nautilus/.local/bin:/usr/local/sbin:/usr/local/bin:/usr/sbin:/usr/bin:/sbin:/bin:/usr/games:/usr/local/games:/snap/bin:/home/nautilus/.local/bin'), ('SESSION_MANAGER', 'local/nautilus-desktop:@/tmp/.ICE-unix/1772,unix/nautilus-desktop:/tmp/.ICE-unix/1772'), ('XDG_MENU_PREFIX', 'gnome-'), ('GNOME_TERMINAL_SCREEN', '/org/gnome/Terminal/screen/e36953dd_ef3d_41b7_9a9d_efc6319912f7'), ('XDG_RUNTIME_DIR', '/run/user/1000'), ('DISPLAY', ':0'), ('LANG', 'en_US.UTF-8'), ('XDG_CURRENT_DESKTOP', 'ubuntu:GNOME'), ('XMODIFIERS', '@im=ibus'), ('XDG_SESSION_DESKTOP', 'ubuntu'), ('XAUTHORITY', '/run/user/1000/gdm/Xauthority'), ('LS_COLORS', 'rs=0:di=01;34:ln=01;36:mh=00:pi=40;33:so=01;35:do=01;35:bd=40;33;01:cd=40;33;01:or=40;31;01:mi=00:su=37;41:sg=30;43:ca=30;41:tw=30;42:ow=34;42:st=37;44:ex=01;32:*.tar=01;31:*.tgz=01;31:*.arc=01;31:*.arj=01;31:*.taz=01;31:*.lha=01;31:*.lz4=01;31:*.lzh=01;31:*.lzma=01;31:*.tlz=01;31:*.txz=01;31:*.tzo=01;31:*.t7z=01;31:*.zip=01;31:*.z=01;31:*.dz=01;31:*.gz=01;31:*.lrz=01;31:*.lz=01;31:*.lzo=01;31:*.xz=01;31:*.zst=01;31:*.tzst=01;31:*.bz2=01;31:*.bz=01;31:*.tbz=01;31:*.tbz2=01;31:*.tz=01;31:*.deb=01;31:*.rpm=01;31:*.jar=01;31:*.war=01;31:*.ear=01;31:*.sar=01;31:*.rar=01;31:*.alz=01;31:*.ace=01;31:*.zoo=01;31:*.cpio=01;31:*.7z=01;31:*.rz=01;31:*.cab=01;31:*.wim=01;31:*.swm=01;31:*.dwm=01;31:*.esd=01;31:*.jpg=01;35:*.jpeg=01;35:*.mjpg=01;35:*.mjpeg=01;35:*.gif=01;35:*.bmp=01;35:*.pbm=01;35:*.pgm=01;35:*.ppm=01;35:*.tga=01;35:*.xbm=01;35:*.xpm=01;35:*.tif=01;35:*.tiff=01;35:*.png=01;35:*.svg=01;35:*.svgz=01;35:*.mng=01;35:*.pcx=01;35:*.mov=01;35:*.mpg=01;35:*.mpeg=01;35:*.m2v=01;35:*.mkv=01;35:*.webm=01;35:*.webp=01;35:*.ogm=01;35:*.mp4=01;35:*.m4v=01;35:*.mp4v=01;35:*.vob=01;35:*.qt=01;35:*.nuv=01;35:*.wmv=01;35:*.asf=01;35:*.rm=01;35:*.rmvb=01;35:*.flc=01;35:*.avi=01;35:*.fli=01;35:*.flv=01;35:*.gl=01;35:*.dl=01;35:*.xcf=01;35:*.xwd=01;35:*.yuv=01;35:*.cgm=01;35:*.emf=01;35:*.ogv=01;35:*.ogx=01;35:*.aac=00;36:*.au=00;36:*.flac=00;36:*.m4a=00;36:*.mid=00;36:*.midi=00;36:*.mka=00;36:*.mp3=00;36:*.mpc=00;36:*.ogg=00;36:*.ra=00;36:*.wav=00;36:*.oga=00;36:*.opus=00;36:*.spx=00;36:*.xspf=00;36:'), ('GNOME_TERMINAL_SERVICE', ':1.101'), ('SSH_AGENT_LAUNCHER', 'gnome-keyring'), ('SSH_AUTH_SOCK', '/run/user/1000/keyring/ssh'), ('AMENT_PREFIX_PATH', '/home/nautilus/NautilusSW/nautilus_ws/install/nautilus_sensors:/home/nautilus/NautilusSW/nautilus_ws/install/nautilus_mission:/home/nautilus/NautilusSW/nautilus_ws/install/nautilus_controls:/home/nautilus/NautilusSW/nautilus_ws/install/nautilus_bringup:/opt/ros/humble'), ('SHELL', '/bin/bash'), ('QT_ACCESSIBILITY', '1'), ('GDMSESSION', 'ubuntu'), ('LESSCLOSE', '/usr/bin/lesspipe %s %s'), ('GPG_AGENT_INFO', '/run/user/1000/gnupg/S.gpg-agent:0:1'), ('QT_IM_MODULE', 'ibus'), ('PWD', '/home/nautilus/NautilusSW/nautilus_ws/build/nautilus_controls'), ('LC_ALL', 'en_US.UTF-8'), ('XDG_CONFIG_DIRS', '/etc/xdg/xdg-ubuntu:/etc/xdg'), ('XDG_DATA_DIRS', '/usr/share/ubuntu:/usr/share/gnome:/usr/local/share/:/usr/share/'), ('PYTHONPATH', '/home/nautilus/NautilusSW/nautilus_ws/install/nautilus_sensors/local/lib/python3.10/dist-packages:/home/nautilus/NautilusSW/nautilus_ws/install/nautilus_mission/local/lib/python3.10/dist-packages:/home/nautilus/NautilusSW/nautilus_ws/install/nautilus_controls/local/lib/python3.10/dist-packages:/home/nautilus/NautilusSW/nautilus_ws/install/nautilus_bringup/local/lib/python3.10/dist-packages:/opt/ros/humble/lib/python3.10/site-packages:/opt/ros/humble/local/lib/python3.10/dist-packages'), ('COLCON', '1'), ('VTE_VERSION', '6800'), ('CMAKE_PREFIX_PATH', '/home/nautilus/NautilusSW/nautilus_ws/install/nautilus_sensors:/home/nautilus/NautilusSW/nautilus_ws/install/nautilus_mission:/home/nautilus/NautilusSW/nautilus_ws/install/nautilus_controls:/home/nautilus/NautilusSW/nautilus_ws/install/nautilus_bringup:/opt/ros/humble')]), 'shell': False}
[0.901690] (-) TimerEvent: {}
[0.913685] (nautilus_controls) StdoutLine: {'line': b'-- Install configuration: ""\n'}
[0.914171] (nautilus_controls) StdoutLine: {'line': b'-- Up-to-date: /home/nautilus/NautilusSW/nautilus_ws/install/nautilus_controls/share/nautilus_controls/environment/pythonpath.sh\n'}
[0.914322] (nautilus_controls) StdoutLine: {'line': b'-- Up-to-date: /home/nautilus/NautilusSW/nautilus_ws/install/nautilus_controls/share/nautilus_controls/environment/pythonpath.dsv\n'}
[0.914454] (nautilus_controls) StdoutLine: {'line': b'-- Up-to-date: /home/nautilus/NautilusSW/nautilus_ws/install/nautilus_controls/local/lib/python3.10/dist-packages/nautilus_controls-0.0.0-py3.10.egg-info\n'}
[0.914639] (nautilus_controls) StdoutLine: {'line': b'-- Installing: /home/nautilus/NautilusSW/nautilus_ws/install/nautilus_controls/local/lib/python3.10/dist-packages/nautilus_controls-0.0.0-py3.10.egg-info/SOURCES.txt\n'}
[0.914804] (nautilus_controls) StdoutLine: {'line': b'-- Installing: /home/nautilus/NautilusSW/nautilus_ws/install/nautilus_controls/local/lib/python3.10/dist-packages/nautilus_controls-0.0.0-py3.10.egg-info/PKG-INFO\n'}
[0.914968] (nautilus_controls) StdoutLine: {'line': b'-- Installing: /home/nautilus/NautilusSW/nautilus_ws/install/nautilus_controls/local/lib/python3.10/dist-packages/nautilus_controls-0.0.0-py3.10.egg-info/dependency_links.txt\n'}
[0.915089] (nautilus_controls) StdoutLine: {'line': b'-- Installing: /home/nautilus/NautilusSW/nautilus_ws/install/nautilus_controls/local/lib/python3.10/dist-packages/nautilus_controls-0.0.0-py3.10.egg-info/top_level.txt\n'}
[0.915239] (nautilus_controls) StdoutLine: {'line': b'-- Up-to-date: /home/nautilus/NautilusSW/nautilus_ws/install/nautilus_controls/local/lib/python3.10/dist-packages/nautilus_controls\n'}
[0.915496] (nautilus_controls) StdoutLine: {'line': b'-- Up-to-date: /home/nautilus/NautilusSW/nautilus_ws/install/nautilus_controls/local/lib/python3.10/dist-packages/nautilus_controls/vision_controller.py\n'}
[0.915617] (nautilus_controls) StdoutLine: {'line': b'-- Up-to-date: /home/nautilus/NautilusSW/nautilus_ws/install/nautilus_controls/local/lib/python3.10/dist-packages/nautilus_controls/pid_node.py\n'}
[0.915732] (nautilus_controls) StdoutLine: {'line': b'-- Up-to-date: /home/nautilus/NautilusSW/nautilus_ws/install/nautilus_controls/local/lib/python3.10/dist-packages/nautilus_controls/cube_interface.py\n'}
[0.915873] (nautilus_controls) StdoutLine: {'line': b'-- Up-to-date: /home/nautilus/NautilusSW/nautilus_ws/install/nautilus_controls/local/lib/python3.10/dist-packages/nautilus_controls/auv_pymavlink.py\n'}
[0.915986] (nautilus_controls) StdoutLine: {'line': b'-- Up-to-date: /home/nautilus/NautilusSW/nautilus_ws/install/nautilus_controls/local/lib/python3.10/dist-packages/nautilus_controls/__init__.py\n'}
[0.937652] (nautilus_bringup) StdoutLine: {'line': b"Listing '/home/nautilus/NautilusSW/nautilus_ws/install/nautilus_bringup/local/lib/python3.10/dist-packages/nautilus_bringup'...\n"}
[0.950968] (nautilus_bringup) StdoutLine: {'line': b'-- Up-to-date: /home/nautilus/NautilusSW/nautilus_ws/install/nautilus_bringup/share/ament_index/resource_index/package_run_dependencies/nautilus_bringup\n'}
[0.951465] (nautilus_bringup) StdoutLine: {'line': b'-- Up-to-date: /home/nautilus/NautilusSW/nautilus_ws/install/nautilus_bringup/share/ament_index/resource_index/parent_prefix_path/nautilus_bringup\n'}
[0.951704] (nautilus_bringup) StdoutLine: {'line': b'-- Up-to-date: /home/nautilus/NautilusSW/nautilus_ws/install/nautilus_bringup/share/nautilus_bringup/environment/ament_prefix_path.sh\n'}
[0.951994] (nautilus_bringup) StdoutLine: {'line': b'-- Up-to-date: /home/nautilus/NautilusSW/nautilus_ws/install/nautilus_bringup/share/nautilus_bringup/environment/ament_prefix_path.dsv\n'}
[0.952167] (nautilus_bringup) StdoutLine: {'line': b'-- Up-to-date: /home/nautilus/NautilusSW/nautilus_ws/install/nautilus_bringup/share/nautilus_bringup/environment/path.sh\n'}
[0.952300] (nautilus_bringup) StdoutLine: {'line': b'-- Up-to-date: /home/nautilus/NautilusSW/nautilus_ws/install/nautilus_bringup/share/nautilus_bringup/environment/path.dsv\n'}
[0.952426] (nautilus_bringup) StdoutLine: {'line': b'-- Up-to-date: /home/nautilus/NautilusSW/nautilus_ws/install/nautilus_bringup/share/nautilus_bringup/local_setup.bash\n'}
[0.952575] (nautilus_bringup) StdoutLine: {'line': b'-- Up-to-date: /home/nautilus/NautilusSW/nautilus_ws/install/nautilus_bringup/share/nautilus_bringup/local_setup.sh\n'}
[0.952742] (nautilus_bringup) StdoutLine: {'line': b'-- Up-to-date: /home/nautilus/NautilusSW/nautilus_ws/install/nautilus_bringup/share/nautilus_bringup/local_setup.zsh\n'}
[0.952888] (nautilus_bringup) StdoutLine: {'line': b'-- Up-to-date: /home/nautilus/NautilusSW/nautilus_ws/install/nautilus_bringup/share/nautilus_bringup/local_setup.dsv\n'}
[0.953006] (nautilus_bringup) StdoutLine: {'line': b'-- Installing: /home/nautilus/NautilusSW/nautilus_ws/install/nautilus_bringup/share/nautilus_bringup/package.dsv\n'}
[0.953120] (nautilus_bringup) StdoutLine: {'line': b'-- Up-to-date: /home/nautilus/NautilusSW/nautilus_ws/install/nautilus_bringup/share/ament_index/resource_index/packages/nautilus_bringup\n'}
[0.953234] (nautilus_bringup) StdoutLine: {'line': b'-- Up-to-date: /home/nautilus/NautilusSW/nautilus_ws/install/nautilus_bringup/share/nautilus_bringup/cmake/nautilus_bringupConfig.cmake\n'}
[0.953347] (nautilus_bringup) StdoutLine: {'line': b'-- Up-to-date: /home/nautilus/NautilusSW/nautilus_ws/install/nautilus_bringup/share/nautilus_bringup/cmake/nautilus_bringupConfig-version.cmake\n'}
[0.953462] (nautilus_bringup) StdoutLine: {'line': b'-- Up-to-date: /home/nautilus/NautilusSW/nautilus_ws/install/nautilus_bringup/share/nautilus_bringup/package.xml\n'}
[0.957367] (nautilus_bringup) CommandEnded: {'returncode': 0}
[0.986505] (nautilus_controls) StdoutLine: {'line': b"Listing '/home/nautilus/NautilusSW/nautilus_ws/install/nautilus_controls/local/lib/python3.10/dist-packages/nautilus_controls'...\n"}
[0.995603] (nautilus_controls) StdoutLine: {'line': b'-- Up-to-date: /home/nautilus/NautilusSW/nautilus_ws/install/nautilus_controls/lib/nautilus_controls/cube_interface\n'}
[0.996591] (nautilus_controls) StdoutLine: {'line': b'-- Up-to-date: /home/nautilus/NautilusSW/nautilus_ws/install/nautilus_controls/lib/nautilus_controls/vision_controller\n'}
[0.997352] (nautilus_controls) StdoutLine: {'line': b'-- Up-to-date: /home/nautilus/NautilusSW/nautilus_ws/install/nautilus_controls/lib/nautilus_controls/pid_node\n'}
[0.998395] (nautilus_controls) StdoutLine: {'line': b'-- Up-to-date: /home/nautilus/NautilusSW/nautilus_ws/install/nautilus_controls/share/nautilus_controls/launch\n'}
[1.000490] (nautilus_controls) StdoutLine: {'line': b'-- Up-to-date: /home/nautilus/NautilusSW/nautilus_ws/install/nautilus_controls/share/nautilus_controls/launch/vision_controller.launch.py\n'}
[1.000941] (nautilus_controls) StdoutLine: {'line': b'-- Up-to-date: /home/nautilus/NautilusSW/nautilus_ws/install/nautilus_controls/share/nautilus_controls/nautilus_controls\n'}
[1.001343] (nautilus_controls) StdoutLine: {'line': b'-- Up-to-date: /home/nautilus/NautilusSW/nautilus_ws/install/nautilus_controls/share/nautilus_controls/nautilus_controls/vision_controller.py\n'}
[1.002000] (-) TimerEvent: {}
[1.002584] (nautilus_controls) StdoutLine: {'line': b'-- Up-to-date: /home/nautilus/NautilusSW/nautilus_ws/install/nautilus_controls/share/nautilus_controls/nautilus_controls/pid_node.py\n'}
[1.002911] (nautilus_controls) StdoutLine: {'line': b'-- Up-to-date: /home/nautilus/NautilusSW/nautilus_ws/install/nautilus_controls/share/nautilus_controls/nautilus_controls/cube_interface.py\n'}
[1.003351] (nautilus_controls) StdoutLine: {'line': b'-- Up-to-date: /home/nautilus/NautilusSW/nautilus_ws/install/nautilus_controls/share/nautilus_controls/nautilus_controls/auv_pymavlink.py\n'}
[1.004203] (nautilus_controls) StdoutLine: {'line': b'-- Up-to-date: /home/nautilus/NautilusSW/nautilus_ws/install/nautilus_controls/share/nautilus_controls/nautilus_controls/__init__.py\n'}
[1.004680] (nautilus_controls) StdoutLine: {'line': b'-- Up-to-date: /home/nautilus/NautilusSW/nautilus_ws/install/nautilus_controls/share/nautilus_controls/package.xml\n'}
[1.005366] (nautilus_controls) StdoutLine: {'line': b'-- Up-to-date: /home/nautilus/NautilusSW/nautilus_ws/install/nautilus_controls/share/ament_index/resource_index/package_run_dependencies/nautilus_controls\n'}
[1.006006] (nautilus_controls) StdoutLine: {'line': b'-- Up-to-date: /home/nautilus/NautilusSW/nautilus_ws/install/nautilus_controls/share/ament_index/resource_index/parent_prefix_path/nautilus_controls\n'}
[1.008114] (nautilus_controls) StdoutLine: {'line': b'-- Up-to-date: /home/nautilus/NautilusSW/nautilus_ws/install/nautilus_controls/share/nautilus_controls/environment/ament_prefix_path.sh\n'}
[1.010051] (nautilus_controls) StdoutLine: {'line': b'-- Up-to-date: /home/nautilus/NautilusSW/nautilus_ws/install/nautilus_controls/share/nautilus_controls/environment/ament_prefix_path.dsv\n'}
[1.010585] (nautilus_controls) StdoutLine: {'line': b'-- Up-to-date: /home/nautilus/NautilusSW/nautilus_ws/install/nautilus_controls/share/nautilus_controls/environment/path.sh\n'}
[1.010908] (nautilus_controls) StdoutLine: {'line': b'-- Up-to-date: /home/nautilus/NautilusSW/nautilus_ws/install/nautilus_controls/share/nautilus_controls/environment/path.dsv\n'}
[1.011417] (nautilus_controls) StdoutLine: {'line': b'-- Up-to-date: /home/nautilus/NautilusSW/nautilus_ws/install/nautilus_controls/share/nautilus_controls/local_setup.bash\n'}
[1.011948] (nautilus_controls) StdoutLine: {'line': b'-- Up-to-date: /home/nautilus/NautilusSW/nautilus_ws/install/nautilus_controls/share/nautilus_controls/local_setup.sh\n'}
[1.012452] (nautilus_controls) StdoutLine: {'line': b'-- Up-to-date: /home/nautilus/NautilusSW/nautilus_ws/install/nautilus_controls/share/nautilus_controls/local_setup.zsh\n'}
[1.012944] (nautilus_controls) StdoutLine: {'line': b'-- Up-to-date: /home/nautilus/NautilusSW/nautilus_ws/install/nautilus_controls/share/nautilus_controls/local_setup.dsv\n'}
[1.013620] (nautilus_controls) StdoutLine: {'line': b'-- Installing: /home/nautilus/NautilusSW/nautilus_ws/install/nautilus_controls/share/nautilus_controls/package.dsv\n'}
[1.013974] (nautilus_controls) StdoutLine: {'line': b'-- Up-to-date: /home/nautilus/NautilusSW/nautilus_ws/install/nautilus_controls/share/ament_index/resource_index/packages/nautilus_controls\n'}
[1.014648] (nautilus_controls) StdoutLine: {'line': b'-- Up-to-date: /home/nautilus/NautilusSW/nautilus_ws/install/nautilus_controls/share/nautilus_controls/cmake/nautilus_controlsConfig.cmake\n'}
[1.015111] (nautilus_controls) StdoutLine: {'line': b'-- Up-to-date: /home/nautilus/NautilusSW/nautilus_ws/install/nautilus_controls/share/nautilus_controls/cmake/nautilus_controlsConfig-version.cmake\n'}
[1.015523] (nautilus_controls) StdoutLine: {'line': b'-- Up-to-date: /home/nautilus/NautilusSW/nautilus_ws/install/nautilus_controls/share/nautilus_controls/package.xml\n'}
[1.038880] (nautilus_bringup) JobEnded: {'identifier': 'nautilus_bringup', 'rc': 0}
[1.043131] (nautilus_sensors) JobStarted: {'identifier': 'nautilus_sensors'}
[1.059081] (nautilus_controls) CommandEnded: {'returncode': 0}
[1.101425] (nautilus_controls) JobEnded: {'identifier': 'nautilus_controls', 'rc': 0}
[1.105928] (-) TimerEvent: {}
[1.106424] (nautilus_mission) JobStarted: {'identifier': 'nautilus_mission'}
[1.114917] (nautilus_sensors) JobProgress: {'identifier': 'nautilus_sensors', 'progress': 'cmake'}
[1.116223] (nautilus_sensors) JobProgress: {'identifier': 'nautilus_sensors', 'progress': 'build'}
[1.116766] (nautilus_sensors) Command: {'cmd': ['/usr/bin/cmake', '--build', '/home/nautilus/NautilusSW/nautilus_ws/build/nautilus_sensors', '--', '-j6', '-l6'], 'cwd': '/home/nautilus/NautilusSW/nautilus_ws/build/nautilus_sensors', 'env': OrderedDict([('LESSOPEN', '| /usr/bin/lesspipe %s'), ('USER', 'nautilus'), ('XDG_SESSION_TYPE', 'x11'), ('SHLVL', '1'), ('LD_LIBRARY_PATH', '/opt/ros/humble/opt/rviz_ogre_vendor/lib:/opt/ros/humble/lib/aarch64-linux-gnu:/opt/ros/humble/lib'), ('HOME', '/home/nautilus'), ('DESKTOP_SESSION', 'ubuntu'), ('ROS_PYTHON_VERSION', '3'), ('GNOME_SHELL_SESSION_MODE', 'ubuntu'), ('GTK_MODULES', 'gail:atk-bridge'), ('SYSTEMD_EXEC_PID', '4133'), ('DBUS_SESSION_BUS_ADDRESS', 'unix:path=/run/user/1000/bus'), ('COLORTERM', 'truecolor'), ('IM_CONFIG_PHASE', '1'), ('COLCON_PREFIX_PATH', '/home/nautilus/NautilusSW/nautilus_ws/install'), ('ROS_DISTRO', 'humble'), ('GTK_IM_MODULE', 'ibus'), ('LOGNAME', 'nautilus'), ('_', '/usr/bin/colcon'), ('ROS_VERSION', '2'), ('XDG_SESSION_CLASS', 'user'), ('USERNAME', 'nautilus'), ('TERM', 'xterm-256color'), ('GNOME_DESKTOP_SESSION_ID', 'this-is-deprecated'), ('ROS_LOCALHOST_ONLY', '0'), ('WINDOWPATH', '2'), ('PATH', '/opt/ros/humble/bin:/home/nautilus/.local/bin:/home/nautilus/.local/bin:/usr/local/sbin:/usr/local/bin:/usr/sbin:/usr/bin:/sbin:/bin:/usr/games:/usr/local/games:/snap/bin:/home/nautilus/.local/bin'), ('SESSION_MANAGER', 'local/nautilus-desktop:@/tmp/.ICE-unix/1772,unix/nautilus-desktop:/tmp/.ICE-unix/1772'), ('XDG_MENU_PREFIX', 'gnome-'), ('GNOME_TERMINAL_SCREEN', '/org/gnome/Terminal/screen/e36953dd_ef3d_41b7_9a9d_efc6319912f7'), ('XDG_RUNTIME_DIR', '/run/user/1000'), ('DISPLAY', ':0'), ('LANG', 'en_US.UTF-8'), ('XDG_CURRENT_DESKTOP', 'ubuntu:GNOME'), ('XMODIFIERS', '@im=ibus'), ('XDG_SESSION_DESKTOP', 'ubuntu'), ('XAUTHORITY', '/run/user/1000/gdm/Xauthority'), ('LS_COLORS', 'rs=0:di=01;34:ln=01;36:mh=00:pi=40;33:so=01;35:do=01;35:bd=40;33;01:cd=40;33;01:or=40;31;01:mi=00:su=37;41:sg=30;43:ca=30;41:tw=30;42:ow=34;42:st=37;44:ex=01;32:*.tar=01;31:*.tgz=01;31:*.arc=01;31:*.arj=01;31:*.taz=01;31:*.lha=01;31:*.lz4=01;31:*.lzh=01;31:*.lzma=01;31:*.tlz=01;31:*.txz=01;31:*.tzo=01;31:*.t7z=01;31:*.zip=01;31:*.z=01;31:*.dz=01;31:*.gz=01;31:*.lrz=01;31:*.lz=01;31:*.lzo=01;31:*.xz=01;31:*.zst=01;31:*.tzst=01;31:*.bz2=01;31:*.bz=01;31:*.tbz=01;31:*.tbz2=01;31:*.tz=01;31:*.deb=01;31:*.rpm=01;31:*.jar=01;31:*.war=01;31:*.ear=01;31:*.sar=01;31:*.rar=01;31:*.alz=01;31:*.ace=01;31:*.zoo=01;31:*.cpio=01;31:*.7z=01;31:*.rz=01;31:*.cab=01;31:*.wim=01;31:*.swm=01;31:*.dwm=01;31:*.esd=01;31:*.jpg=01;35:*.jpeg=01;35:*.mjpg=01;35:*.mjpeg=01;35:*.gif=01;35:*.bmp=01;35:*.pbm=01;35:*.pgm=01;35:*.ppm=01;35:*.tga=01;35:*.xbm=01;35:*.xpm=01;35:*.tif=01;35:*.tiff=01;35:*.png=01;35:*.svg=01;35:*.svgz=01;35:*.mng=01;35:*.pcx=01;35:*.mov=01;35:*.mpg=01;35:*.mpeg=01;35:*.m2v=01;35:*.mkv=01;35:*.webm=01;35:*.webp=01;35:*.ogm=01;35:*.mp4=01;35:*.m4v=01;35:*.mp4v=01;35:*.vob=01;35:*.qt=01;35:*.nuv=01;35:*.wmv=01;35:*.asf=01;35:*.rm=01;35:*.rmvb=01;35:*.flc=01;35:*.avi=01;35:*.fli=01;35:*.flv=01;35:*.gl=01;35:*.dl=01;35:*.xcf=01;35:*.xwd=01;35:*.yuv=01;35:*.cgm=01;35:*.emf=01;35:*.ogv=01;35:*.ogx=01;35:*.aac=00;36:*.au=00;36:*.flac=00;36:*.m4a=00;36:*.mid=00;36:*.midi=00;36:*.mka=00;36:*.mp3=00;36:*.mpc=00;36:*.ogg=00;36:*.ra=00;36:*.wav=00;36:*.oga=00;36:*.opus=00;36:*.spx=00;36:*.xspf=00;36:'), ('GNOME_TERMINAL_SERVICE', ':1.101'), ('SSH_AGENT_LAUNCHER', 'gnome-keyring'), ('SSH_AUTH_SOCK', '/run/user/1000/keyring/ssh'), ('AMENT_PREFIX_PATH', '/home/nautilus/NautilusSW/nautilus_ws/install/nautilus_sensors:/home/nautilus/NautilusSW/nautilus_ws/install/nautilus_mission:/home/nautilus/NautilusSW/nautilus_ws/install/nautilus_controls:/home/nautilus/NautilusSW/nautilus_ws/install/nautilus_bringup:/opt/ros/humble'), ('SHELL', '/bin/bash'), ('QT_ACCESSIBILITY', '1'), ('GDMSESSION', 'ubuntu'), ('LESSCLOSE', '/usr/bin/lesspipe %s %s'), ('GPG_AGENT_INFO', '/run/user/1000/gnupg/S.gpg-agent:0:1'), ('QT_IM_MODULE', 'ibus'), ('PWD', '/home/nautilus/NautilusSW/nautilus_ws/build/nautilus_sensors'), ('LC_ALL', 'en_US.UTF-8'), ('XDG_CONFIG_DIRS', '/etc/xdg/xdg-ubuntu:/etc/xdg'), ('XDG_DATA_DIRS', '/usr/share/ubuntu:/usr/share/gnome:/usr/local/share/:/usr/share/'), ('PYTHONPATH', '/home/nautilus/NautilusSW/nautilus_ws/install/nautilus_sensors/local/lib/python3.10/dist-packages:/home/nautilus/NautilusSW/nautilus_ws/install/nautilus_mission/local/lib/python3.10/dist-packages:/home/nautilus/NautilusSW/nautilus_ws/install/nautilus_controls/local/lib/python3.10/dist-packages:/home/nautilus/NautilusSW/nautilus_ws/install/nautilus_bringup/local/lib/python3.10/dist-packages:/opt/ros/humble/lib/python3.10/site-packages:/opt/ros/humble/local/lib/python3.10/dist-packages'), ('COLCON', '1'), ('VTE_VERSION', '6800'), ('CMAKE_PREFIX_PATH', '/home/nautilus/NautilusSW/nautilus_ws/install/nautilus_bringup:/home/nautilus/NautilusSW/nautilus_ws/install/nautilus_sensors:/home/nautilus/NautilusSW/nautilus_ws/install/nautilus_mission:/home/nautilus/NautilusSW/nautilus_ws/install/nautilus_controls:/opt/ros/humble')]), 'shell': False}
[1.122787] (nautilus_mission) JobProgress: {'identifier': 'nautilus_mission', 'progress': 'cmake'}
[1.123949] (nautilus_mission) JobProgress: {'identifier': 'nautilus_mission', 'progress': 'build'}
[1.124505] (nautilus_mission) Command: {'cmd': ['/usr/bin/cmake', '--build', '/home/nautilus/NautilusSW/nautilus_ws/build/nautilus_mission', '--', '-j6', '-l6'], 'cwd': '/home/nautilus/NautilusSW/nautilus_ws/build/nautilus_mission', 'env': OrderedDict([('LESSOPEN', '| /usr/bin/lesspipe %s'), ('USER', 'nautilus'), ('XDG_SESSION_TYPE', 'x11'), ('SHLVL', '1'), ('LD_LIBRARY_PATH', '/opt/ros/humble/opt/rviz_ogre_vendor/lib:/opt/ros/humble/lib/aarch64-linux-gnu:/opt/ros/humble/lib'), ('HOME', '/home/nautilus'), ('DESKTOP_SESSION', 'ubuntu'), ('ROS_PYTHON_VERSION', '3'), ('GNOME_SHELL_SESSION_MODE', 'ubuntu'), ('GTK_MODULES', 'gail:atk-bridge'), ('SYSTEMD_EXEC_PID', '4133'), ('DBUS_SESSION_BUS_ADDRESS', 'unix:path=/run/user/1000/bus'), ('COLORTERM', 'truecolor'), ('IM_CONFIG_PHASE', '1'), ('COLCON_PREFIX_PATH', '/home/nautilus/NautilusSW/nautilus_ws/install'), ('ROS_DISTRO', 'humble'), ('GTK_IM_MODULE', 'ibus'), ('LOGNAME', 'nautilus'), ('_', '/usr/bin/colcon'), ('ROS_VERSION', '2'), ('XDG_SESSION_CLASS', 'user'), ('USERNAME', 'nautilus'), ('TERM', 'xterm-256color'), ('GNOME_DESKTOP_SESSION_ID', 'this-is-deprecated'), ('ROS_LOCALHOST_ONLY', '0'), ('WINDOWPATH', '2'), ('PATH', '/opt/ros/humble/bin:/home/nautilus/.local/bin:/home/nautilus/.local/bin:/usr/local/sbin:/usr/local/bin:/usr/sbin:/usr/bin:/sbin:/bin:/usr/games:/usr/local/games:/snap/bin:/home/nautilus/.local/bin'), ('SESSION_MANAGER', 'local/nautilus-desktop:@/tmp/.ICE-unix/1772,unix/nautilus-desktop:/tmp/.ICE-unix/1772'), ('XDG_MENU_PREFIX', 'gnome-'), ('GNOME_TERMINAL_SCREEN', '/org/gnome/Terminal/screen/e36953dd_ef3d_41b7_9a9d_efc6319912f7'), ('XDG_RUNTIME_DIR', '/run/user/1000'), ('DISPLAY', ':0'), ('LANG', 'en_US.UTF-8'), ('XDG_CURRENT_DESKTOP', 'ubuntu:GNOME'), ('XMODIFIERS', '@im=ibus'), ('XDG_SESSION_DESKTOP', 'ubuntu'), ('XAUTHORITY', '/run/user/1000/gdm/Xauthority'), ('LS_COLORS', 'rs=0:di=01;34:ln=01;36:mh=00:pi=40;33:so=01;35:do=01;35:bd=40;33;01:cd=40;33;01:or=40;31;01:mi=00:su=37;41:sg=30;43:ca=30;41:tw=30;42:ow=34;42:st=37;44:ex=01;32:*.tar=01;31:*.tgz=01;31:*.arc=01;31:*.arj=01;31:*.taz=01;31:*.lha=01;31:*.lz4=01;31:*.lzh=01;31:*.lzma=01;31:*.tlz=01;31:*.txz=01;31:*.tzo=01;31:*.t7z=01;31:*.zip=01;31:*.z=01;31:*.dz=01;31:*.gz=01;31:*.lrz=01;31:*.lz=01;31:*.lzo=01;31:*.xz=01;31:*.zst=01;31:*.tzst=01;31:*.bz2=01;31:*.bz=01;31:*.tbz=01;31:*.tbz2=01;31:*.tz=01;31:*.deb=01;31:*.rpm=01;31:*.jar=01;31:*.war=01;31:*.ear=01;31:*.sar=01;31:*.rar=01;31:*.alz=01;31:*.ace=01;31:*.zoo=01;31:*.cpio=01;31:*.7z=01;31:*.rz=01;31:*.cab=01;31:*.wim=01;31:*.swm=01;31:*.dwm=01;31:*.esd=01;31:*.jpg=01;35:*.jpeg=01;35:*.mjpg=01;35:*.mjpeg=01;35:*.gif=01;35:*.bmp=01;35:*.pbm=01;35:*.pgm=01;35:*.ppm=01;35:*.tga=01;35:*.xbm=01;35:*.xpm=01;35:*.tif=01;35:*.tiff=01;35:*.png=01;35:*.svg=01;35:*.svgz=01;35:*.mng=01;35:*.pcx=01;35:*.mov=01;35:*.mpg=01;35:*.mpeg=01;35:*.m2v=01;35:*.mkv=01;35:*.webm=01;35:*.webp=01;35:*.ogm=01;35:*.mp4=01;35:*.m4v=01;35:*.mp4v=01;35:*.vob=01;35:*.qt=01;35:*.nuv=01;35:*.wmv=01;35:*.asf=01;35:*.rm=01;35:*.rmvb=01;35:*.flc=01;35:*.avi=01;35:*.fli=01;35:*.flv=01;35:*.gl=01;35:*.dl=01;35:*.xcf=01;35:*.xwd=01;35:*.yuv=01;35:*.cgm=01;35:*.emf=01;35:*.ogv=01;35:*.ogx=01;35:*.aac=00;36:*.au=00;36:*.flac=00;36:*.m4a=00;36:*.mid=00;36:*.midi=00;36:*.mka=00;36:*.mp3=00;36:*.mpc=00;36:*.ogg=00;36:*.ra=00;36:*.wav=00;36:*.oga=00;36:*.opus=00;36:*.spx=00;36:*.xspf=00;36:'), ('GNOME_TERMINAL_SERVICE', ':1.101'), ('SSH_AGENT_LAUNCHER', 'gnome-keyring'), ('SSH_AUTH_SOCK', '/run/user/1000/keyring/ssh'), ('AMENT_PREFIX_PATH', '/home/nautilus/NautilusSW/nautilus_ws/install/nautilus_sensors:/home/nautilus/NautilusSW/nautilus_ws/install/nautilus_mission:/home/nautilus/NautilusSW/nautilus_ws/install/nautilus_controls:/home/nautilus/NautilusSW/nautilus_ws/install/nautilus_bringup:/opt/ros/humble'), ('SHELL', '/bin/bash'), ('QT_ACCESSIBILITY', '1'), ('GDMSESSION', 'ubuntu'), ('LESSCLOSE', '/usr/bin/lesspipe %s %s'), ('GPG_AGENT_INFO', '/run/user/1000/gnupg/S.gpg-agent:0:1'), ('QT_IM_MODULE', 'ibus'), ('PWD', '/home/nautilus/NautilusSW/nautilus_ws/build/nautilus_mission'), ('LC_ALL', 'en_US.UTF-8'), ('XDG_CONFIG_DIRS', '/etc/xdg/xdg-ubuntu:/etc/xdg'), ('XDG_DATA_DIRS', '/usr/share/ubuntu:/usr/share/gnome:/usr/local/share/:/usr/share/'), ('PYTHONPATH', '/home/nautilus/NautilusSW/nautilus_ws/install/nautilus_sensors/local/lib/python3.10/dist-packages:/home/nautilus/NautilusSW/nautilus_ws/install/nautilus_mission/local/lib/python3.10/dist-packages:/home/nautilus/NautilusSW/nautilus_ws/install/nautilus_controls/local/lib/python3.10/dist-packages:/home/nautilus/NautilusSW/nautilus_ws/install/nautilus_bringup/local/lib/python3.10/dist-packages:/opt/ros/humble/lib/python3.10/site-packages:/opt/ros/humble/local/lib/python3.10/dist-packages'), ('COLCON', '1'), ('VTE_VERSION', '6800'), ('CMAKE_PREFIX_PATH', '/home/nautilus/NautilusSW/nautilus_ws/install/nautilus_controls:/home/nautilus/NautilusSW/nautilus_ws/install/nautilus_sensors:/home/nautilus/NautilusSW/nautilus_ws/install/nautilus_mission:/home/nautilus/NautilusSW/nautilus_ws/install/nautilus_bringup:/opt/ros/humble')]), 'shell': False}
[1.206131] (-) TimerEvent: {}
[1.219851] (nautilus_sensors) StdoutLine: {'line': b'Built target ament_cmake_python_copy_DVL\n'}
[1.231721] (nautilus_mission) StdoutLine: {'line': b'Built target ament_cmake_python_copy_nautilus_mission\n'}
[1.306276] (-) TimerEvent: {}
[1.321347] (nautilus_sensors) StdoutLine: {'line': b'Built target ament_cmake_python_copy_vision\n'}
[1.406432] (-) TimerEvent: {}
[1.507065] (-) TimerEvent: {}
[1.607636] (-) TimerEvent: {}
[1.670860] (nautilus_mission) StdoutLine: {'line': b'running egg_info\n'}
[1.695019] (nautilus_sensors) StdoutLine: {'line': b'running egg_info\n'}
[1.703966] (nautilus_mission) StdoutLine: {'line': b'writing nautilus_mission.egg-info/PKG-INFO\n'}
[1.705070] (nautilus_mission) StdoutLine: {'line': b'writing dependency_links to nautilus_mission.egg-info/dependency_links.txt\n'}
[1.705663] (nautilus_mission) StdoutLine: {'line': b'writing top-level names to nautilus_mission.egg-info/top_level.txt\n'}
[1.707686] (-) TimerEvent: {}
[1.728147] (nautilus_sensors) StdoutLine: {'line': b'writing DVL.egg-info/PKG-INFO\n'}
[1.729229] (nautilus_sensors) StdoutLine: {'line': b'writing dependency_links to DVL.egg-info/dependency_links.txt\n'}
[1.729842] (nautilus_sensors) StdoutLine: {'line': b'writing top-level names to DVL.egg-info/top_level.txt\n'}
[1.768421] (nautilus_sensors) StdoutLine: {'line': b'running egg_info\n'}
[1.802039] (nautilus_sensors) StdoutLine: {'line': b'writing vision.egg-info/PKG-INFO\n'}
[1.803875] (nautilus_sensors) StdoutLine: {'line': b'writing dependency_links to vision.egg-info/dependency_links.txt\n'}
[1.804341] (nautilus_sensors) StdoutLine: {'line': b'writing top-level names to vision.egg-info/top_level.txt\n'}
[1.804502] (nautilus_mission) StdoutLine: {'line': b"reading manifest file 'nautilus_mission.egg-info/SOURCES.txt'\n"}
[1.806126] (nautilus_mission) StdoutLine: {'line': b"writing manifest file 'nautilus_mission.egg-info/SOURCES.txt'\n"}
[1.808120] (-) TimerEvent: {}
[1.832595] (nautilus_sensors) StdoutLine: {'line': b"reading manifest file 'DVL.egg-info/SOURCES.txt'\n"}
[1.834613] (nautilus_sensors) StdoutLine: {'line': b"writing manifest file 'DVL.egg-info/SOURCES.txt'\n"}
[1.888358] (nautilus_mission) StdoutLine: {'line': b'Built target ament_cmake_python_build_nautilus_mission_egg\n'}
[1.908305] (-) TimerEvent: {}
[1.909281] (nautilus_sensors) StdoutLine: {'line': b"reading manifest file 'vision.egg-info/SOURCES.txt'\n"}
[1.911594] (nautilus_sensors) StdoutLine: {'line': b"writing manifest file 'vision.egg-info/SOURCES.txt'\n"}
[1.914137] (nautilus_mission) CommandEnded: {'returncode': 0}
[1.916058] (nautilus_mission) JobProgress: {'identifier': 'nautilus_mission', 'progress': 'install'}
[1.916573] (nautilus_mission) Command: {'cmd': ['/usr/bin/cmake', '--install', '/home/nautilus/NautilusSW/nautilus_ws/build/nautilus_mission'], 'cwd': '/home/nautilus/NautilusSW/nautilus_ws/build/nautilus_mission', 'env': OrderedDict([('LESSOPEN', '| /usr/bin/lesspipe %s'), ('USER', 'nautilus'), ('XDG_SESSION_TYPE', 'x11'), ('SHLVL', '1'), ('LD_LIBRARY_PATH', '/opt/ros/humble/opt/rviz_ogre_vendor/lib:/opt/ros/humble/lib/aarch64-linux-gnu:/opt/ros/humble/lib'), ('HOME', '/home/nautilus'), ('DESKTOP_SESSION', 'ubuntu'), ('ROS_PYTHON_VERSION', '3'), ('GNOME_SHELL_SESSION_MODE', 'ubuntu'), ('GTK_MODULES', 'gail:atk-bridge'), ('SYSTEMD_EXEC_PID', '4133'), ('DBUS_SESSION_BUS_ADDRESS', 'unix:path=/run/user/1000/bus'), ('COLORTERM', 'truecolor'), ('IM_CONFIG_PHASE', '1'), ('COLCON_PREFIX_PATH', '/home/nautilus/NautilusSW/nautilus_ws/install'), ('ROS_DISTRO', 'humble'), ('GTK_IM_MODULE', 'ibus'), ('LOGNAME', 'nautilus'), ('_', '/usr/bin/colcon'), ('ROS_VERSION', '2'), ('XDG_SESSION_CLASS', 'user'), ('USERNAME', 'nautilus'), ('TERM', 'xterm-256color'), ('GNOME_DESKTOP_SESSION_ID', 'this-is-deprecated'), ('ROS_LOCALHOST_ONLY', '0'), ('WINDOWPATH', '2'), ('PATH', '/opt/ros/humble/bin:/home/nautilus/.local/bin:/home/nautilus/.local/bin:/usr/local/sbin:/usr/local/bin:/usr/sbin:/usr/bin:/sbin:/bin:/usr/games:/usr/local/games:/snap/bin:/home/nautilus/.local/bin'), ('SESSION_MANAGER', 'local/nautilus-desktop:@/tmp/.ICE-unix/1772,unix/nautilus-desktop:/tmp/.ICE-unix/1772'), ('XDG_MENU_PREFIX', 'gnome-'), ('GNOME_TERMINAL_SCREEN', '/org/gnome/Terminal/screen/e36953dd_ef3d_41b7_9a9d_efc6319912f7'), ('XDG_RUNTIME_DIR', '/run/user/1000'), ('DISPLAY', ':0'), ('LANG', 'en_US.UTF-8'), ('XDG_CURRENT_DESKTOP', 'ubuntu:GNOME'), ('XMODIFIERS', '@im=ibus'), ('XDG_SESSION_DESKTOP', 'ubuntu'), ('XAUTHORITY', '/run/user/1000/gdm/Xauthority'), ('LS_COLORS', 'rs=0:di=01;34:ln=01;36:mh=00:pi=40;33:so=01;35:do=01;35:bd=40;33;01:cd=40;33;01:or=40;31;01:mi=00:su=37;41:sg=30;43:ca=30;41:tw=30;42:ow=34;42:st=37;44:ex=01;32:*.tar=01;31:*.tgz=01;31:*.arc=01;31:*.arj=01;31:*.taz=01;31:*.lha=01;31:*.lz4=01;31:*.lzh=01;31:*.lzma=01;31:*.tlz=01;31:*.txz=01;31:*.tzo=01;31:*.t7z=01;31:*.zip=01;31:*.z=01;31:*.dz=01;31:*.gz=01;31:*.lrz=01;31:*.lz=01;31:*.lzo=01;31:*.xz=01;31:*.zst=01;31:*.tzst=01;31:*.bz2=01;31:*.bz=01;31:*.tbz=01;31:*.tbz2=01;31:*.tz=01;31:*.deb=01;31:*.rpm=01;31:*.jar=01;31:*.war=01;31:*.ear=01;31:*.sar=01;31:*.rar=01;31:*.alz=01;31:*.ace=01;31:*.zoo=01;31:*.cpio=01;31:*.7z=01;31:*.rz=01;31:*.cab=01;31:*.wim=01;31:*.swm=01;31:*.dwm=01;31:*.esd=01;31:*.jpg=01;35:*.jpeg=01;35:*.mjpg=01;35:*.mjpeg=01;35:*.gif=01;35:*.bmp=01;35:*.pbm=01;35:*.pgm=01;35:*.ppm=01;35:*.tga=01;35:*.xbm=01;35:*.xpm=01;35:*.tif=01;35:*.tiff=01;35:*.png=01;35:*.svg=01;35:*.svgz=01;35:*.mng=01;35:*.pcx=01;35:*.mov=01;35:*.mpg=01;35:*.mpeg=01;35:*.m2v=01;35:*.mkv=01;35:*.webm=01;35:*.webp=01;35:*.ogm=01;35:*.mp4=01;35:*.m4v=01;35:*.mp4v=01;35:*.vob=01;35:*.qt=01;35:*.nuv=01;35:*.wmv=01;35:*.asf=01;35:*.rm=01;35:*.rmvb=01;35:*.flc=01;35:*.avi=01;35:*.fli=01;35:*.flv=01;35:*.gl=01;35:*.dl=01;35:*.xcf=01;35:*.xwd=01;35:*.yuv=01;35:*.cgm=01;35:*.emf=01;35:*.ogv=01;35:*.ogx=01;35:*.aac=00;36:*.au=00;36:*.flac=00;36:*.m4a=00;36:*.mid=00;36:*.midi=00;36:*.mka=00;36:*.mp3=00;36:*.mpc=00;36:*.ogg=00;36:*.ra=00;36:*.wav=00;36:*.oga=00;36:*.opus=00;36:*.spx=00;36:*.xspf=00;36:'), ('GNOME_TERMINAL_SERVICE', ':1.101'), ('SSH_AGENT_LAUNCHER', 'gnome-keyring'), ('SSH_AUTH_SOCK', '/run/user/1000/keyring/ssh'), ('AMENT_PREFIX_PATH', '/home/nautilus/NautilusSW/nautilus_ws/install/nautilus_sensors:/home/nautilus/NautilusSW/nautilus_ws/install/nautilus_mission:/home/nautilus/NautilusSW/nautilus_ws/install/nautilus_controls:/home/nautilus/NautilusSW/nautilus_ws/install/nautilus_bringup:/opt/ros/humble'), ('SHELL', '/bin/bash'), ('QT_ACCESSIBILITY', '1'), ('GDMSESSION', 'ubuntu'), ('LESSCLOSE', '/usr/bin/lesspipe %s %s'), ('GPG_AGENT_INFO', '/run/user/1000/gnupg/S.gpg-agent:0:1'), ('QT_IM_MODULE', 'ibus'), ('PWD', '/home/nautilus/NautilusSW/nautilus_ws/build/nautilus_mission'), ('LC_ALL', 'en_US.UTF-8'), ('XDG_CONFIG_DIRS', '/etc/xdg/xdg-ubuntu:/etc/xdg'), ('XDG_DATA_DIRS', '/usr/share/ubuntu:/usr/share/gnome:/usr/local/share/:/usr/share/'), ('PYTHONPATH', '/home/nautilus/NautilusSW/nautilus_ws/install/nautilus_sensors/local/lib/python3.10/dist-packages:/home/nautilus/NautilusSW/nautilus_ws/install/nautilus_mission/local/lib/python3.10/dist-packages:/home/nautilus/NautilusSW/nautilus_ws/install/nautilus_controls/local/lib/python3.10/dist-packages:/home/nautilus/NautilusSW/nautilus_ws/install/nautilus_bringup/local/lib/python3.10/dist-packages:/opt/ros/humble/lib/python3.10/site-packages:/opt/ros/humble/local/lib/python3.10/dist-packages'), ('COLCON', '1'), ('VTE_VERSION', '6800'), ('CMAKE_PREFIX_PATH', '/home/nautilus/NautilusSW/nautilus_ws/install/nautilus_controls:/home/nautilus/NautilusSW/nautilus_ws/install/nautilus_sensors:/home/nautilus/NautilusSW/nautilus_ws/install/nautilus_mission:/home/nautilus/NautilusSW/nautilus_ws/install/nautilus_bringup:/opt/ros/humble')]), 'shell': False}
[1.917807] (nautilus_sensors) StdoutLine: {'line': b'Built target ament_cmake_python_build_DVL_egg\n'}
[1.933638] (nautilus_mission) StdoutLine: {'line': b'-- Install configuration: ""\n'}
[1.934430] (nautilus_mission) StdoutLine: {'line': b'-- Up-to-date: /home/nautilus/NautilusSW/nautilus_ws/install/nautilus_mission/share/nautilus_mission/launch\n'}
[1.934953] (nautilus_mission) StdoutLine: {'line': b'-- Up-to-date: /home/nautilus/NautilusSW/nautilus_ws/install/nautilus_mission/share/nautilus_mission/launch/mission.launch.py\n'}
[1.935302] (nautilus_mission) StdoutLine: {'line': b'-- Up-to-date: /home/nautilus/NautilusSW/nautilus_ws/install/nautilus_mission/lib/nautilus_mission/state_machine\n'}
[1.935481] (nautilus_mission) StdoutLine: {'line': b'-- Up-to-date: /home/nautilus/NautilusSW/nautilus_ws/install/nautilus_mission/share/nautilus_mission/environment/pythonpath.sh\n'}
[1.935757] (nautilus_mission) StdoutLine: {'line': b'-- Up-to-date: /home/nautilus/NautilusSW/nautilus_ws/install/nautilus_mission/share/nautilus_mission/environment/pythonpath.dsv\n'}
[1.935926] (nautilus_mission) StdoutLine: {'line': b'-- Up-to-date: /home/nautilus/NautilusSW/nautilus_ws/install/nautilus_mission/local/lib/python3.10/dist-packages/nautilus_mission-0.0.0-py3.10.egg-info\n'}
[1.936051] (nautilus_mission) StdoutLine: {'line': b'-- Installing: /home/nautilus/NautilusSW/nautilus_ws/install/nautilus_mission/local/lib/python3.10/dist-packages/nautilus_mission-0.0.0-py3.10.egg-info/SOURCES.txt\n'}
[1.936169] (nautilus_mission) StdoutLine: {'line': b'-- Installing: /home/nautilus/NautilusSW/nautilus_ws/install/nautilus_mission/local/lib/python3.10/dist-packages/nautilus_mission-0.0.0-py3.10.egg-info/PKG-INFO\n'}
[1.936309] (nautilus_mission) StdoutLine: {'line': b'-- Installing: /home/nautilus/NautilusSW/nautilus_ws/install/nautilus_mission/local/lib/python3.10/dist-packages/nautilus_mission-0.0.0-py3.10.egg-info/dependency_links.txt\n'}
[1.936419] (nautilus_mission) StdoutLine: {'line': b'-- Installing: /home/nautilus/NautilusSW/nautilus_ws/install/nautilus_mission/local/lib/python3.10/dist-packages/nautilus_mission-0.0.0-py3.10.egg-info/top_level.txt\n'}
[1.936525] (nautilus_mission) StdoutLine: {'line': b'-- Up-to-date: /home/nautilus/NautilusSW/nautilus_ws/install/nautilus_mission/local/lib/python3.10/dist-packages/nautilus_mission\n'}
[1.936632] (nautilus_mission) StdoutLine: {'line': b'-- Up-to-date: /home/nautilus/NautilusSW/nautilus_ws/install/nautilus_mission/local/lib/python3.10/dist-packages/nautilus_mission/state_machine.py\n'}
[1.936739] (nautilus_mission) StdoutLine: {'line': b'-- Up-to-date: /home/nautilus/NautilusSW/nautilus_ws/install/nautilus_mission/local/lib/python3.10/dist-packages/nautilus_mission/__init__.py\n'}
[1.994962] (nautilus_sensors) StdoutLine: {'line': b'Built target ament_cmake_python_build_vision_egg\n'}
[2.003565] (nautilus_mission) StdoutLine: {'line': b"Listing '/home/nautilus/NautilusSW/nautilus_ws/install/nautilus_mission/local/lib/python3.10/dist-packages/nautilus_mission'...\n"}
[2.008392] (-) TimerEvent: {}
[2.015110] (nautilus_mission) StdoutLine: {'line': b'-- Up-to-date: /home/nautilus/NautilusSW/nautilus_ws/install/nautilus_mission/share/ament_index/resource_index/package_run_dependencies/nautilus_mission\n'}
[2.016362] (nautilus_mission) StdoutLine: {'line': b'-- Up-to-date: /home/nautilus/NautilusSW/nautilus_ws/install/nautilus_mission/share/ament_index/resource_index/parent_prefix_path/nautilus_mission\n'}
[2.017017] (nautilus_mission) StdoutLine: {'line': b'-- Up-to-date: /home/nautilus/NautilusSW/nautilus_ws/install/nautilus_mission/share/nautilus_mission/environment/ament_prefix_path.sh\n'}
[2.017502] (nautilus_mission) StdoutLine: {'line': b'-- Up-to-date: /home/nautilus/NautilusSW/nautilus_ws/install/nautilus_mission/share/nautilus_mission/environment/ament_prefix_path.dsv\n'}
[2.018178] (nautilus_mission) StdoutLine: {'line': b'-- Up-to-date: /home/nautilus/NautilusSW/nautilus_ws/install/nautilus_mission/share/nautilus_mission/environment/path.sh\n'}
[2.019044] (nautilus_mission) StdoutLine: {'line': b'-- Up-to-date: /home/nautilus/NautilusSW/nautilus_ws/install/nautilus_mission/share/nautilus_mission/environment/path.dsv\n'}
[2.019321] (nautilus_mission) StdoutLine: {'line': b'-- Up-to-date: /home/nautilus/NautilusSW/nautilus_ws/install/nautilus_mission/share/nautilus_mission/local_setup.bash\n'}
[2.019686] (nautilus_mission) StdoutLine: {'line': b'-- Up-to-date: /home/nautilus/NautilusSW/nautilus_ws/install/nautilus_mission/share/nautilus_mission/local_setup.sh\n'}
[2.020062] (nautilus_mission) StdoutLine: {'line': b'-- Up-to-date: /home/nautilus/NautilusSW/nautilus_ws/install/nautilus_mission/share/nautilus_mission/local_setup.zsh\n'}
[2.020677] (nautilus_mission) StdoutLine: {'line': b'-- Up-to-date: /home/nautilus/NautilusSW/nautilus_ws/install/nautilus_mission/share/nautilus_mission/local_setup.dsv\n'}
[2.021022] (nautilus_mission) StdoutLine: {'line': b'-- Installing: /home/nautilus/NautilusSW/nautilus_ws/install/nautilus_mission/share/nautilus_mission/package.dsv\n'}
[2.021480] (nautilus_mission) StdoutLine: {'line': b'-- Up-to-date: /home/nautilus/NautilusSW/nautilus_ws/install/nautilus_mission/share/ament_index/resource_index/packages/nautilus_mission\n'}
[2.021765] (nautilus_mission) StdoutLine: {'line': b'-- Up-to-date: /home/nautilus/NautilusSW/nautilus_ws/install/nautilus_mission/share/nautilus_mission/cmake/nautilus_missionConfig.cmake\n'}
[2.022435] (nautilus_mission) StdoutLine: {'line': b'-- Up-to-date: /home/nautilus/NautilusSW/nautilus_ws/install/nautilus_mission/share/nautilus_mission/cmake/nautilus_missionConfig-version.cmake\n'}
[2.026228] (nautilus_mission) StdoutLine: {'line': b'-- Up-to-date: /home/nautilus/NautilusSW/nautilus_ws/install/nautilus_mission/share/nautilus_mission/package.xml\n'}
[2.026642] (nautilus_sensors) CommandEnded: {'returncode': 0}
[2.029272] (nautilus_sensors) JobProgress: {'identifier': 'nautilus_sensors', 'progress': 'install'}
[2.029409] (nautilus_sensors) Command: {'cmd': ['/usr/bin/cmake', '--install', '/home/nautilus/NautilusSW/nautilus_ws/build/nautilus_sensors'], 'cwd': '/home/nautilus/NautilusSW/nautilus_ws/build/nautilus_sensors', 'env': OrderedDict([('LESSOPEN', '| /usr/bin/lesspipe %s'), ('USER', 'nautilus'), ('XDG_SESSION_TYPE', 'x11'), ('SHLVL', '1'), ('LD_LIBRARY_PATH', '/opt/ros/humble/opt/rviz_ogre_vendor/lib:/opt/ros/humble/lib/aarch64-linux-gnu:/opt/ros/humble/lib'), ('HOME', '/home/nautilus'), ('DESKTOP_SESSION', 'ubuntu'), ('ROS_PYTHON_VERSION', '3'), ('GNOME_SHELL_SESSION_MODE', 'ubuntu'), ('GTK_MODULES', 'gail:atk-bridge'), ('SYSTEMD_EXEC_PID', '4133'), ('DBUS_SESSION_BUS_ADDRESS', 'unix:path=/run/user/1000/bus'), ('COLORTERM', 'truecolor'), ('IM_CONFIG_PHASE', '1'), ('COLCON_PREFIX_PATH', '/home/nautilus/NautilusSW/nautilus_ws/install'), ('ROS_DISTRO', 'humble'), ('GTK_IM_MODULE', 'ibus'), ('LOGNAME', 'nautilus'), ('_', '/usr/bin/colcon'), ('ROS_VERSION', '2'), ('XDG_SESSION_CLASS', 'user'), ('USERNAME', 'nautilus'), ('TERM', 'xterm-256color'), ('GNOME_DESKTOP_SESSION_ID', 'this-is-deprecated'), ('ROS_LOCALHOST_ONLY', '0'), ('WINDOWPATH', '2'), ('PATH', '/opt/ros/humble/bin:/home/nautilus/.local/bin:/home/nautilus/.local/bin:/usr/local/sbin:/usr/local/bin:/usr/sbin:/usr/bin:/sbin:/bin:/usr/games:/usr/local/games:/snap/bin:/home/nautilus/.local/bin'), ('SESSION_MANAGER', 'local/nautilus-desktop:@/tmp/.ICE-unix/1772,unix/nautilus-desktop:/tmp/.ICE-unix/1772'), ('XDG_MENU_PREFIX', 'gnome-'), ('GNOME_TERMINAL_SCREEN', '/org/gnome/Terminal/screen/e36953dd_ef3d_41b7_9a9d_efc6319912f7'), ('XDG_RUNTIME_DIR', '/run/user/1000'), ('DISPLAY', ':0'), ('LANG', 'en_US.UTF-8'), ('XDG_CURRENT_DESKTOP', 'ubuntu:GNOME'), ('XMODIFIERS', '@im=ibus'), ('XDG_SESSION_DESKTOP', 'ubuntu'), ('XAUTHORITY', '/run/user/1000/gdm/Xauthority'), ('LS_COLORS', 'rs=0:di=01;34:ln=01;36:mh=00:pi=40;33:so=01;35:do=01;35:bd=40;33;01:cd=40;33;01:or=40;31;01:mi=00:su=37;41:sg=30;43:ca=30;41:tw=30;42:ow=34;42:st=37;44:ex=01;32:*.tar=01;31:*.tgz=01;31:*.arc=01;31:*.arj=01;31:*.taz=01;31:*.lha=01;31:*.lz4=01;31:*.lzh=01;31:*.lzma=01;31:*.tlz=01;31:*.txz=01;31:*.tzo=01;31:*.t7z=01;31:*.zip=01;31:*.z=01;31:*.dz=01;31:*.gz=01;31:*.lrz=01;31:*.lz=01;31:*.lzo=01;31:*.xz=01;31:*.zst=01;31:*.tzst=01;31:*.bz2=01;31:*.bz=01;31:*.tbz=01;31:*.tbz2=01;31:*.tz=01;31:*.deb=01;31:*.rpm=01;31:*.jar=01;31:*.war=01;31:*.ear=01;31:*.sar=01;31:*.rar=01;31:*.alz=01;31:*.ace=01;31:*.zoo=01;31:*.cpio=01;31:*.7z=01;31:*.rz=01;31:*.cab=01;31:*.wim=01;31:*.swm=01;31:*.dwm=01;31:*.esd=01;31:*.jpg=01;35:*.jpeg=01;35:*.mjpg=01;35:*.mjpeg=01;35:*.gif=01;35:*.bmp=01;35:*.pbm=01;35:*.pgm=01;35:*.ppm=01;35:*.tga=01;35:*.xbm=01;35:*.xpm=01;35:*.tif=01;35:*.tiff=01;35:*.png=01;35:*.svg=01;35:*.svgz=01;35:*.mng=01;35:*.pcx=01;35:*.mov=01;35:*.mpg=01;35:*.mpeg=01;35:*.m2v=01;35:*.mkv=01;35:*.webm=01;35:*.webp=01;35:*.ogm=01;35:*.mp4=01;35:*.m4v=01;35:*.mp4v=01;35:*.vob=01;35:*.qt=01;35:*.nuv=01;35:*.wmv=01;35:*.asf=01;35:*.rm=01;35:*.rmvb=01;35:*.flc=01;35:*.avi=01;35:*.fli=01;35:*.flv=01;35:*.gl=01;35:*.dl=01;35:*.xcf=01;35:*.xwd=01;35:*.yuv=01;35:*.cgm=01;35:*.emf=01;35:*.ogv=01;35:*.ogx=01;35:*.aac=00;36:*.au=00;36:*.flac=00;36:*.m4a=00;36:*.mid=00;36:*.midi=00;36:*.mka=00;36:*.mp3=00;36:*.mpc=00;36:*.ogg=00;36:*.ra=00;36:*.wav=00;36:*.oga=00;36:*.opus=00;36:*.spx=00;36:*.xspf=00;36:'), ('GNOME_TERMINAL_SERVICE', ':1.101'), ('SSH_AGENT_LAUNCHER', 'gnome-keyring'), ('SSH_AUTH_SOCK', '/run/user/1000/keyring/ssh'), ('AMENT_PREFIX_PATH', '/home/nautilus/NautilusSW/nautilus_ws/install/nautilus_sensors:/home/nautilus/NautilusSW/nautilus_ws/install/nautilus_mission:/home/nautilus/NautilusSW/nautilus_ws/install/nautilus_controls:/home/nautilus/NautilusSW/nautilus_ws/install/nautilus_bringup:/opt/ros/humble'), ('SHELL', '/bin/bash'), ('QT_ACCESSIBILITY', '1'), ('GDMSESSION', 'ubuntu'), ('LESSCLOSE', '/usr/bin/lesspipe %s %s'), ('GPG_AGENT_INFO', '/run/user/1000/gnupg/S.gpg-agent:0:1'), ('QT_IM_MODULE', 'ibus'), ('PWD', '/home/nautilus/NautilusSW/nautilus_ws/build/nautilus_sensors'), ('LC_ALL', 'en_US.UTF-8'), ('XDG_CONFIG_DIRS', '/etc/xdg/xdg-ubuntu:/etc/xdg'), ('XDG_DATA_DIRS', '/usr/share/ubuntu:/usr/share/gnome:/usr/local/share/:/usr/share/'), ('PYTHONPATH', '/home/nautilus/NautilusSW/nautilus_ws/install/nautilus_sensors/local/lib/python3.10/dist-packages:/home/nautilus/NautilusSW/nautilus_ws/install/nautilus_mission/local/lib/python3.10/dist-packages:/home/nautilus/NautilusSW/nautilus_ws/install/nautilus_controls/local/lib/python3.10/dist-packages:/home/nautilus/NautilusSW/nautilus_ws/install/nautilus_bringup/local/lib/python3.10/dist-packages:/opt/ros/humble/lib/python3.10/site-packages:/opt/ros/humble/local/lib/python3.10/dist-packages'), ('COLCON', '1'), ('VTE_VERSION', '6800'), ('CMAKE_PREFIX_PATH', '/home/nautilus/NautilusSW/nautilus_ws/install/nautilus_bringup:/home/nautilus/NautilusSW/nautilus_ws/install/nautilus_sensors:/home/nautilus/NautilusSW/nautilus_ws/install/nautilus_mission:/home/nautilus/NautilusSW/nautilus_ws/install/nautilus_controls:/opt/ros/humble')]), 'shell': False}
[2.034804] (nautilus_mission) CommandEnded: {'returncode': 0}
[2.045951] (nautilus_sensors) StdoutLine: {'line': b'-- Install configuration: ""\n'}
[2.046892] (nautilus_sensors) StdoutLine: {'line': b'-- Up-to-date: /home/nautilus/NautilusSW/nautilus_ws/install/nautilus_sensors/share/nautilus_sensors/environment/pythonpath.sh\n'}
[2.047086] (nautilus_sensors) StdoutLine: {'line': b'-- Up-to-date: /home/nautilus/NautilusSW/nautilus_ws/install/nautilus_sensors/share/nautilus_sensors/environment/pythonpath.dsv\n'}
[2.047304] (nautilus_sensors) StdoutLine: {'line': b'-- Up-to-date: /home/nautilus/NautilusSW/nautilus_ws/install/nautilus_sensors/local/lib/python3.10/dist-packages/DVL-0.0.0-py3.10.egg-info\n'}
[2.047666] (nautilus_sensors) StdoutLine: {'line': b'-- Installing: /home/nautilus/NautilusSW/nautilus_ws/install/nautilus_sensors/local/lib/python3.10/dist-packages/DVL-0.0.0-py3.10.egg-info/SOURCES.txt\n'}
[2.047891] (nautilus_sensors) StdoutLine: {'line': b'-- Installing: /home/nautilus/NautilusSW/nautilus_ws/install/nautilus_sensors/local/lib/python3.10/dist-packages/DVL-0.0.0-py3.10.egg-info/PKG-INFO\n'}
[2.048024] (nautilus_sensors) StdoutLine: {'line': b'-- Installing: /home/nautilus/NautilusSW/nautilus_ws/install/nautilus_sensors/local/lib/python3.10/dist-packages/DVL-0.0.0-py3.10.egg-info/dependency_links.txt\n'}
[2.048155] (nautilus_sensors) StdoutLine: {'line': b'-- Installing: /home/nautilus/NautilusSW/nautilus_ws/install/nautilus_sensors/local/lib/python3.10/dist-packages/DVL-0.0.0-py3.10.egg-info/top_level.txt\n'}
[2.048869] (nautilus_sensors) StdoutLine: {'line': b'-- Up-to-date: /home/nautilus/NautilusSW/nautilus_ws/install/nautilus_sensors/local/lib/python3.10/dist-packages/DVL\n'}
[2.049391] (nautilus_sensors) StdoutLine: {'line': b'-- Up-to-date: /home/nautilus/NautilusSW/nautilus_ws/install/nautilus_sensors/local/lib/python3.10/dist-packages/DVL/fake_dvl.py\n'}
[2.049538] (nautilus_sensors) StdoutLine: {'line': b'-- Up-to-date: /home/nautilus/NautilusSW/nautilus_ws/install/nautilus_sensors/local/lib/python3.10/dist-packages/DVL/README.md\n'}
[2.049765] (nautilus_sensors) StdoutLine: {'line': b'-- Up-to-date: /home/nautilus/NautilusSW/nautilus_ws/install/nautilus_sensors/local/lib/python3.10/dist-packages/DVL/dvl_sensor_node.py\n'}
[2.049892] (nautilus_sensors) StdoutLine: {'line': b'-- Up-to-date: /home/nautilus/NautilusSW/nautilus_ws/install/nautilus_sensors/local/lib/python3.10/dist-packages/DVL/__init__.py\n'}
[2.092470] (nautilus_mission) JobEnded: {'identifier': 'nautilus_mission', 'rc': 0}
[2.108592] (-) TimerEvent: {}
[2.122256] (nautilus_sensors) StdoutLine: {'line': b"Listing '/home/nautilus/NautilusSW/nautilus_ws/install/nautilus_sensors/local/lib/python3.10/dist-packages/DVL'...\n"}
[2.134853] (nautilus_sensors) StdoutLine: {'line': b'-- Up-to-date: /home/nautilus/NautilusSW/nautilus_ws/install/nautilus_sensors/local/lib/python3.10/dist-packages/vision-0.0.0-py3.10.egg-info\n'}
[2.135412] (nautilus_sensors) StdoutLine: {'line': b'-- Installing: /home/nautilus/NautilusSW/nautilus_ws/install/nautilus_sensors/local/lib/python3.10/dist-packages/vision-0.0.0-py3.10.egg-info/SOURCES.txt\n'}
[2.135607] (nautilus_sensors) StdoutLine: {'line': b'-- Installing: /home/nautilus/NautilusSW/nautilus_ws/install/nautilus_sensors/local/lib/python3.10/dist-packages/vision-0.0.0-py3.10.egg-info/PKG-INFO\n'}
[2.135907] (nautilus_sensors) StdoutLine: {'line': b'-- Installing: /home/nautilus/NautilusSW/nautilus_ws/install/nautilus_sensors/local/lib/python3.10/dist-packages/vision-0.0.0-py3.10.egg-info/dependency_links.txt\n'}
[2.136258] (nautilus_sensors) StdoutLine: {'line': b'-- Installing: /home/nautilus/NautilusSW/nautilus_ws/install/nautilus_sensors/local/lib/python3.10/dist-packages/vision-0.0.0-py3.10.egg-info/top_level.txt\n'}
[2.136478] (nautilus_sensors) StdoutLine: {'line': b'-- Up-to-date: /home/nautilus/NautilusSW/nautilus_ws/install/nautilus_sensors/local/lib/python3.10/dist-packages/vision\n'}
[2.136684] (nautilus_sensors) StdoutLine: {'line': b'-- Up-to-date: /home/nautilus/NautilusSW/nautilus_ws/install/nautilus_sensors/local/lib/python3.10/dist-packages/vision/yolo_models\n'}
[2.136866] (nautilus_sensors) StdoutLine: {'line': b'-- Up-to-date: /home/nautilus/NautilusSW/nautilus_ws/install/nautilus_sensors/local/lib/python3.10/dist-packages/vision/yolo_models/model_sim.pt\n'}
[2.137253] (nautilus_sensors) StdoutLine: {'line': b'-- Up-to-date: /home/nautilus/NautilusSW/nautilus_ws/install/nautilus_sensors/local/lib/python3.10/dist-packages/vision/yolo_models/Model_Realtime_18_mars.pt\n'}
[2.137453] (nautilus_sensors) StdoutLine: {'line': b'-- Up-to-date: /home/nautilus/NautilusSW/nautilus_ws/install/nautilus_sensors/local/lib/python3.10/dist-packages/vision/yolo_models/model_sim_low_res_openvino_model\n'}
[2.137633] (nautilus_sensors) StdoutLine: {'line': b'-- Up-to-date: /home/nautilus/NautilusSW/nautilus_ws/install/nautilus_sensors/local/lib/python3.10/dist-packages/vision/yolo_models/model_sim_low_res_openvino_model/model_sim_low_res.bin\n'}
[2.137855] (nautilus_sensors) StdoutLine: {'line': b'-- Up-to-date: /home/nautilus/NautilusSW/nautilus_ws/install/nautilus_sensors/local/lib/python3.10/dist-packages/vision/yolo_models/model_sim_low_res_openvino_model/model_sim_low_res.xml\n'}
[2.138025] (nautilus_sensors) StdoutLine: {'line': b'-- Up-to-date: /home/nautilus/NautilusSW/nautilus_ws/install/nautilus_sensors/local/lib/python3.10/dist-packages/vision/yolo_models/model_sim_low_res_openvino_model/metadata.yaml\n'}
[2.138193] (nautilus_sensors) StdoutLine: {'line': b'-- Up-to-date: /home/nautilus/NautilusSW/nautilus_ws/install/nautilus_sensors/local/lib/python3.10/dist-packages/vision/yolo_models/model_sim_low_res.pt\n'}
[2.138351] (nautilus_sensors) StdoutLine: {'line': b'-- Up-to-date: /home/nautilus/NautilusSW/nautilus_ws/install/nautilus_sensors/local/lib/python3.10/dist-packages/vision/yolo_models/best.pt\n'}
[2.138510] (nautilus_sensors) StdoutLine: {'line': b'-- Up-to-date: /home/nautilus/NautilusSW/nautilus_ws/install/nautilus_sensors/local/lib/python3.10/dist-packages/vision/yolo_models/model_sim_openvino_model\n'}
[2.138667] (nautilus_sensors) StdoutLine: {'line': b'-- Up-to-date: /home/nautilus/NautilusSW/nautilus_ws/install/nautilus_sensors/local/lib/python3.10/dist-packages/vision/yolo_models/model_sim_openvino_model/metadata.yaml\n'}
[2.138821] (nautilus_sensors) StdoutLine: {'line': b'-- Up-to-date: /home/nautilus/NautilusSW/nautilus_ws/install/nautilus_sensors/local/lib/python3.10/dist-packages/vision/yolo_models/model_sim_openvino_model/model_sim.bin\n'}
[2.138976] (nautilus_sensors) StdoutLine: {'line': b'-- Up-to-date: /home/nautilus/NautilusSW/nautilus_ws/install/nautilus_sensors/local/lib/python3.10/dist-packages/vision/yolo_models/model_sim_openvino_model/model_sim.xml\n'}
[2.139155] (nautilus_sensors) StdoutLine: {'line': b'-- Up-to-date: /home/nautilus/NautilusSW/nautilus_ws/install/nautilus_sensors/local/lib/python3.10/dist-packages/vision/stream.py\n'}
[2.139311] (nautilus_sensors) StdoutLine: {'line': b'-- Up-to-date: /home/nautilus/NautilusSW/nautilus_ws/install/nautilus_sensors/local/lib/python3.10/dist-packages/vision/Pixel_and_depth.py\n'}
[2.139466] (nautilus_sensors) StdoutLine: {'line': b'-- Up-to-date: /home/nautilus/NautilusSW/nautilus_ws/install/nautilus_sensors/local/lib/python3.10/dist-packages/vision/__init__.py\n'}
[2.139620] (nautilus_sensors) StdoutLine: {'line': b'-- Up-to-date: /home/nautilus/NautilusSW/nautilus_ws/install/nautilus_sensors/local/lib/python3.10/dist-packages/vision/Angle_between_object.py\n'}
[2.139776] (nautilus_sensors) StdoutLine: {'line': b'-- Installing: /home/nautilus/NautilusSW/nautilus_ws/install/nautilus_sensors/local/lib/python3.10/dist-packages/vision/yolo_pipeline.py\n'}
[2.208755] (-) TimerEvent: {}
[2.214969] (nautilus_sensors) StdoutLine: {'line': b"Listing '/home/nautilus/NautilusSW/nautilus_ws/install/nautilus_sensors/local/lib/python3.10/dist-packages/vision'...\n"}
[2.215334] (nautilus_sensors) StdoutLine: {'line': b"Listing '/home/nautilus/NautilusSW/nautilus_ws/install/nautilus_sensors/local/lib/python3.10/dist-packages/vision/yolo_models'...\n"}
[2.215476] (nautilus_sensors) StdoutLine: {'line': b"Listing '/home/nautilus/NautilusSW/nautilus_ws/install/nautilus_sensors/local/lib/python3.10/dist-packages/vision/yolo_models/model_sim_low_res_openvino_model'...\n"}
[2.215597] (nautilus_sensors) StdoutLine: {'line': b"Listing '/home/nautilus/NautilusSW/nautilus_ws/install/nautilus_sensors/local/lib/python3.10/dist-packages/vision/yolo_models/model_sim_openvino_model'...\n"}
[2.215707] (nautilus_sensors) StdoutLine: {'line': b"Compiling '/home/nautilus/NautilusSW/nautilus_ws/install/nautilus_sensors/local/lib/python3.10/dist-packages/vision/yolo_pipeline.py'...\n"}
[2.226991] (nautilus_sensors) StdoutLine: {'line': b'-- Up-to-date: /home/nautilus/NautilusSW/nautilus_ws/install/nautilus_sensors/lib/nautilus_sensors/fake_dvl\n'}
[2.227663] (nautilus_sensors) StdoutLine: {'line': b'-- Up-to-date: /home/nautilus/NautilusSW/nautilus_ws/install/nautilus_sensors/lib/nautilus_sensors/dvl_sensor_node\n'}
[2.228004] (nautilus_sensors) StdoutLine: {'line': b'-- Up-to-date: /home/nautilus/NautilusSW/nautilus_ws/install/nautilus_sensors/lib/nautilus_sensors/stream\n'}
[2.228557] (nautilus_sensors) StdoutLine: {'line': b'-- Installing: /home/nautilus/NautilusSW/nautilus_ws/install/nautilus_sensors/lib/nautilus_sensors/yolo_pipeline\n'}
[2.229009] (nautilus_sensors) StdoutLine: {'line': b'-- Up-to-date: /home/nautilus/NautilusSW/nautilus_ws/install/nautilus_sensors/share/nautilus_sensors/DVl\n'}
[2.229434] (nautilus_sensors) StdoutLine: {'line': b'-- Up-to-date: /home/nautilus/NautilusSW/nautilus_ws/install/nautilus_sensors/share/nautilus_sensors/DVl/fake_dvl.py\n'}
[2.229872] (nautilus_sensors) StdoutLine: {'line': b'-- Up-to-date: /home/nautilus/NautilusSW/nautilus_ws/install/nautilus_sensors/share/nautilus_sensors/DVl/README.md\n'}
[2.230151] (nautilus_sensors) StdoutLine: {'line': b'-- Up-to-date: /home/nautilus/NautilusSW/nautilus_ws/install/nautilus_sensors/share/nautilus_sensors/DVl/dvl_sensor_node.py\n'}
[2.230375] (nautilus_sensors) StdoutLine: {'line': b'-- Up-to-date: /home/nautilus/NautilusSW/nautilus_ws/install/nautilus_sensors/share/nautilus_sensors/DVl/__init__.py\n'}
[2.230648] (nautilus_sensors) StdoutLine: {'line': b'-- Up-to-date: /home/nautilus/NautilusSW/nautilus_ws/install/nautilus_sensors/share/nautilus_sensors/vision\n'}
[2.230943] (nautilus_sensors) StdoutLine: {'line': b'-- Up-to-date: /home/nautilus/NautilusSW/nautilus_ws/install/nautilus_sensors/share/nautilus_sensors/vision/yolo_models\n'}
[2.231259] (nautilus_sensors) StdoutLine: {'line': b'-- Up-to-date: /home/nautilus/NautilusSW/nautilus_ws/install/nautilus_sensors/share/nautilus_sensors/vision/yolo_models/model_sim.pt\n'}
[2.231626] (nautilus_sensors) StdoutLine: {'line': b'-- Up-to-date: /home/nautilus/NautilusSW/nautilus_ws/install/nautilus_sensors/share/nautilus_sensors/vision/yolo_models/Model_Realtime_18_mars.pt\n'}
[2.232023] (nautilus_sensors) StdoutLine: {'line': b'-- Up-to-date: /home/nautilus/NautilusSW/nautilus_ws/install/nautilus_sensors/share/nautilus_sensors/vision/yolo_models/model_sim_low_res_openvino_model\n'}
[2.232361] (nautilus_sensors) StdoutLine: {'line': b'-- Up-to-date: /home/nautilus/NautilusSW/nautilus_ws/install/nautilus_sensors/share/nautilus_sensors/vision/yolo_models/model_sim_low_res_openvino_model/model_sim_low_res.bin\n'}
[2.232594] (nautilus_sensors) StdoutLine: {'line': b'-- Up-to-date: /home/nautilus/NautilusSW/nautilus_ws/install/nautilus_sensors/share/nautilus_sensors/vision/yolo_models/model_sim_low_res_openvino_model/model_sim_low_res.xml\n'}
[2.232875] (nautilus_sensors) StdoutLine: {'line': b'-- Up-to-date: /home/nautilus/NautilusSW/nautilus_ws/install/nautilus_sensors/share/nautilus_sensors/vision/yolo_models/model_sim_low_res_openvino_model/metadata.yaml\n'}
[2.233276] (nautilus_sensors) StdoutLine: {'line': b'-- Up-to-date: /home/nautilus/NautilusSW/nautilus_ws/install/nautilus_sensors/share/nautilus_sensors/vision/yolo_models/model_sim_low_res.pt\n'}
[2.233521] (nautilus_sensors) StdoutLine: {'line': b'-- Up-to-date: /home/nautilus/NautilusSW/nautilus_ws/install/nautilus_sensors/share/nautilus_sensors/vision/yolo_models/best.pt\n'}
[2.233758] (nautilus_sensors) StdoutLine: {'line': b'-- Up-to-date: /home/nautilus/NautilusSW/nautilus_ws/install/nautilus_sensors/share/nautilus_sensors/vision/yolo_models/model_sim_openvino_model\n'}
[2.233982] (nautilus_sensors) StdoutLine: {'line': b'-- Up-to-date: /home/nautilus/NautilusSW/nautilus_ws/install/nautilus_sensors/share/nautilus_sensors/vision/yolo_models/model_sim_openvino_model/metadata.yaml\n'}
[2.234196] (nautilus_sensors) StdoutLine: {'line': b'-- Up-to-date: /home/nautilus/NautilusSW/nautilus_ws/install/nautilus_sensors/share/nautilus_sensors/vision/yolo_models/model_sim_openvino_model/model_sim.bin\n'}
[2.234440] (nautilus_sensors) StdoutLine: {'line': b'-- Up-to-date: /home/nautilus/NautilusSW/nautilus_ws/install/nautilus_sensors/share/nautilus_sensors/vision/yolo_models/model_sim_openvino_model/model_sim.xml\n'}
[2.234646] (nautilus_sensors) StdoutLine: {'line': b'-- Up-to-date: /home/nautilus/NautilusSW/nautilus_ws/install/nautilus_sensors/share/nautilus_sensors/vision/stream.py\n'}
[2.234851] (nautilus_sensors) StdoutLine: {'line': b'-- Up-to-date: /home/nautilus/NautilusSW/nautilus_ws/install/nautilus_sensors/share/nautilus_sensors/vision/Pixel_and_depth.py\n'}
[2.235092] (nautilus_sensors) StdoutLine: {'line': b'-- Up-to-date: /home/nautilus/NautilusSW/nautilus_ws/install/nautilus_sensors/share/nautilus_sensors/vision/__init__.py\n'}
[2.235315] (nautilus_sensors) StdoutLine: {'line': b'-- Up-to-date: /home/nautilus/NautilusSW/nautilus_ws/install/nautilus_sensors/share/nautilus_sensors/vision/Angle_between_object.py\n'}
[2.235723] (nautilus_sensors) StdoutLine: {'line': b'-- Installing: /home/nautilus/NautilusSW/nautilus_ws/install/nautilus_sensors/share/nautilus_sensors/vision/yolo_pipeline.py\n'}
[2.236007] (nautilus_sensors) StdoutLine: {'line': b'-- Up-to-date: /home/nautilus/NautilusSW/nautilus_ws/install/nautilus_sensors/share/nautilus_sensors/package.xml\n'}
[2.236231] (nautilus_sensors) StdoutLine: {'line': b'-- Up-to-date: /home/nautilus/NautilusSW/nautilus_ws/install/nautilus_sensors/share/ament_index/resource_index/package_run_dependencies/nautilus_sensors\n'}
[2.236443] (nautilus_sensors) StdoutLine: {'line': b'-- Up-to-date: /home/nautilus/NautilusSW/nautilus_ws/install/nautilus_sensors/share/ament_index/resource_index/parent_prefix_path/nautilus_sensors\n'}
[2.236651] (nautilus_sensors) StdoutLine: {'line': b'-- Up-to-date: /home/nautilus/NautilusSW/nautilus_ws/install/nautilus_sensors/share/nautilus_sensors/environment/ament_prefix_path.sh\n'}
[2.236858] (nautilus_sensors) StdoutLine: {'line': b'-- Up-to-date: /home/nautilus/NautilusSW/nautilus_ws/install/nautilus_sensors/share/nautilus_sensors/environment/ament_prefix_path.dsv\n'}
[2.237097] (nautilus_sensors) StdoutLine: {'line': b'-- Up-to-date: /home/nautilus/NautilusSW/nautilus_ws/install/nautilus_sensors/share/nautilus_sensors/environment/path.sh\n'}
[2.237304] (nautilus_sensors) StdoutLine: {'line': b'-- Up-to-date: /home/nautilus/NautilusSW/nautilus_ws/install/nautilus_sensors/share/nautilus_sensors/environment/path.dsv\n'}
[2.237512] (nautilus_sensors) StdoutLine: {'line': b'-- Up-to-date: /home/nautilus/NautilusSW/nautilus_ws/install/nautilus_sensors/share/nautilus_sensors/local_setup.bash\n'}
[2.237719] (nautilus_sensors) StdoutLine: {'line': b'-- Up-to-date: /home/nautilus/NautilusSW/nautilus_ws/install/nautilus_sensors/share/nautilus_sensors/local_setup.sh\n'}
[2.237928] (nautilus_sensors) StdoutLine: {'line': b'-- Up-to-date: /home/nautilus/NautilusSW/nautilus_ws/install/nautilus_sensors/share/nautilus_sensors/local_setup.zsh\n'}
[2.238132] (nautilus_sensors) StdoutLine: {'line': b'-- Up-to-date: /home/nautilus/NautilusSW/nautilus_ws/install/nautilus_sensors/share/nautilus_sensors/local_setup.dsv\n'}
[2.238334] (nautilus_sensors) StdoutLine: {'line': b'-- Installing: /home/nautilus/NautilusSW/nautilus_ws/install/nautilus_sensors/share/nautilus_sensors/package.dsv\n'}
[2.238532] (nautilus_sensors) StdoutLine: {'line': b'-- Up-to-date: /home/nautilus/NautilusSW/nautilus_ws/install/nautilus_sensors/share/ament_index/resource_index/packages/nautilus_sensors\n'}
[2.238961] (nautilus_sensors) StdoutLine: {'line': b'-- Up-to-date: /home/nautilus/NautilusSW/nautilus_ws/install/nautilus_sensors/share/nautilus_sensors/cmake/nautilus_sensorsConfig.cmake\n'}
[2.239769] (nautilus_sensors) StdoutLine: {'line': b'-- Up-to-date: /home/nautilus/NautilusSW/nautilus_ws/install/nautilus_sensors/share/nautilus_sensors/cmake/nautilus_sensorsConfig-version.cmake\n'}
[2.240616] (nautilus_sensors) StdoutLine: {'line': b'-- Up-to-date: /home/nautilus/NautilusSW/nautilus_ws/install/nautilus_sensors/share/nautilus_sensors/package.xml\n'}
[2.242780] (nautilus_sensors) CommandEnded: {'returncode': 0}
[2.290135] (nautilus_sensors) JobEnded: {'identifier': 'nautilus_sensors', 'rc': 0}
[2.292432] (-) EventReactorShutdown: {}
