[0.000000] (-) TimerEvent: {}
[0.000569] (nautilus_bringup) JobQueued: {'identifier': 'nautilus_bringup', 'dependencies': OrderedDict()}
[0.001032] (nautilus_controls) JobQueued: {'identifier': 'nautilus_controls', 'dependencies': OrderedDict()}
[0.001231] (nautilus_mission) JobQueued: {'identifier': 'nautilus_mission', 'dependencies': OrderedDict([('nautilus_controls', '/home/nautilus/NautilusSW/nautilus_ws/install/nautilus_controls')])}
[0.001450] (nautilus_sensors) JobQueued: {'identifier': 'nautilus_sensors', 'dependencies': OrderedDict([('nautilus_bringup', '/home/nautilus/NautilusSW/nautilus_ws/install/nautilus_bringup')])}
[0.001532] (nautilus_bringup) JobStarted: {'identifier': 'nautilus_bringup'}
[0.010089] (nautilus_controls) JobStarted: {'identifier': 'nautilus_controls'}
[0.017291] (nautilus_bringup) JobProgress: {'identifier': 'nautilus_bringup', 'progress': 'cmake'}
[0.018459] (nautilus_bringup) JobProgress: {'identifier': 'nautilus_bringup', 'progress': 'build'}
[0.020047] (nautilus_bringup) Command: {'cmd': ['/usr/bin/cmake', '--build', '/home/nautilus/NautilusSW/nautilus_ws/build/nautilus_bringup', '--', '-j6', '-l6'], 'cwd': '/home/nautilus/NautilusSW/nautilus_ws/build/nautilus_bringup', 'env': OrderedDict([('LESSOPEN', '| /usr/bin/lesspipe %s'), ('USER', 'nautilus'), ('XDG_SESSION_TYPE', 'x11'), ('SHLVL', '1'), ('LD_LIBRARY_PATH', '/opt/ros/humble/opt/rviz_ogre_vendor/lib:/opt/ros/humble/lib/aarch64-linux-gnu:/opt/ros/humble/lib'), ('HOME', '/home/nautilus'), ('DESKTOP_SESSION', 'ubuntu'), ('ROS_PYTHON_VERSION', '3'), ('GNOME_SHELL_SESSION_MODE', 'ubuntu'), ('GTK_MODULES', 'gail:atk-bridge'), ('DBUS_STARTER_BUS_TYPE', 'session'), ('SYSTEMD_EXEC_PID', '1772'), ('DBUS_SESSION_BUS_ADDRESS', 'unix:path=/run/user/1000/bus,guid=74938106cd4c71d5d648881669ebbd10'), ('COLORTERM', 'truecolor'), ('IM_CONFIG_PHASE', '1'), ('ROS_DISTRO', 'humble'), ('GTK_IM_MODULE', 'ibus'), ('LOGNAME', 'nautilus'), ('_', '/usr/bin/colcon'), ('ROS_VERSION', '2'), ('XDG_SESSION_CLASS', 'user'), ('USERNAME', 'nautilus'), ('TERM', 'xterm-256color'), ('GNOME_DESKTOP_SESSION_ID', 'this-is-deprecated'), ('ROS_LOCALHOST_ONLY', '0'), ('WINDOWPATH', '2'), ('PATH', '/opt/ros/humble/bin:/home/nautilus/.local/bin:/home/nautilus/.local/bin:/usr/local/sbin:/usr/local/bin:/usr/sbin:/usr/bin:/sbin:/bin:/usr/games:/usr/local/games:/snap/bin:/home/nautilus/.local/bin'), ('SESSION_MANAGER', 'local/nautilus-desktop:@/tmp/.ICE-unix/1772,unix/nautilus-desktop:/tmp/.ICE-unix/1772'), ('XDG_MENU_PREFIX', 'gnome-'), ('GNOME_TERMINAL_SCREEN', '/org/gnome/Terminal/screen/6369f139_43ee_4edf_880e_cb00aef0d88f'), ('XDG_RUNTIME_DIR', '/run/user/1000'), ('DISPLAY', ':0'), ('LANG', 'en_US.UTF-8'), ('XDG_CURRENT_DESKTOP', 'ubuntu:GNOME'), ('XMODIFIERS', '@im=ibus'), ('XDG_SESSION_DESKTOP', 'ubuntu'), ('XAUTHORITY', '/run/user/1000/gdm/Xauthority'), ('LS_COLORS', 'rs=0:di=01;34:ln=01;36:mh=00:pi=40;33:so=01;35:do=01;35:bd=40;33;01:cd=40;33;01:or=40;31;01:mi=00:su=37;41:sg=30;43:ca=30;41:tw=30;42:ow=34;42:st=37;44:ex=01;32:*.tar=01;31:*.tgz=01;31:*.arc=01;31:*.arj=01;31:*.taz=01;31:*.lha=01;31:*.lz4=01;31:*.lzh=01;31:*.lzma=01;31:*.tlz=01;31:*.txz=01;31:*.tzo=01;31:*.t7z=01;31:*.zip=01;31:*.z=01;31:*.dz=01;31:*.gz=01;31:*.lrz=01;31:*.lz=01;31:*.lzo=01;31:*.xz=01;31:*.zst=01;31:*.tzst=01;31:*.bz2=01;31:*.bz=01;31:*.tbz=01;31:*.tbz2=01;31:*.tz=01;31:*.deb=01;31:*.rpm=01;31:*.jar=01;31:*.war=01;31:*.ear=01;31:*.sar=01;31:*.rar=01;31:*.alz=01;31:*.ace=01;31:*.zoo=01;31:*.cpio=01;31:*.7z=01;31:*.rz=01;31:*.cab=01;31:*.wim=01;31:*.swm=01;31:*.dwm=01;31:*.esd=01;31:*.jpg=01;35:*.jpeg=01;35:*.mjpg=01;35:*.mjpeg=01;35:*.gif=01;35:*.bmp=01;35:*.pbm=01;35:*.pgm=01;35:*.ppm=01;35:*.tga=01;35:*.xbm=01;35:*.xpm=01;35:*.tif=01;35:*.tiff=01;35:*.png=01;35:*.svg=01;35:*.svgz=01;35:*.mng=01;35:*.pcx=01;35:*.mov=01;35:*.mpg=01;35:*.mpeg=01;35:*.m2v=01;35:*.mkv=01;35:*.webm=01;35:*.webp=01;35:*.ogm=01;35:*.mp4=01;35:*.m4v=01;35:*.mp4v=01;35:*.vob=01;35:*.qt=01;35:*.nuv=01;35:*.wmv=01;35:*.asf=01;35:*.rm=01;35:*.rmvb=01;35:*.flc=01;35:*.avi=01;35:*.fli=01;35:*.flv=01;35:*.gl=01;35:*.dl=01;35:*.xcf=01;35:*.xwd=01;35:*.yuv=01;35:*.cgm=01;35:*.emf=01;35:*.ogv=01;35:*.ogx=01;35:*.aac=00;36:*.au=00;36:*.flac=00;36:*.m4a=00;36:*.mid=00;36:*.midi=00;36:*.mka=00;36:*.mp3=00;36:*.mpc=00;36:*.ogg=00;36:*.ra=00;36:*.wav=00;36:*.oga=00;36:*.opus=00;36:*.spx=00;36:*.xspf=00;36:'), ('GNOME_TERMINAL_SERVICE', ':1.101'), ('SSH_AGENT_LAUNCHER', 'gnome-keyring'), ('SSH_AUTH_SOCK', '/run/user/1000/keyring/ssh'), ('AMENT_PREFIX_PATH', '/opt/ros/humble'), ('SHELL', '/bin/bash'), ('QT_ACCESSIBILITY', '1'), ('GDMSESSION', 'ubuntu'), ('LESSCLOSE', '/usr/bin/lesspipe %s %s'), ('GPG_AGENT_INFO', '/run/user/1000/gnupg/S.gpg-agent:0:1'), ('QT_IM_MODULE', 'ibus'), ('PWD', '/home/nautilus/NautilusSW/nautilus_ws/build/nautilus_bringup'), ('LC_ALL', 'en_US.UTF-8'), ('XDG_CONFIG_DIRS', '/etc/xdg/xdg-ubuntu:/etc/xdg'), ('DBUS_STARTER_ADDRESS', 'unix:path=/run/user/1000/bus,guid=74938106cd4c71d5d648881669ebbd10'), ('XDG_DATA_DIRS', '/usr/share/ubuntu:/usr/share/gnome:/usr/local/share/:/usr/share/'), ('PYTHONPATH', '/opt/ros/humble/lib/python3.10/site-packages:/opt/ros/humble/local/lib/python3.10/dist-packages'), ('COLCON', '1'), ('VTE_VERSION', '6800'), ('CMAKE_PREFIX_PATH', '/opt/ros/humble')]), 'shell': False}
[0.025529] (nautilus_controls) JobProgress: {'identifier': 'nautilus_controls', 'progress': 'cmake'}
[0.026572] (nautilus_controls) JobProgress: {'identifier': 'nautilus_controls', 'progress': 'build'}
[0.026924] (nautilus_controls) Command: {'cmd': ['/usr/bin/cmake', '--build', '/home/nautilus/NautilusSW/nautilus_ws/build/nautilus_controls', '--', '-j6', '-l6'], 'cwd': '/home/nautilus/NautilusSW/nautilus_ws/build/nautilus_controls', 'env': OrderedDict([('LESSOPEN', '| /usr/bin/lesspipe %s'), ('USER', 'nautilus'), ('XDG_SESSION_TYPE', 'x11'), ('SHLVL', '1'), ('LD_LIBRARY_PATH', '/opt/ros/humble/opt/rviz_ogre_vendor/lib:/opt/ros/humble/lib/aarch64-linux-gnu:/opt/ros/humble/lib'), ('HOME', '/home/nautilus'), ('DESKTOP_SESSION', 'ubuntu'), ('ROS_PYTHON_VERSION', '3'), ('GNOME_SHELL_SESSION_MODE', 'ubuntu'), ('GTK_MODULES', 'gail:atk-bridge'), ('DBUS_STARTER_BUS_TYPE', 'session'), ('SYSTEMD_EXEC_PID', '1772'), ('DBUS_SESSION_BUS_ADDRESS', 'unix:path=/run/user/1000/bus,guid=74938106cd4c71d5d648881669ebbd10'), ('COLORTERM', 'truecolor'), ('IM_CONFIG_PHASE', '1'), ('ROS_DISTRO', 'humble'), ('GTK_IM_MODULE', 'ibus'), ('LOGNAME', 'nautilus'), ('_', '/usr/bin/colcon'), ('ROS_VERSION', '2'), ('XDG_SESSION_CLASS', 'user'), ('USERNAME', 'nautilus'), ('TERM', 'xterm-256color'), ('GNOME_DESKTOP_SESSION_ID', 'this-is-deprecated'), ('ROS_LOCALHOST_ONLY', '0'), ('WINDOWPATH', '2'), ('PATH', '/opt/ros/humble/bin:/home/nautilus/.local/bin:/home/nautilus/.local/bin:/usr/local/sbin:/usr/local/bin:/usr/sbin:/usr/bin:/sbin:/bin:/usr/games:/usr/local/games:/snap/bin:/home/nautilus/.local/bin'), ('SESSION_MANAGER', 'local/nautilus-desktop:@/tmp/.ICE-unix/1772,unix/nautilus-desktop:/tmp/.ICE-unix/1772'), ('XDG_MENU_PREFIX', 'gnome-'), ('GNOME_TERMINAL_SCREEN', '/org/gnome/Terminal/screen/6369f139_43ee_4edf_880e_cb00aef0d88f'), ('XDG_RUNTIME_DIR', '/run/user/1000'), ('DISPLAY', ':0'), ('LANG', 'en_US.UTF-8'), ('XDG_CURRENT_DESKTOP', 'ubuntu:GNOME'), ('XMODIFIERS', '@im=ibus'), ('XDG_SESSION_DESKTOP', 'ubuntu'), ('XAUTHORITY', '/run/user/1000/gdm/Xauthority'), ('LS_COLORS', 'rs=0:di=01;34:ln=01;36:mh=00:pi=40;33:so=01;35:do=01;35:bd=40;33;01:cd=40;33;01:or=40;31;01:mi=00:su=37;41:sg=30;43:ca=30;41:tw=30;42:ow=34;42:st=37;44:ex=01;32:*.tar=01;31:*.tgz=01;31:*.arc=01;31:*.arj=01;31:*.taz=01;31:*.lha=01;31:*.lz4=01;31:*.lzh=01;31:*.lzma=01;31:*.tlz=01;31:*.txz=01;31:*.tzo=01;31:*.t7z=01;31:*.zip=01;31:*.z=01;31:*.dz=01;31:*.gz=01;31:*.lrz=01;31:*.lz=01;31:*.lzo=01;31:*.xz=01;31:*.zst=01;31:*.tzst=01;31:*.bz2=01;31:*.bz=01;31:*.tbz=01;31:*.tbz2=01;31:*.tz=01;31:*.deb=01;31:*.rpm=01;31:*.jar=01;31:*.war=01;31:*.ear=01;31:*.sar=01;31:*.rar=01;31:*.alz=01;31:*.ace=01;31:*.zoo=01;31:*.cpio=01;31:*.7z=01;31:*.rz=01;31:*.cab=01;31:*.wim=01;31:*.swm=01;31:*.dwm=01;31:*.esd=01;31:*.jpg=01;35:*.jpeg=01;35:*.mjpg=01;35:*.mjpeg=01;35:*.gif=01;35:*.bmp=01;35:*.pbm=01;35:*.pgm=01;35:*.ppm=01;35:*.tga=01;35:*.xbm=01;35:*.xpm=01;35:*.tif=01;35:*.tiff=01;35:*.png=01;35:*.svg=01;35:*.svgz=01;35:*.mng=01;35:*.pcx=01;35:*.mov=01;35:*.mpg=01;35:*.mpeg=01;35:*.m2v=01;35:*.mkv=01;35:*.webm=01;35:*.webp=01;35:*.ogm=01;35:*.mp4=01;35:*.m4v=01;35:*.mp4v=01;35:*.vob=01;35:*.qt=01;35:*.nuv=01;35:*.wmv=01;35:*.asf=01;35:*.rm=01;35:*.rmvb=01;35:*.flc=01;35:*.avi=01;35:*.fli=01;35:*.flv=01;35:*.gl=01;35:*.dl=01;35:*.xcf=01;35:*.xwd=01;35:*.yuv=01;35:*.cgm=01;35:*.emf=01;35:*.ogv=01;35:*.ogx=01;35:*.aac=00;36:*.au=00;36:*.flac=00;36:*.m4a=00;36:*.mid=00;36:*.midi=00;36:*.mka=00;36:*.mp3=00;36:*.mpc=00;36:*.ogg=00;36:*.ra=00;36:*.wav=00;36:*.oga=00;36:*.opus=00;36:*.spx=00;36:*.xspf=00;36:'), ('GNOME_TERMINAL_SERVICE', ':1.101'), ('SSH_AGENT_LAUNCHER', 'gnome-keyring'), ('SSH_AUTH_SOCK', '/run/user/1000/keyring/ssh'), ('AMENT_PREFIX_PATH', '/opt/ros/humble'), ('SHELL', '/bin/bash'), ('QT_ACCESSIBILITY', '1'), ('GDMSESSION', 'ubuntu'), ('LESSCLOSE', '/usr/bin/lesspipe %s %s'), ('GPG_AGENT_INFO', '/run/user/1000/gnupg/S.gpg-agent:0:1'), ('QT_IM_MODULE', 'ibus'), ('PWD', '/home/nautilus/NautilusSW/nautilus_ws/build/nautilus_controls'), ('LC_ALL', 'en_US.UTF-8'), ('XDG_CONFIG_DIRS', '/etc/xdg/xdg-ubuntu:/etc/xdg'), ('DBUS_STARTER_ADDRESS', 'unix:path=/run/user/1000/bus,guid=74938106cd4c71d5d648881669ebbd10'), ('XDG_DATA_DIRS', '/usr/share/ubuntu:/usr/share/gnome:/usr/local/share/:/usr/share/'), ('PYTHONPATH', '/opt/ros/humble/lib/python3.10/site-packages:/opt/ros/humble/local/lib/python3.10/dist-packages'), ('COLCON', '1'), ('VTE_VERSION', '6800'), ('CMAKE_PREFIX_PATH', '/opt/ros/humble')]), 'shell': False}
[0.099575] (-) TimerEvent: {}
[0.103124] (nautilus_bringup) StdoutLine: {'line': b'Built target ament_cmake_python_copy_nautilus_bringup\n'}
[0.117346] (nautilus_controls) StdoutLine: {'line': b'Built target ament_cmake_python_copy_nautilus_controls\n'}
[0.199716] (-) TimerEvent: {}
[0.300313] (-) TimerEvent: {}
[0.400879] (-) TimerEvent: {}
[0.501471] (-) TimerEvent: {}
[0.519490] (nautilus_bringup) StdoutLine: {'line': b'running egg_info\n'}
[0.545036] (nautilus_controls) StdoutLine: {'line': b'running egg_info\n'}
[0.553323] (nautilus_bringup) StdoutLine: {'line': b'writing nautilus_bringup.egg-info/PKG-INFO\n'}
[0.554415] (nautilus_bringup) StdoutLine: {'line': b'writing dependency_links to nautilus_bringup.egg-info/dependency_links.txt\n'}
[0.555112] (nautilus_bringup) StdoutLine: {'line': b'writing top-level names to nautilus_bringup.egg-info/top_level.txt\n'}
[0.576943] (nautilus_controls) StdoutLine: {'line': b'writing nautilus_controls.egg-info/PKG-INFO\n'}
[0.577891] (nautilus_controls) StdoutLine: {'line': b'writing dependency_links to nautilus_controls.egg-info/dependency_links.txt\n'}
[0.578524] (nautilus_controls) StdoutLine: {'line': b'writing top-level names to nautilus_controls.egg-info/top_level.txt\n'}
[0.601567] (-) TimerEvent: {}
[0.650839] (nautilus_bringup) StdoutLine: {'line': b"reading manifest file 'nautilus_bringup.egg-info/SOURCES.txt'\n"}
[0.652825] (nautilus_bringup) StdoutLine: {'line': b"writing manifest file 'nautilus_bringup.egg-info/SOURCES.txt'\n"}
[0.674005] (nautilus_controls) StdoutLine: {'line': b"reading manifest file 'nautilus_controls.egg-info/SOURCES.txt'\n"}
[0.676061] (nautilus_controls) StdoutLine: {'line': b"writing manifest file 'nautilus_controls.egg-info/SOURCES.txt'\n"}
[0.701718] (-) TimerEvent: {}
[0.726956] (nautilus_bringup) StdoutLine: {'line': b'Built target ament_cmake_python_build_nautilus_bringup_egg\n'}
[0.747832] (nautilus_bringup) CommandEnded: {'returncode': 0}
[0.749241] (nautilus_controls) StdoutLine: {'line': b'Built target ament_cmake_python_build_nautilus_controls_egg\n'}
[0.750065] (nautilus_bringup) JobProgress: {'identifier': 'nautilus_bringup', 'progress': 'install'}
[0.766591] (nautilus_bringup) Command: {'cmd': ['/usr/bin/cmake', '--install', '/home/nautilus/NautilusSW/nautilus_ws/build/nautilus_bringup'], 'cwd': '/home/nautilus/NautilusSW/nautilus_ws/build/nautilus_bringup', 'env': OrderedDict([('LESSOPEN', '| /usr/bin/lesspipe %s'), ('USER', 'nautilus'), ('XDG_SESSION_TYPE', 'x11'), ('SHLVL', '1'), ('LD_LIBRARY_PATH', '/opt/ros/humble/opt/rviz_ogre_vendor/lib:/opt/ros/humble/lib/aarch64-linux-gnu:/opt/ros/humble/lib'), ('HOME', '/home/nautilus'), ('DESKTOP_SESSION', 'ubuntu'), ('ROS_PYTHON_VERSION', '3'), ('GNOME_SHELL_SESSION_MODE', 'ubuntu'), ('GTK_MODULES', 'gail:atk-bridge'), ('DBUS_STARTER_BUS_TYPE', 'session'), ('SYSTEMD_EXEC_PID', '1772'), ('DBUS_SESSION_BUS_ADDRESS', 'unix:path=/run/user/1000/bus,guid=74938106cd4c71d5d648881669ebbd10'), ('COLORTERM', 'truecolor'), ('IM_CONFIG_PHASE', '1'), ('ROS_DISTRO', 'humble'), ('GTK_IM_MODULE', 'ibus'), ('LOGNAME', 'nautilus'), ('_', '/usr/bin/colcon'), ('ROS_VERSION', '2'), ('XDG_SESSION_CLASS', 'user'), ('USERNAME', 'nautilus'), ('TERM', 'xterm-256color'), ('GNOME_DESKTOP_SESSION_ID', 'this-is-deprecated'), ('ROS_LOCALHOST_ONLY', '0'), ('WINDOWPATH', '2'), ('PATH', '/opt/ros/humble/bin:/home/nautilus/.local/bin:/home/nautilus/.local/bin:/usr/local/sbin:/usr/local/bin:/usr/sbin:/usr/bin:/sbin:/bin:/usr/games:/usr/local/games:/snap/bin:/home/nautilus/.local/bin'), ('SESSION_MANAGER', 'local/nautilus-desktop:@/tmp/.ICE-unix/1772,unix/nautilus-desktop:/tmp/.ICE-unix/1772'), ('XDG_MENU_PREFIX', 'gnome-'), ('GNOME_TERMINAL_SCREEN', '/org/gnome/Terminal/screen/6369f139_43ee_4edf_880e_cb00aef0d88f'), ('XDG_RUNTIME_DIR', '/run/user/1000'), ('DISPLAY', ':0'), ('LANG', 'en_US.UTF-8'), ('XDG_CURRENT_DESKTOP', 'ubuntu:GNOME'), ('XMODIFIERS', '@im=ibus'), ('XDG_SESSION_DESKTOP', 'ubuntu'), ('XAUTHORITY', '/run/user/1000/gdm/Xauthority'), ('LS_COLORS', 'rs=0:di=01;34:ln=01;36:mh=00:pi=40;33:so=01;35:do=01;35:bd=40;33;01:cd=40;33;01:or=40;31;01:mi=00:su=37;41:sg=30;43:ca=30;41:tw=30;42:ow=34;42:st=37;44:ex=01;32:*.tar=01;31:*.tgz=01;31:*.arc=01;31:*.arj=01;31:*.taz=01;31:*.lha=01;31:*.lz4=01;31:*.lzh=01;31:*.lzma=01;31:*.tlz=01;31:*.txz=01;31:*.tzo=01;31:*.t7z=01;31:*.zip=01;31:*.z=01;31:*.dz=01;31:*.gz=01;31:*.lrz=01;31:*.lz=01;31:*.lzo=01;31:*.xz=01;31:*.zst=01;31:*.tzst=01;31:*.bz2=01;31:*.bz=01;31:*.tbz=01;31:*.tbz2=01;31:*.tz=01;31:*.deb=01;31:*.rpm=01;31:*.jar=01;31:*.war=01;31:*.ear=01;31:*.sar=01;31:*.rar=01;31:*.alz=01;31:*.ace=01;31:*.zoo=01;31:*.cpio=01;31:*.7z=01;31:*.rz=01;31:*.cab=01;31:*.wim=01;31:*.swm=01;31:*.dwm=01;31:*.esd=01;31:*.jpg=01;35:*.jpeg=01;35:*.mjpg=01;35:*.mjpeg=01;35:*.gif=01;35:*.bmp=01;35:*.pbm=01;35:*.pgm=01;35:*.ppm=01;35:*.tga=01;35:*.xbm=01;35:*.xpm=01;35:*.tif=01;35:*.tiff=01;35:*.png=01;35:*.svg=01;35:*.svgz=01;35:*.mng=01;35:*.pcx=01;35:*.mov=01;35:*.mpg=01;35:*.mpeg=01;35:*.m2v=01;35:*.mkv=01;35:*.webm=01;35:*.webp=01;35:*.ogm=01;35:*.mp4=01;35:*.m4v=01;35:*.mp4v=01;35:*.vob=01;35:*.qt=01;35:*.nuv=01;35:*.wmv=01;35:*.asf=01;35:*.rm=01;35:*.rmvb=01;35:*.flc=01;35:*.avi=01;35:*.fli=01;35:*.flv=01;35:*.gl=01;35:*.dl=01;35:*.xcf=01;35:*.xwd=01;35:*.yuv=01;35:*.cgm=01;35:*.emf=01;35:*.ogv=01;35:*.ogx=01;35:*.aac=00;36:*.au=00;36:*.flac=00;36:*.m4a=00;36:*.mid=00;36:*.midi=00;36:*.mka=00;36:*.mp3=00;36:*.mpc=00;36:*.ogg=00;36:*.ra=00;36:*.wav=00;36:*.oga=00;36:*.opus=00;36:*.spx=00;36:*.xspf=00;36:'), ('GNOME_TERMINAL_SERVICE', ':1.101'), ('SSH_AGENT_LAUNCHER', 'gnome-keyring'), ('SSH_AUTH_SOCK', '/run/user/1000/keyring/ssh'), ('AMENT_PREFIX_PATH', '/opt/ros/humble'), ('SHELL', '/bin/bash'), ('QT_ACCESSIBILITY', '1'), ('GDMSESSION', 'ubuntu'), ('LESSCLOSE', '/usr/bin/lesspipe %s %s'), ('GPG_AGENT_INFO', '/run/user/1000/gnupg/S.gpg-agent:0:1'), ('QT_IM_MODULE', 'ibus'), ('PWD', '/home/nautilus/NautilusSW/nautilus_ws/build/nautilus_bringup'), ('LC_ALL', 'en_US.UTF-8'), ('XDG_CONFIG_DIRS', '/etc/xdg/xdg-ubuntu:/etc/xdg'), ('DBUS_STARTER_ADDRESS', 'unix:path=/run/user/1000/bus,guid=74938106cd4c71d5d648881669ebbd10'), ('XDG_DATA_DIRS', '/usr/share/ubuntu:/usr/share/gnome:/usr/local/share/:/usr/share/'), ('PYTHONPATH', '/opt/ros/humble/lib/python3.10/site-packages:/opt/ros/humble/local/lib/python3.10/dist-packages'), ('COLCON', '1'), ('VTE_VERSION', '6800'), ('CMAKE_PREFIX_PATH', '/opt/ros/humble')]), 'shell': False}
[0.772675] (nautilus_controls) CommandEnded: {'returncode': 0}
[0.774610] (nautilus_controls) JobProgress: {'identifier': 'nautilus_controls', 'progress': 'install'}
[0.775134] (nautilus_controls) Command: {'cmd': ['/usr/bin/cmake', '--install', '/home/nautilus/NautilusSW/nautilus_ws/build/nautilus_controls'], 'cwd': '/home/nautilus/NautilusSW/nautilus_ws/build/nautilus_controls', 'env': OrderedDict([('LESSOPEN', '| /usr/bin/lesspipe %s'), ('USER', 'nautilus'), ('XDG_SESSION_TYPE', 'x11'), ('SHLVL', '1'), ('LD_LIBRARY_PATH', '/opt/ros/humble/opt/rviz_ogre_vendor/lib:/opt/ros/humble/lib/aarch64-linux-gnu:/opt/ros/humble/lib'), ('HOME', '/home/nautilus'), ('DESKTOP_SESSION', 'ubuntu'), ('ROS_PYTHON_VERSION', '3'), ('GNOME_SHELL_SESSION_MODE', 'ubuntu'), ('GTK_MODULES', 'gail:atk-bridge'), ('DBUS_STARTER_BUS_TYPE', 'session'), ('SYSTEMD_EXEC_PID', '1772'), ('DBUS_SESSION_BUS_ADDRESS', 'unix:path=/run/user/1000/bus,guid=74938106cd4c71d5d648881669ebbd10'), ('COLORTERM', 'truecolor'), ('IM_CONFIG_PHASE', '1'), ('ROS_DISTRO', 'humble'), ('GTK_IM_MODULE', 'ibus'), ('LOGNAME', 'nautilus'), ('_', '/usr/bin/colcon'), ('ROS_VERSION', '2'), ('XDG_SESSION_CLASS', 'user'), ('USERNAME', 'nautilus'), ('TERM', 'xterm-256color'), ('GNOME_DESKTOP_SESSION_ID', 'this-is-deprecated'), ('ROS_LOCALHOST_ONLY', '0'), ('WINDOWPATH', '2'), ('PATH', '/opt/ros/humble/bin:/home/nautilus/.local/bin:/home/nautilus/.local/bin:/usr/local/sbin:/usr/local/bin:/usr/sbin:/usr/bin:/sbin:/bin:/usr/games:/usr/local/games:/snap/bin:/home/nautilus/.local/bin'), ('SESSION_MANAGER', 'local/nautilus-desktop:@/tmp/.ICE-unix/1772,unix/nautilus-desktop:/tmp/.ICE-unix/1772'), ('XDG_MENU_PREFIX', 'gnome-'), ('GNOME_TERMINAL_SCREEN', '/org/gnome/Terminal/screen/6369f139_43ee_4edf_880e_cb00aef0d88f'), ('XDG_RUNTIME_DIR', '/run/user/1000'), ('DISPLAY', ':0'), ('LANG', 'en_US.UTF-8'), ('XDG_CURRENT_DESKTOP', 'ubuntu:GNOME'), ('XMODIFIERS', '@im=ibus'), ('XDG_SESSION_DESKTOP', 'ubuntu'), ('XAUTHORITY', '/run/user/1000/gdm/Xauthority'), ('LS_COLORS', 'rs=0:di=01;34:ln=01;36:mh=00:pi=40;33:so=01;35:do=01;35:bd=40;33;01:cd=40;33;01:or=40;31;01:mi=00:su=37;41:sg=30;43:ca=30;41:tw=30;42:ow=34;42:st=37;44:ex=01;32:*.tar=01;31:*.tgz=01;31:*.arc=01;31:*.arj=01;31:*.taz=01;31:*.lha=01;31:*.lz4=01;31:*.lzh=01;31:*.lzma=01;31:*.tlz=01;31:*.txz=01;31:*.tzo=01;31:*.t7z=01;31:*.zip=01;31:*.z=01;31:*.dz=01;31:*.gz=01;31:*.lrz=01;31:*.lz=01;31:*.lzo=01;31:*.xz=01;31:*.zst=01;31:*.tzst=01;31:*.bz2=01;31:*.bz=01;31:*.tbz=01;31:*.tbz2=01;31:*.tz=01;31:*.deb=01;31:*.rpm=01;31:*.jar=01;31:*.war=01;31:*.ear=01;31:*.sar=01;31:*.rar=01;31:*.alz=01;31:*.ace=01;31:*.zoo=01;31:*.cpio=01;31:*.7z=01;31:*.rz=01;31:*.cab=01;31:*.wim=01;31:*.swm=01;31:*.dwm=01;31:*.esd=01;31:*.jpg=01;35:*.jpeg=01;35:*.mjpg=01;35:*.mjpeg=01;35:*.gif=01;35:*.bmp=01;35:*.pbm=01;35:*.pgm=01;35:*.ppm=01;35:*.tga=01;35:*.xbm=01;35:*.xpm=01;35:*.tif=01;35:*.tiff=01;35:*.png=01;35:*.svg=01;35:*.svgz=01;35:*.mng=01;35:*.pcx=01;35:*.mov=01;35:*.mpg=01;35:*.mpeg=01;35:*.m2v=01;35:*.mkv=01;35:*.webm=01;35:*.webp=01;35:*.ogm=01;35:*.mp4=01;35:*.m4v=01;35:*.mp4v=01;35:*.vob=01;35:*.qt=01;35:*.nuv=01;35:*.wmv=01;35:*.asf=01;35:*.rm=01;35:*.rmvb=01;35:*.flc=01;35:*.avi=01;35:*.fli=01;35:*.flv=01;35:*.gl=01;35:*.dl=01;35:*.xcf=01;35:*.xwd=01;35:*.yuv=01;35:*.cgm=01;35:*.emf=01;35:*.ogv=01;35:*.ogx=01;35:*.aac=00;36:*.au=00;36:*.flac=00;36:*.m4a=00;36:*.mid=00;36:*.midi=00;36:*.mka=00;36:*.mp3=00;36:*.mpc=00;36:*.ogg=00;36:*.ra=00;36:*.wav=00;36:*.oga=00;36:*.opus=00;36:*.spx=00;36:*.xspf=00;36:'), ('GNOME_TERMINAL_SERVICE', ':1.101'), ('SSH_AGENT_LAUNCHER', 'gnome-keyring'), ('SSH_AUTH_SOCK', '/run/user/1000/keyring/ssh'), ('AMENT_PREFIX_PATH', '/opt/ros/humble'), ('SHELL', '/bin/bash'), ('QT_ACCESSIBILITY', '1'), ('GDMSESSION', 'ubuntu'), ('LESSCLOSE', '/usr/bin/lesspipe %s %s'), ('GPG_AGENT_INFO', '/run/user/1000/gnupg/S.gpg-agent:0:1'), ('QT_IM_MODULE', 'ibus'), ('PWD', '/home/nautilus/NautilusSW/nautilus_ws/build/nautilus_controls'), ('LC_ALL', 'en_US.UTF-8'), ('XDG_CONFIG_DIRS', '/etc/xdg/xdg-ubuntu:/etc/xdg'), ('DBUS_STARTER_ADDRESS', 'unix:path=/run/user/1000/bus,guid=74938106cd4c71d5d648881669ebbd10'), ('XDG_DATA_DIRS', '/usr/share/ubuntu:/usr/share/gnome:/usr/local/share/:/usr/share/'), ('PYTHONPATH', '/opt/ros/humble/lib/python3.10/site-packages:/opt/ros/humble/local/lib/python3.10/dist-packages'), ('COLCON', '1'), ('VTE_VERSION', '6800'), ('CMAKE_PREFIX_PATH', '/opt/ros/humble')]), 'shell': False}
[0.787590] (nautilus_bringup) StdoutLine: {'line': b'-- Install configuration: ""\n'}
[0.788171] (nautilus_bringup) StdoutLine: {'line': b'-- Up-to-date: /home/nautilus/NautilusSW/nautilus_ws/install/nautilus_bringup/share/nautilus_bringup/launch\n'}
[0.788562] (nautilus_bringup) StdoutLine: {'line': b'-- Up-to-date: /home/nautilus/NautilusSW/nautilus_ws/install/nautilus_bringup/share/nautilus_bringup/launch/robots\n'}
[0.788926] (nautilus_bringup) StdoutLine: {'line': b'-- Up-to-date: /home/nautilus/NautilusSW/nautilus_ws/install/nautilus_bringup/share/nautilus_bringup/launch/robots/orca_auv.launch.py\n'}
[0.789327] (nautilus_bringup) StdoutLine: {'line': b'-- Up-to-date: /home/nautilus/NautilusSW/nautilus_ws/install/nautilus_bringup/share/nautilus_bringup/launch/robots/nautilus_auv.launch.py\n'}
[0.789681] (nautilus_bringup) StdoutLine: {'line': b'-- Up-to-date: /home/nautilus/NautilusSW/nautilus_ws/install/nautilus_bringup/share/nautilus_bringup/launch/orca.launch.py\n'}
[0.790021] (nautilus_bringup) StdoutLine: {'line': b'-- Up-to-date: /home/nautilus/NautilusSW/nautilus_ws/install/nautilus_bringup/share/nautilus_bringup/launch/orca_comp.launch.py\n'}
[0.790417] (nautilus_bringup) StdoutLine: {'line': b'-- Up-to-date: /home/nautilus/NautilusSW/nautilus_ws/install/nautilus_bringup/share/nautilus_bringup/launch/mavproxy_router.launch.py\n'}
[0.790684] (nautilus_bringup) StdoutLine: {'line': b'-- Up-to-date: /home/nautilus/NautilusSW/nautilus_ws/install/nautilus_bringup/share/nautilus_bringup/config\n'}
[0.791023] (nautilus_bringup) StdoutLine: {'line': b'-- Up-to-date: /home/nautilus/NautilusSW/nautilus_ws/install/nautilus_bringup/share/nautilus_bringup/config/nautilus_auv_bridge.yaml\n'}
[0.791298] (nautilus_bringup) StdoutLine: {'line': b'-- Up-to-date: /home/nautilus/NautilusSW/nautilus_ws/install/nautilus_bringup/share/nautilus_bringup/nautilus_auv\n'}
[0.791582] (nautilus_bringup) StdoutLine: {'line': b'-- Up-to-date: /home/nautilus/NautilusSW/nautilus_ws/install/nautilus_bringup/share/nautilus_bringup/nautilus_auv/BlueRov2.sdf\n'}
[0.792081] (nautilus_bringup) StdoutLine: {'line': b'-- Up-to-date: /home/nautilus/NautilusSW/nautilus_ws/install/nautilus_bringup/share/nautilus_bringup/nautilus_auv/BlueRov2.urdf\n'}
[0.792498] (nautilus_bringup) StdoutLine: {'line': b'-- Up-to-date: /home/nautilus/NautilusSW/nautilus_ws/install/nautilus_bringup/share/nautilus_bringup/nautilus_auv/BlueRov2.urdf.xacro\n'}
[0.792833] (nautilus_bringup) StdoutLine: {'line': b'-- Up-to-date: /home/nautilus/NautilusSW/nautilus_ws/install/nautilus_bringup/share/nautilus_bringup/nautilus_auv/Part\n'}
[0.793235] (nautilus_bringup) StdoutLine: {'line': b'-- Up-to-date: /home/nautilus/NautilusSW/nautilus_ws/install/nautilus_bringup/share/nautilus_bringup/nautilus_auv/Part/Thruster\n'}
[0.794450] (nautilus_bringup) StdoutLine: {'line': b'-- Up-to-date: /home/nautilus/NautilusSW/nautilus_ws/install/nautilus_bringup/share/nautilus_bringup/nautilus_auv/Part/Thruster/T200.urdf.xacro\n'}
[0.795240] (nautilus_bringup) StdoutLine: {'line': b'-- Up-to-date: /home/nautilus/NautilusSW/nautilus_ws/install/nautilus_bringup/share/nautilus_bringup/nautilus_auv/Part/Camera\n'}
[0.795873] (nautilus_bringup) StdoutLine: {'line': b'-- Up-to-date: /home/nautilus/NautilusSW/nautilus_ws/install/nautilus_bringup/share/nautilus_bringup/nautilus_auv/Part/Camera/Camera.urdf.xacro\n'}
[0.796232] (nautilus_bringup) StdoutLine: {'line': b'-- Up-to-date: /home/nautilus/NautilusSW/nautilus_ws/install/nautilus_bringup/share/nautilus_bringup/nautilus_auv/Part/Camera/CameraDepth.urdf.xacro\n'}
[0.796479] (nautilus_bringup) StdoutLine: {'line': b'-- Up-to-date: /home/nautilus/NautilusSW/nautilus_ws/install/nautilus_bringup/share/nautilus_bringup/nautilus_auv/Part/Camera/CameraMonoDepth.urdf.xacro\n'}
[0.796727] (nautilus_bringup) StdoutLine: {'line': b'-- Up-to-date: /home/nautilus/NautilusSW/nautilus_ws/install/nautilus_bringup/share/nautilus_bringup/nautilus_auv/Part/Camera/CameraStereo.urdf.xacro\n'}
[0.796928] (nautilus_bringup) StdoutLine: {'line': b'-- Up-to-date: /home/nautilus/NautilusSW/nautilus_ws/install/nautilus_bringup/share/nautilus_bringup/nautilus_auv/Part/DepthSensor\n'}
[0.797138] (nautilus_bringup) StdoutLine: {'line': b'-- Up-to-date: /home/nautilus/NautilusSW/nautilus_ws/install/nautilus_bringup/share/nautilus_bringup/nautilus_auv/Part/DepthSensor/DepthSensor.urdf.xacro\n'}
[0.797347] (nautilus_bringup) StdoutLine: {'line': b'-- Up-to-date: /home/nautilus/NautilusSW/nautilus_ws/install/nautilus_bringup/share/nautilus_bringup/nautilus_auv/Part/DVL\n'}
[0.797514] (nautilus_bringup) StdoutLine: {'line': b'-- Up-to-date: /home/nautilus/NautilusSW/nautilus_ws/install/nautilus_bringup/share/nautilus_bringup/nautilus_auv/Part/DVL/DVL.urdf.xacro\n'}
[0.797709] (nautilus_bringup) StdoutLine: {'line': b'-- Up-to-date: /home/nautilus/NautilusSW/nautilus_ws/install/nautilus_bringup/share/nautilus_bringup/nautilus_auv/Part/IMU\n'}
[0.797892] (nautilus_bringup) StdoutLine: {'line': b'-- Up-to-date: /home/nautilus/NautilusSW/nautilus_ws/install/nautilus_bringup/share/nautilus_bringup/nautilus_auv/Part/IMU/IMU.urdf.xacro\n'}
[0.798220] (nautilus_bringup) StdoutLine: {'line': b'-- Up-to-date: /home/nautilus/NautilusSW/nautilus_ws/install/nautilus_bringup/share/nautilus_bringup/nautilus_auv/Part/P3D\n'}
[0.798485] (nautilus_bringup) StdoutLine: {'line': b'-- Up-to-date: /home/nautilus/NautilusSW/nautilus_ws/install/nautilus_bringup/share/nautilus_bringup/nautilus_auv/Part/P3D/P3D.urdf.xacro\n'}
[0.798695] (nautilus_bringup) StdoutLine: {'line': b'-- Up-to-date: /home/nautilus/NautilusSW/nautilus_ws/install/nautilus_bringup/share/nautilus_bringup/worlds\n'}
[0.798897] (nautilus_bringup) StdoutLine: {'line': b'-- Up-to-date: /home/nautilus/NautilusSW/nautilus_ws/install/nautilus_bringup/share/nautilus_bringup/worlds/artisticHouse.world\n'}
[0.799095] (nautilus_bringup) StdoutLine: {'line': b'-- Up-to-date: /home/nautilus/NautilusSW/nautilus_ws/install/nautilus_bringup/share/nautilus_bringup/worlds/sand.world\n'}
[0.799291] (nautilus_bringup) StdoutLine: {'line': b'-- Up-to-date: /home/nautilus/NautilusSW/nautilus_ws/install/nautilus_bringup/share/nautilus_bringup/worlds/terrain.dae\n'}
[0.799485] (nautilus_bringup) StdoutLine: {'line': b'-- Up-to-date: /home/nautilus/NautilusSW/nautilus_ws/install/nautilus_bringup/share/nautilus_bringup/worlds/iris_runway.sdf\n'}
[0.799679] (nautilus_bringup) StdoutLine: {'line': b'-- Up-to-date: /home/nautilus/NautilusSW/nautilus_ws/install/nautilus_bringup/share/nautilus_bringup/worlds/terrain.sdf\n'}
[0.799916] (nautilus_bringup) StdoutLine: {'line': b'-- Up-to-date: /home/nautilus/NautilusSW/nautilus_ws/install/nautilus_bringup/share/nautilus_bringup/worlds/semi_final_pool.world\n'}
[0.800122] (nautilus_bringup) StdoutLine: {'line': b'-- Up-to-date: /home/nautilus/NautilusSW/nautilus_ws/install/nautilus_bringup/share/nautilus_bringup/worlds/inf_pool.world\n'}
[0.800318] (nautilus_bringup) StdoutLine: {'line': b'-- Up-to-date: /home/nautilus/NautilusSW/nautilus_ws/install/nautilus_bringup/share/nautilus_bringup/worlds/basic_comp_pool.world\n'}
[0.800515] (nautilus_bringup) StdoutLine: {'line': b'-- Up-to-date: /home/nautilus/NautilusSW/nautilus_ws/install/nautilus_bringup/share/nautilus_bringup/worlds/wildthumper_playpen.sdf\n'}
[0.800711] (nautilus_bringup) StdoutLine: {'line': b'-- Up-to-date: /home/nautilus/NautilusSW/nautilus_ws/install/nautilus_bringup/share/nautilus_bringup/worlds/underwater.world\n'}
[0.800905] (nautilus_bringup) StdoutLine: {'line': b'-- Up-to-date: /home/nautilus/NautilusSW/nautilus_ws/install/nautilus_bringup/share/nautilus_bringup/worlds/iris_maze.sdf\n'}
[0.801097] (nautilus_bringup) StdoutLine: {'line': b'-- Up-to-date: /home/nautilus/NautilusSW/nautilus_ws/install/nautilus_bringup/share/nautilus_bringup/worlds/pool_corner.world\n'}
[0.801324] (nautilus_bringup) StdoutLine: {'line': b'-- Up-to-date: /home/nautilus/NautilusSW/nautilus_ws/install/nautilus_bringup/share/nautilus_bringup/models\n'}
[0.801520] (nautilus_bringup) StdoutLine: {'line': b'-- Up-to-date: /home/nautilus/NautilusSW/nautilus_ws/install/nautilus_bringup/share/nautilus_bringup/models/sand_heightmap\n'}
[0.801707] (-) TimerEvent: {}
[0.802158] (nautilus_bringup) StdoutLine: {'line': b'-- Up-to-date: /home/nautilus/NautilusSW/nautilus_ws/install/nautilus_bringup/share/nautilus_bringup/models/sand_heightmap/meshes\n'}
[0.802408] (nautilus_bringup) StdoutLine: {'line': b'-- Up-to-date: /home/nautilus/NautilusSW/nautilus_ws/install/nautilus_bringup/share/nautilus_bringup/models/sand_heightmap/meshes/sandseabed.dae\n'}
[0.802621] (nautilus_bringup) StdoutLine: {'line': b'-- Up-to-date: /home/nautilus/NautilusSW/nautilus_ws/install/nautilus_bringup/share/nautilus_bringup/models/sand_heightmap/meshes/License and source for textures.txt\n'}
[0.802823] (nautilus_bringup) StdoutLine: {'line': b'-- Up-to-date: /home/nautilus/NautilusSW/nautilus_ws/install/nautilus_bringup/share/nautilus_bringup/models/sand_heightmap/meshes/soil_sand_0045_01.jpg\n'}
[0.803020] (nautilus_bringup) StdoutLine: {'line': b'-- Up-to-date: /home/nautilus/NautilusSW/nautilus_ws/install/nautilus_bringup/share/nautilus_bringup/models/sand_heightmap/meshes/heightmap.dae\n'}
[0.803216] (nautilus_bringup) StdoutLine: {'line': b'-- Up-to-date: /home/nautilus/NautilusSW/nautilus_ws/install/nautilus_bringup/share/nautilus_bringup/models/sand_heightmap/model.sdf\n'}
[0.803411] (nautilus_bringup) StdoutLine: {'line': b'-- Up-to-date: /home/nautilus/NautilusSW/nautilus_ws/install/nautilus_bringup/share/nautilus_bringup/models/sand_heightmap/materials\n'}
[0.803627] (nautilus_bringup) StdoutLine: {'line': b'-- Up-to-date: /home/nautilus/NautilusSW/nautilus_ws/install/nautilus_bringup/share/nautilus_bringup/models/sand_heightmap/materials/flat_normal.png\n'}
[0.803882] (nautilus_bringup) StdoutLine: {'line': b'-- Up-to-date: /home/nautilus/NautilusSW/nautilus_ws/install/nautilus_bringup/share/nautilus_bringup/models/sand_heightmap/materials/soil_sand_0045_01.jpg\n'}
[0.804087] (nautilus_bringup) StdoutLine: {'line': b'-- Up-to-date: /home/nautilus/NautilusSW/nautilus_ws/install/nautilus_bringup/share/nautilus_bringup/models/sand_heightmap/model.config\n'}
[0.804282] (nautilus_bringup) StdoutLine: {'line': b'-- Up-to-date: /home/nautilus/NautilusSW/nautilus_ws/install/nautilus_bringup/share/nautilus_bringup/models/robosub_buoy\n'}
[0.804474] (nautilus_bringup) StdoutLine: {'line': b'-- Up-to-date: /home/nautilus/NautilusSW/nautilus_ws/install/nautilus_bringup/share/nautilus_bringup/models/robosub_buoy/meshes\n'}
[0.804668] (nautilus_bringup) StdoutLine: {'line': b'-- Up-to-date: /home/nautilus/NautilusSW/nautilus_ws/install/nautilus_bringup/share/nautilus_bringup/models/robosub_buoy/meshes/buoy.dae\n'}
[0.804860] (nautilus_bringup) StdoutLine: {'line': b'-- Up-to-date: /home/nautilus/NautilusSW/nautilus_ws/install/nautilus_bringup/share/nautilus_bringup/models/robosub_buoy/model.sdf\n'}
[0.805051] (nautilus_bringup) StdoutLine: {'line': b'-- Up-to-date: /home/nautilus/NautilusSW/nautilus_ws/install/nautilus_bringup/share/nautilus_bringup/models/robosub_buoy/model.config\n'}
[0.805547] (nautilus_bringup) StdoutLine: {'line': b'-- Up-to-date: /home/nautilus/NautilusSW/nautilus_ws/install/nautilus_bringup/share/nautilus_bringup/models/robosub_torpedo\n'}
[0.805989] (nautilus_bringup) StdoutLine: {'line': b'-- Up-to-date: /home/nautilus/NautilusSW/nautilus_ws/install/nautilus_bringup/share/nautilus_bringup/models/robosub_torpedo/meshes\n'}
[0.806231] (nautilus_bringup) StdoutLine: {'line': b'-- Up-to-date: /home/nautilus/NautilusSW/nautilus_ws/install/nautilus_bringup/share/nautilus_bringup/models/robosub_torpedo/meshes/torpedo.dae\n'}
[0.806449] (nautilus_bringup) StdoutLine: {'line': b'-- Up-to-date: /home/nautilus/NautilusSW/nautilus_ws/install/nautilus_bringup/share/nautilus_bringup/models/robosub_torpedo/model.sdf\n'}
[0.806662] (nautilus_bringup) StdoutLine: {'line': b'-- Up-to-date: /home/nautilus/NautilusSW/nautilus_ws/install/nautilus_bringup/share/nautilus_bringup/models/robosub_torpedo/materials\n'}
[0.806910] (nautilus_bringup) StdoutLine: {'line': b'-- Up-to-date: /home/nautilus/NautilusSW/nautilus_ws/install/nautilus_bringup/share/nautilus_bringup/models/robosub_torpedo/materials/textures\n'}
[0.807127] (nautilus_bringup) StdoutLine: {'line': b'-- Up-to-date: /home/nautilus/NautilusSW/nautilus_ws/install/nautilus_bringup/share/nautilus_bringup/models/robosub_torpedo/materials/textures/torpedo_map.png\n'}
[0.807342] (nautilus_bringup) StdoutLine: {'line': b'-- Up-to-date: /home/nautilus/NautilusSW/nautilus_ws/install/nautilus_bringup/share/nautilus_bringup/models/robosub_torpedo/torpedo.sdf\n'}
[0.807553] (nautilus_bringup) StdoutLine: {'line': b'-- Up-to-date: /home/nautilus/NautilusSW/nautilus_ws/install/nautilus_bringup/share/nautilus_bringup/models/robosub_torpedo/model.config\n'}
[0.807786] (nautilus_bringup) StdoutLine: {'line': b'-- Up-to-date: /home/nautilus/NautilusSW/nautilus_ws/install/nautilus_bringup/share/nautilus_bringup/models/bluerov2_heavy\n'}
[0.808014] (nautilus_bringup) StdoutLine: {'line': b'-- Up-to-date: /home/nautilus/NautilusSW/nautilus_ws/install/nautilus_bringup/share/nautilus_bringup/models/bluerov2_heavy/meshes\n'}
[0.808230] (nautilus_bringup) StdoutLine: {'line': b'-- Up-to-date: /home/nautilus/NautilusSW/nautilus_ws/install/nautilus_bringup/share/nautilus_bringup/models/bluerov2_heavy/meshes/bluerov2_heavy.dae\n'}
[0.808443] (nautilus_bringup) StdoutLine: {'line': b'-- Up-to-date: /home/nautilus/NautilusSW/nautilus_ws/install/nautilus_bringup/share/nautilus_bringup/models/bluerov2_heavy/meshes/t200_cw_prop.dae\n'}
[0.808656] (nautilus_bringup) StdoutLine: {'line': b'-- Up-to-date: /home/nautilus/NautilusSW/nautilus_ws/install/nautilus_bringup/share/nautilus_bringup/models/bluerov2_heavy/meshes/t200_ccw_prop.dae\n'}
[0.808867] (nautilus_bringup) StdoutLine: {'line': b'-- Up-to-date: /home/nautilus/NautilusSW/nautilus_ws/install/nautilus_bringup/share/nautilus_bringup/models/bluerov2_heavy/model.sdf\n'}
[0.809080] (nautilus_bringup) StdoutLine: {'line': b'-- Up-to-date: /home/nautilus/NautilusSW/nautilus_ws/install/nautilus_bringup/share/nautilus_bringup/models/bluerov2_heavy/model.sdf.in\n'}
[0.809291] (nautilus_bringup) StdoutLine: {'line': b'-- Up-to-date: /home/nautilus/NautilusSW/nautilus_ws/install/nautilus_bringup/share/nautilus_bringup/models/bluerov2_heavy/configs.yaml\n'}
[0.809503] (nautilus_bringup) StdoutLine: {'line': b'-- Up-to-date: /home/nautilus/NautilusSW/nautilus_ws/install/nautilus_bringup/share/nautilus_bringup/models/bluerov2_heavy/model.config\n'}
[0.809713] (nautilus_bringup) StdoutLine: {'line': b'-- Up-to-date: /home/nautilus/NautilusSW/nautilus_ws/install/nautilus_bringup/share/nautilus_bringup/models/bluerov2_heavy/BlueROV2Heavy.md\n'}
[0.809925] (nautilus_bringup) StdoutLine: {'line': b'-- Up-to-date: /home/nautilus/NautilusSW/nautilus_ws/install/nautilus_bringup/share/nautilus_bringup/models/robosub_octagon\n'}
[0.810155] (nautilus_bringup) StdoutLine: {'line': b'-- Up-to-date: /home/nautilus/NautilusSW/nautilus_ws/install/nautilus_bringup/share/nautilus_bringup/models/robosub_octagon/meshes\n'}
[0.810373] (nautilus_bringup) StdoutLine: {'line': b'-- Up-to-date: /home/nautilus/NautilusSW/nautilus_ws/install/nautilus_bringup/share/nautilus_bringup/models/robosub_octagon/meshes/octagon.dae\n'}
[0.810585] (nautilus_bringup) StdoutLine: {'line': b'-- Up-to-date: /home/nautilus/NautilusSW/nautilus_ws/install/nautilus_bringup/share/nautilus_bringup/models/robosub_octagon/model.sdf\n'}
[0.810796] (nautilus_bringup) StdoutLine: {'line': b'-- Up-to-date: /home/nautilus/NautilusSW/nautilus_ws/install/nautilus_bringup/share/nautilus_bringup/models/robosub_octagon/model.config\n'}
[0.811005] (nautilus_bringup) StdoutLine: {'line': b'-- Up-to-date: /home/nautilus/NautilusSW/nautilus_ws/install/nautilus_bringup/share/nautilus_bringup/models/bluerov2_ping\n'}
[0.811215] (nautilus_bringup) StdoutLine: {'line': b'-- Up-to-date: /home/nautilus/NautilusSW/nautilus_ws/install/nautilus_bringup/share/nautilus_bringup/models/bluerov2_ping/model.sdf\n'}
[0.811449] (nautilus_bringup) StdoutLine: {'line': b'-- Up-to-date: /home/nautilus/NautilusSW/nautilus_ws/install/nautilus_bringup/share/nautilus_bringup/models/bluerov2_ping/model.sdf.in\n'}
[0.811663] (nautilus_bringup) StdoutLine: {'line': b'-- Up-to-date: /home/nautilus/NautilusSW/nautilus_ws/install/nautilus_bringup/share/nautilus_bringup/models/bluerov2_ping/configs.yaml\n'}
[0.811919] (nautilus_bringup) StdoutLine: {'line': b'-- Up-to-date: /home/nautilus/NautilusSW/nautilus_ws/install/nautilus_bringup/share/nautilus_bringup/models/bluerov2_ping/model.config\n'}
[0.812137] (nautilus_bringup) StdoutLine: {'line': b'-- Up-to-date: /home/nautilus/NautilusSW/nautilus_ws/install/nautilus_bringup/share/nautilus_bringup/models/bluerov2_ping/BlueROV2Ping.md\n'}
[0.812895] (nautilus_bringup) StdoutLine: {'line': b'-- Up-to-date: /home/nautilus/NautilusSW/nautilus_ws/install/nautilus_bringup/share/nautilus_bringup/models/robosub_path\n'}
[0.813124] (nautilus_bringup) StdoutLine: {'line': b'-- Up-to-date: /home/nautilus/NautilusSW/nautilus_ws/install/nautilus_bringup/share/nautilus_bringup/models/robosub_path/meshes\n'}
[0.813342] (nautilus_bringup) StdoutLine: {'line': b'-- Up-to-date: /home/nautilus/NautilusSW/nautilus_ws/install/nautilus_bringup/share/nautilus_bringup/models/robosub_path/meshes/path.dae\n'}
[0.813918] (nautilus_bringup) StdoutLine: {'line': b'-- Up-to-date: /home/nautilus/NautilusSW/nautilus_ws/install/nautilus_bringup/share/nautilus_bringup/models/robosub_path/model.sdf\n'}
[0.814184] (nautilus_bringup) StdoutLine: {'line': b'-- Up-to-date: /home/nautilus/NautilusSW/nautilus_ws/install/nautilus_bringup/share/nautilus_bringup/models/robosub_path/model.config\n'}
[0.814421] (nautilus_bringup) StdoutLine: {'line': b'-- Up-to-date: /home/nautilus/NautilusSW/nautilus_ws/install/nautilus_bringup/share/nautilus_bringup/models/robosub_bin\n'}
[0.814641] (nautilus_bringup) StdoutLine: {'line': b'-- Up-to-date: /home/nautilus/NautilusSW/nautilus_ws/install/nautilus_bringup/share/nautilus_bringup/models/robosub_bin/meshes\n'}
[0.814857] (nautilus_bringup) StdoutLine: {'line': b'-- Up-to-date: /home/nautilus/NautilusSW/nautilus_ws/install/nautilus_bringup/share/nautilus_bringup/models/robosub_bin/meshes/bin.dae\n'}
[0.815072] (nautilus_bringup) StdoutLine: {'line': b'-- Up-to-date: /home/nautilus/NautilusSW/nautilus_ws/install/nautilus_bringup/share/nautilus_bringup/models/robosub_bin/model.sdf\n'}
[0.815284] (nautilus_bringup) StdoutLine: {'line': b'-- Up-to-date: /home/nautilus/NautilusSW/nautilus_ws/install/nautilus_bringup/share/nautilus_bringup/models/robosub_bin/materials\n'}
[0.815495] (nautilus_controls) StdoutLine: {'line': b'-- Install configuration: ""\n'}
[0.815742] (nautilus_bringup) StdoutLine: {'line': b'-- Up-to-date: /home/nautilus/NautilusSW/nautilus_ws/install/nautilus_bringup/share/nautilus_bringup/models/robosub_bin/materials/textures\n'}
[0.816004] (nautilus_bringup) StdoutLine: {'line': b'-- Up-to-date: /home/nautilus/NautilusSW/nautilus_ws/install/nautilus_bringup/share/nautilus_bringup/models/robosub_bin/materials/textures/DropBRUVS.png\n'}
[0.816225] (nautilus_bringup) StdoutLine: {'line': b'-- Up-to-date: /home/nautilus/NautilusSW/nautilus_ws/install/nautilus_bringup/share/nautilus_bringup/models/robosub_bin/model.config\n'}
[0.816440] (nautilus_bringup) StdoutLine: {'line': b'-- Up-to-date: /home/nautilus/NautilusSW/nautilus_ws/install/nautilus_bringup/share/nautilus_bringup/models/robosub_bin/ball.sdf\n'}
[0.816653] (nautilus_bringup) StdoutLine: {'line': b'-- Up-to-date: /home/nautilus/NautilusSW/nautilus_ws/install/nautilus_bringup/share/nautilus_bringup/models/pool\n'}
[0.816864] (nautilus_bringup) StdoutLine: {'line': b'-- Up-to-date: /home/nautilus/NautilusSW/nautilus_ws/install/nautilus_bringup/share/nautilus_bringup/models/pool/meshes\n'}
[0.817076] (nautilus_bringup) StdoutLine: {'line': b'-- Up-to-date: /home/nautilus/NautilusSW/nautilus_ws/install/nautilus_bringup/share/nautilus_bringup/models/pool/meshes/pool.dae\n'}
[0.817320] (nautilus_bringup) StdoutLine: {'line': b'-- Up-to-date: /home/nautilus/NautilusSW/nautilus_ws/install/nautilus_bringup/share/nautilus_bringup/models/pool/model.sdf\n'}
[0.817536] (nautilus_bringup) StdoutLine: {'line': b'-- Up-to-date: /home/nautilus/NautilusSW/nautilus_ws/install/nautilus_bringup/share/nautilus_bringup/models/pool/materials\n'}
[0.817770] (nautilus_controls) StdoutLine: {'line': b'-- Up-to-date: /home/nautilus/NautilusSW/nautilus_ws/install/nautilus_controls/share/nautilus_controls/environment/pythonpath.sh\n'}
[0.817996] (nautilus_controls) StdoutLine: {'line': b'-- Up-to-date: /home/nautilus/NautilusSW/nautilus_ws/install/nautilus_controls/share/nautilus_controls/environment/pythonpath.dsv\n'}
[0.818210] (nautilus_controls) StdoutLine: {'line': b'-- Up-to-date: /home/nautilus/NautilusSW/nautilus_ws/install/nautilus_controls/local/lib/python3.10/dist-packages/nautilus_controls-0.0.0-py3.10.egg-info\n'}
[0.818427] (nautilus_controls) StdoutLine: {'line': b'-- Installing: /home/nautilus/NautilusSW/nautilus_ws/install/nautilus_controls/local/lib/python3.10/dist-packages/nautilus_controls-0.0.0-py3.10.egg-info/SOURCES.txt\n'}
[0.818643] (nautilus_bringup) StdoutLine: {'line': b'-- Up-to-date: /home/nautilus/NautilusSW/nautilus_ws/install/nautilus_bringup/share/nautilus_bringup/models/pool/materials/textures\n'}
[0.818855] (nautilus_bringup) StdoutLine: {'line': b'-- Up-to-date: /home/nautilus/NautilusSW/nautilus_ws/install/nautilus_bringup/share/nautilus_bringup/models/pool/materials/textures/pool_material.jpg\n'}
[0.819067] (nautilus_bringup) StdoutLine: {'line': b'-- Up-to-date: /home/nautilus/NautilusSW/nautilus_ws/install/nautilus_bringup/share/nautilus_bringup/models/pool/model.config\n'}
[0.819281] (nautilus_bringup) StdoutLine: {'line': b'-- Up-to-date: /home/nautilus/NautilusSW/nautilus_ws/install/nautilus_bringup/share/nautilus_bringup/models/teknofest\n'}
[0.819491] (nautilus_bringup) StdoutLine: {'line': b'-- Up-to-date: /home/nautilus/NautilusSW/nautilus_ws/install/nautilus_bringup/share/nautilus_bringup/models/teknofest/pipeline.sdf\n'}
[0.819701] (nautilus_bringup) StdoutLine: {'line': b'-- Up-to-date: /home/nautilus/NautilusSW/nautilus_ws/install/nautilus_bringup/share/nautilus_bringup/models/teknofest/model.config\n'}
[0.819943] (nautilus_bringup) StdoutLine: {'line': b'-- Up-to-date: /home/nautilus/NautilusSW/nautilus_ws/install/nautilus_bringup/share/nautilus_bringup/models/axes\n'}
[0.820164] (nautilus_bringup) StdoutLine: {'line': b'-- Up-to-date: /home/nautilus/NautilusSW/nautilus_ws/install/nautilus_bringup/share/nautilus_bringup/models/axes/model.sdf\n'}
[0.820374] (nautilus_bringup) StdoutLine: {'line': b'-- Up-to-date: /home/nautilus/NautilusSW/nautilus_ws/install/nautilus_bringup/share/nautilus_bringup/models/axes/model.config\n'}
[0.820584] (nautilus_bringup) StdoutLine: {'line': b'-- Up-to-date: /home/nautilus/NautilusSW/nautilus_ws/install/nautilus_bringup/share/nautilus_bringup/models/robosub_gate\n'}
[0.820796] (nautilus_bringup) StdoutLine: {'line': b'-- Up-to-date: /home/nautilus/NautilusSW/nautilus_ws/install/nautilus_bringup/share/nautilus_bringup/models/robosub_gate/meshes\n'}
[0.821031] (nautilus_controls) StdoutLine: {'line': b'-- Installing: /home/nautilus/NautilusSW/nautilus_ws/install/nautilus_controls/local/lib/python3.10/dist-packages/nautilus_controls-0.0.0-py3.10.egg-info/PKG-INFO\n'}
[0.821253] (nautilus_bringup) StdoutLine: {'line': b'-- Up-to-date: /home/nautilus/NautilusSW/nautilus_ws/install/nautilus_bringup/share/nautilus_bringup/models/robosub_gate/meshes/gate.dae\n'}
[0.821464] (nautilus_bringup) StdoutLine: {'line': b'-- Up-to-date: /home/nautilus/NautilusSW/nautilus_ws/install/nautilus_bringup/share/nautilus_bringup/models/robosub_gate/model.sdf\n'}
[0.821717] (nautilus_bringup) StdoutLine: {'line': b'-- Up-to-date: /home/nautilus/NautilusSW/nautilus_ws/install/nautilus_bringup/share/nautilus_bringup/models/robosub_gate/materials\n'}
[0.821934] (nautilus_bringup) StdoutLine: {'line': b'-- Up-to-date: /home/nautilus/NautilusSW/nautilus_ws/install/nautilus_bringup/share/nautilus_bringup/models/robosub_gate/materials/textures\n'}
[0.822169] (nautilus_bringup) StdoutLine: {'line': b'-- Up-to-date: /home/nautilus/NautilusSW/nautilus_ws/install/nautilus_bringup/share/nautilus_bringup/models/robosub_gate/materials/textures/reefshark.png\n'}
[0.822382] (nautilus_controls) StdoutLine: {'line': b'-- Installing: /home/nautilus/NautilusSW/nautilus_ws/install/nautilus_controls/local/lib/python3.10/dist-packages/nautilus_controls-0.0.0-py3.10.egg-info/dependency_links.txt\n'}
[0.822594] (nautilus_bringup) StdoutLine: {'line': b'-- Up-to-date: /home/nautilus/NautilusSW/nautilus_ws/install/nautilus_bringup/share/nautilus_bringup/models/robosub_gate/materials/textures/sawfish.png\n'}
[0.822805] (nautilus_bringup) StdoutLine: {'line': b'-- Up-to-date: /home/nautilus/NautilusSW/nautilus_ws/install/nautilus_bringup/share/nautilus_bringup/models/robosub_gate/model.config\n'}
[0.823015] (nautilus_bringup) StdoutLine: {'line': b'-- Up-to-date: /home/nautilus/NautilusSW/nautilus_ws/install/nautilus_bringup/share/nautilus_bringup/models/robosub_slalom\n'}
[0.823222] (nautilus_controls) StdoutLine: {'line': b'-- Installing: /home/nautilus/NautilusSW/nautilus_ws/install/nautilus_controls/local/lib/python3.10/dist-packages/nautilus_controls-0.0.0-py3.10.egg-info/top_level.txt\n'}
[0.823431] (nautilus_bringup) StdoutLine: {'line': b'-- Up-to-date: /home/nautilus/NautilusSW/nautilus_ws/install/nautilus_bringup/share/nautilus_bringup/models/robosub_slalom/model.sdf\n'}
[0.823641] (nautilus_bringup) StdoutLine: {'line': b'-- Up-to-date: /home/nautilus/NautilusSW/nautilus_ws/install/nautilus_bringup/share/nautilus_bringup/models/robosub_slalom/model.config\n'}
[0.823882] (nautilus_bringup) StdoutLine: {'line': b'-- Up-to-date: /home/nautilus/NautilusSW/nautilus_ws/install/nautilus_bringup/share/nautilus_bringup/models/bluerov2\n'}
[0.824102] (nautilus_bringup) StdoutLine: {'line': b'-- Up-to-date: /home/nautilus/NautilusSW/nautilus_ws/install/nautilus_bringup/share/nautilus_bringup/models/bluerov2/meshes\n'}
[0.824317] (nautilus_bringup) StdoutLine: {'line': b'-- Up-to-date: /home/nautilus/NautilusSW/nautilus_ws/install/nautilus_bringup/share/nautilus_bringup/models/bluerov2/meshes/t200_cw_prop.dae\n'}
[0.824529] (nautilus_controls) StdoutLine: {'line': b'-- Up-to-date: /home/nautilus/NautilusSW/nautilus_ws/install/nautilus_controls/local/lib/python3.10/dist-packages/nautilus_controls\n'}
[0.824746] (nautilus_controls) StdoutLine: {'line': b'-- Up-to-date: /home/nautilus/NautilusSW/nautilus_ws/install/nautilus_controls/local/lib/python3.10/dist-packages/nautilus_controls/vision_controller.py\n'}
[0.824956] (nautilus_controls) StdoutLine: {'line': b'-- Up-to-date: /home/nautilus/NautilusSW/nautilus_ws/install/nautilus_controls/local/lib/python3.10/dist-packages/nautilus_controls/pid_node.py\n'}
[0.825164] (nautilus_bringup) StdoutLine: {'line': b'-- Up-to-date: /home/nautilus/NautilusSW/nautilus_ws/install/nautilus_bringup/share/nautilus_bringup/models/bluerov2/meshes/bluerov2.dae\n'}
[0.825375] (nautilus_bringup) StdoutLine: {'line': b'-- Up-to-date: /home/nautilus/NautilusSW/nautilus_ws/install/nautilus_bringup/share/nautilus_bringup/models/bluerov2/meshes/t200_ccw_prop.dae\n'}
[0.825585] (nautilus_bringup) StdoutLine: {'line': b'-- Up-to-date: /home/nautilus/NautilusSW/nautilus_ws/install/nautilus_bringup/share/nautilus_bringup/models/bluerov2/model.sdf\n'}
[0.825795] (nautilus_bringup) StdoutLine: {'line': b'-- Up-to-date: /home/nautilus/NautilusSW/nautilus_ws/install/nautilus_bringup/share/nautilus_bringup/models/bluerov2/model.sdf.in\n'}
[0.826004] (nautilus_bringup) StdoutLine: {'line': b'-- Up-to-date: /home/nautilus/NautilusSW/nautilus_ws/install/nautilus_bringup/share/nautilus_bringup/models/bluerov2/BlueROV2.md\n'}
[0.826232] (nautilus_controls) StdoutLine: {'line': b'-- Up-to-date: /home/nautilus/NautilusSW/nautilus_ws/install/nautilus_controls/local/lib/python3.10/dist-packages/nautilus_controls/cube_interface.py\n'}
[0.826466] (nautilus_controls) StdoutLine: {'line': b'-- Up-to-date: /home/nautilus/NautilusSW/nautilus_ws/install/nautilus_controls/local/lib/python3.10/dist-packages/nautilus_controls/auv_pymavlink.py\n'}
[0.826677] (nautilus_controls) StdoutLine: {'line': b'-- Up-to-date: /home/nautilus/NautilusSW/nautilus_ws/install/nautilus_controls/local/lib/python3.10/dist-packages/nautilus_controls/__init__.py\n'}
[0.826888] (nautilus_bringup) StdoutLine: {'line': b'-- Up-to-date: /home/nautilus/NautilusSW/nautilus_ws/install/nautilus_bringup/share/nautilus_bringup/models/bluerov2/configs.yaml\n'}
[0.827098] (nautilus_bringup) StdoutLine: {'line': b'-- Up-to-date: /home/nautilus/NautilusSW/nautilus_ws/install/nautilus_bringup/share/nautilus_bringup/models/bluerov2/model.config\n'}
[0.827308] (nautilus_bringup) StdoutLine: {'line': b'-- Up-to-date: /home/nautilus/NautilusSW/nautilus_ws/install/nautilus_bringup/share/nautilus_bringup/models/robosub_octagon_animals\n'}
[0.827517] (nautilus_bringup) StdoutLine: {'line': b'-- Up-to-date: /home/nautilus/NautilusSW/nautilus_ws/install/nautilus_bringup/share/nautilus_bringup/models/robosub_octagon_animals/model.sdf\n'}
[0.827729] (nautilus_bringup) StdoutLine: {'line': b'-- Up-to-date: /home/nautilus/NautilusSW/nautilus_ws/install/nautilus_bringup/share/nautilus_bringup/models/robosub_octagon_animals/materials\n'}
[0.828169] (nautilus_bringup) StdoutLine: {'line': b'-- Up-to-date: /home/nautilus/NautilusSW/nautilus_ws/install/nautilus_bringup/share/nautilus_bringup/models/robosub_octagon_animals/materials/textures\n'}
[0.828375] (nautilus_bringup) StdoutLine: {'line': b'-- Up-to-date: /home/nautilus/NautilusSW/nautilus_ws/install/nautilus_bringup/share/nautilus_bringup/models/robosub_octagon_animals/materials/textures/reefshark.png\n'}
[0.828618] (nautilus_bringup) StdoutLine: {'line': b'-- Up-to-date: /home/nautilus/NautilusSW/nautilus_ws/install/nautilus_bringup/share/nautilus_bringup/models/robosub_octagon_animals/materials/textures/sawfish.png\n'}
[0.828819] (nautilus_bringup) StdoutLine: {'line': b'-- Up-to-date: /home/nautilus/NautilusSW/nautilus_ws/install/nautilus_bringup/share/nautilus_bringup/models/robosub_octagon_animals/materials/scripts\n'}
[0.829017] (nautilus_bringup) StdoutLine: {'line': b'-- Up-to-date: /home/nautilus/NautilusSW/nautilus_ws/install/nautilus_bringup/share/nautilus_bringup/models/robosub_octagon_animals/materials/scripts/billboard.material\n'}
[0.829212] (nautilus_bringup) StdoutLine: {'line': b'-- Up-to-date: /home/nautilus/NautilusSW/nautilus_ws/install/nautilus_bringup/share/nautilus_bringup/models/robosub_octagon_animals/model.config\n'}
[0.829407] (nautilus_bringup) StdoutLine: {'line': b'-- Up-to-date: /home/nautilus/NautilusSW/nautilus_ws/install/nautilus_bringup/share/nautilus_bringup/environment/pythonpath.sh\n'}
[0.829599] (nautilus_bringup) StdoutLine: {'line': b'-- Up-to-date: /home/nautilus/NautilusSW/nautilus_ws/install/nautilus_bringup/share/nautilus_bringup/environment/pythonpath.dsv\n'}
[0.829792] (nautilus_bringup) StdoutLine: {'line': b'-- Up-to-date: /home/nautilus/NautilusSW/nautilus_ws/install/nautilus_bringup/local/lib/python3.10/dist-packages/nautilus_bringup-0.0.0-py3.10.egg-info\n'}
[0.830028] (nautilus_bringup) StdoutLine: {'line': b'-- Installing: /home/nautilus/NautilusSW/nautilus_ws/install/nautilus_bringup/local/lib/python3.10/dist-packages/nautilus_bringup-0.0.0-py3.10.egg-info/SOURCES.txt\n'}
[0.830229] (nautilus_bringup) StdoutLine: {'line': b'-- Installing: /home/nautilus/NautilusSW/nautilus_ws/install/nautilus_bringup/local/lib/python3.10/dist-packages/nautilus_bringup-0.0.0-py3.10.egg-info/PKG-INFO\n'}
[0.830426] (nautilus_bringup) StdoutLine: {'line': b'-- Installing: /home/nautilus/NautilusSW/nautilus_ws/install/nautilus_bringup/local/lib/python3.10/dist-packages/nautilus_bringup-0.0.0-py3.10.egg-info/dependency_links.txt\n'}
[0.830620] (nautilus_bringup) StdoutLine: {'line': b'-- Installing: /home/nautilus/NautilusSW/nautilus_ws/install/nautilus_bringup/local/lib/python3.10/dist-packages/nautilus_bringup-0.0.0-py3.10.egg-info/top_level.txt\n'}
[0.830833] (nautilus_bringup) StdoutLine: {'line': b'-- Up-to-date: /home/nautilus/NautilusSW/nautilus_ws/install/nautilus_bringup/local/lib/python3.10/dist-packages/nautilus_bringup\n'}
[0.831026] (nautilus_bringup) StdoutLine: {'line': b'-- Up-to-date: /home/nautilus/NautilusSW/nautilus_ws/install/nautilus_bringup/local/lib/python3.10/dist-packages/nautilus_bringup/RobotState.py\n'}
[0.831218] (nautilus_bringup) StdoutLine: {'line': b'-- Up-to-date: /home/nautilus/NautilusSW/nautilus_ws/install/nautilus_bringup/local/lib/python3.10/dist-packages/nautilus_bringup/ObjectID.py\n'}
[0.831410] (nautilus_bringup) StdoutLine: {'line': b'-- Up-to-date: /home/nautilus/NautilusSW/nautilus_ws/install/nautilus_bringup/local/lib/python3.10/dist-packages/nautilus_bringup/__init__.py\n'}
[0.858454] (nautilus_controls) StdoutLine: {'line': b"Listing '/home/nautilus/NautilusSW/nautilus_ws/install/nautilus_controls/local/lib/python3.10/dist-packages/nautilus_controls'...\n"}
[0.861773] (nautilus_bringup) StdoutLine: {'line': b"Listing '/home/nautilus/NautilusSW/nautilus_ws/install/nautilus_bringup/local/lib/python3.10/dist-packages/nautilus_bringup'...\n"}
[0.870325] (nautilus_controls) StdoutLine: {'line': b'-- Up-to-date: /home/nautilus/NautilusSW/nautilus_ws/install/nautilus_controls/lib/nautilus_controls/cube_interface\n'}
[0.871049] (nautilus_controls) StdoutLine: {'line': b'-- Up-to-date: /home/nautilus/NautilusSW/nautilus_ws/install/nautilus_controls/lib/nautilus_controls/vision_controller\n'}
[0.871586] (nautilus_controls) StdoutLine: {'line': b'-- Up-to-date: /home/nautilus/NautilusSW/nautilus_ws/install/nautilus_controls/lib/nautilus_controls/pid_node\n'}
[0.872057] (nautilus_controls) StdoutLine: {'line': b'-- Up-to-date: /home/nautilus/NautilusSW/nautilus_ws/install/nautilus_controls/share/nautilus_controls/launch\n'}
[0.872317] (nautilus_controls) StdoutLine: {'line': b'-- Up-to-date: /home/nautilus/NautilusSW/nautilus_ws/install/nautilus_controls/share/nautilus_controls/launch/vision_controller.launch.py\n'}
[0.872675] (nautilus_controls) StdoutLine: {'line': b'-- Up-to-date: /home/nautilus/NautilusSW/nautilus_ws/install/nautilus_controls/share/nautilus_controls/nautilus_controls\n'}
[0.872957] (nautilus_controls) StdoutLine: {'line': b'-- Up-to-date: /home/nautilus/NautilusSW/nautilus_ws/install/nautilus_controls/share/nautilus_controls/nautilus_controls/vision_controller.py\n'}
[0.873196] (nautilus_controls) StdoutLine: {'line': b'-- Up-to-date: /home/nautilus/NautilusSW/nautilus_ws/install/nautilus_controls/share/nautilus_controls/nautilus_controls/pid_node.py\n'}
[0.873420] (nautilus_controls) StdoutLine: {'line': b'-- Up-to-date: /home/nautilus/NautilusSW/nautilus_ws/install/nautilus_controls/share/nautilus_controls/nautilus_controls/cube_interface.py\n'}
[0.873748] (nautilus_controls) StdoutLine: {'line': b'-- Up-to-date: /home/nautilus/NautilusSW/nautilus_ws/install/nautilus_controls/share/nautilus_controls/nautilus_controls/auv_pymavlink.py\n'}
[0.874153] (nautilus_controls) StdoutLine: {'line': b'-- Up-to-date: /home/nautilus/NautilusSW/nautilus_ws/install/nautilus_controls/share/nautilus_controls/nautilus_controls/__init__.py\n'}
[0.874510] (nautilus_controls) StdoutLine: {'line': b'-- Up-to-date: /home/nautilus/NautilusSW/nautilus_ws/install/nautilus_controls/share/nautilus_controls/package.xml\n'}
[0.874739] (nautilus_controls) StdoutLine: {'line': b'-- Up-to-date: /home/nautilus/NautilusSW/nautilus_ws/install/nautilus_controls/share/ament_index/resource_index/package_run_dependencies/nautilus_controls\n'}
[0.875509] (nautilus_controls) StdoutLine: {'line': b'-- Up-to-date: /home/nautilus/NautilusSW/nautilus_ws/install/nautilus_controls/share/ament_index/resource_index/parent_prefix_path/nautilus_controls\n'}
[0.876021] (nautilus_controls) StdoutLine: {'line': b'-- Up-to-date: /home/nautilus/NautilusSW/nautilus_ws/install/nautilus_controls/share/nautilus_controls/environment/ament_prefix_path.sh\n'}
[0.877693] (nautilus_controls) StdoutLine: {'line': b'-- Up-to-date: /home/nautilus/NautilusSW/nautilus_ws/install/nautilus_controls/share/nautilus_controls/environment/ament_prefix_path.dsv\n'}
[0.878319] (nautilus_controls) StdoutLine: {'line': b'-- Up-to-date: /home/nautilus/NautilusSW/nautilus_ws/install/nautilus_controls/share/nautilus_controls/environment/path.sh\n'}
[0.878933] (nautilus_controls) StdoutLine: {'line': b'-- Up-to-date: /home/nautilus/NautilusSW/nautilus_ws/install/nautilus_controls/share/nautilus_controls/environment/path.dsv\n'}
[0.879263] (nautilus_controls) StdoutLine: {'line': b'-- Up-to-date: /home/nautilus/NautilusSW/nautilus_ws/install/nautilus_controls/share/nautilus_controls/local_setup.bash\n'}
[0.880324] (nautilus_controls) StdoutLine: {'line': b'-- Up-to-date: /home/nautilus/NautilusSW/nautilus_ws/install/nautilus_controls/share/nautilus_controls/local_setup.sh\n'}
[0.880637] (nautilus_controls) StdoutLine: {'line': b'-- Up-to-date: /home/nautilus/NautilusSW/nautilus_ws/install/nautilus_controls/share/nautilus_controls/local_setup.zsh\n'}
[0.881496] (nautilus_controls) StdoutLine: {'line': b'-- Up-to-date: /home/nautilus/NautilusSW/nautilus_ws/install/nautilus_controls/share/nautilus_controls/local_setup.dsv\n'}
[0.881967] (nautilus_controls) StdoutLine: {'line': b'-- Installing: /home/nautilus/NautilusSW/nautilus_ws/install/nautilus_controls/share/nautilus_controls/package.dsv\n'}
[0.882527] (nautilus_controls) StdoutLine: {'line': b'-- Up-to-date: /home/nautilus/NautilusSW/nautilus_ws/install/nautilus_controls/share/ament_index/resource_index/packages/nautilus_controls\n'}
[0.882872] (nautilus_controls) StdoutLine: {'line': b'-- Up-to-date: /home/nautilus/NautilusSW/nautilus_ws/install/nautilus_controls/share/nautilus_controls/cmake/nautilus_controlsConfig.cmake\n'}
[0.883827] (nautilus_controls) StdoutLine: {'line': b'-- Up-to-date: /home/nautilus/NautilusSW/nautilus_ws/install/nautilus_controls/share/nautilus_controls/cmake/nautilus_controlsConfig-version.cmake\n'}
[0.884198] (nautilus_controls) StdoutLine: {'line': b'-- Up-to-date: /home/nautilus/NautilusSW/nautilus_ws/install/nautilus_controls/share/nautilus_controls/package.xml\n'}
[0.884804] (nautilus_bringup) StdoutLine: {'line': b'-- Up-to-date: /home/nautilus/NautilusSW/nautilus_ws/install/nautilus_bringup/share/ament_index/resource_index/package_run_dependencies/nautilus_bringup\n'}
[0.885118] (nautilus_bringup) StdoutLine: {'line': b'-- Up-to-date: /home/nautilus/NautilusSW/nautilus_ws/install/nautilus_bringup/share/ament_index/resource_index/parent_prefix_path/nautilus_bringup\n'}
[0.885698] (nautilus_bringup) StdoutLine: {'line': b'-- Up-to-date: /home/nautilus/NautilusSW/nautilus_ws/install/nautilus_bringup/share/nautilus_bringup/environment/ament_prefix_path.sh\n'}
[0.886016] (nautilus_bringup) StdoutLine: {'line': b'-- Up-to-date: /home/nautilus/NautilusSW/nautilus_ws/install/nautilus_bringup/share/nautilus_bringup/environment/ament_prefix_path.dsv\n'}
[0.886473] (nautilus_bringup) StdoutLine: {'line': b'-- Up-to-date: /home/nautilus/NautilusSW/nautilus_ws/install/nautilus_bringup/share/nautilus_bringup/environment/path.sh\n'}
[0.887182] (nautilus_bringup) StdoutLine: {'line': b'-- Up-to-date: /home/nautilus/NautilusSW/nautilus_ws/install/nautilus_bringup/share/nautilus_bringup/environment/path.dsv\n'}
[0.887683] (nautilus_bringup) StdoutLine: {'line': b'-- Up-to-date: /home/nautilus/NautilusSW/nautilus_ws/install/nautilus_bringup/share/nautilus_bringup/local_setup.bash\n'}
[0.888209] (nautilus_bringup) StdoutLine: {'line': b'-- Up-to-date: /home/nautilus/NautilusSW/nautilus_ws/install/nautilus_bringup/share/nautilus_bringup/local_setup.sh\n'}
[0.888714] (nautilus_bringup) StdoutLine: {'line': b'-- Up-to-date: /home/nautilus/NautilusSW/nautilus_ws/install/nautilus_bringup/share/nautilus_bringup/local_setup.zsh\n'}
[0.889155] (nautilus_bringup) StdoutLine: {'line': b'-- Up-to-date: /home/nautilus/NautilusSW/nautilus_ws/install/nautilus_bringup/share/nautilus_bringup/local_setup.dsv\n'}
[0.889543] (nautilus_bringup) StdoutLine: {'line': b'-- Installing: /home/nautilus/NautilusSW/nautilus_ws/install/nautilus_bringup/share/nautilus_bringup/package.dsv\n'}
[0.890089] (nautilus_bringup) StdoutLine: {'line': b'-- Up-to-date: /home/nautilus/NautilusSW/nautilus_ws/install/nautilus_bringup/share/ament_index/resource_index/packages/nautilus_bringup\n'}
[0.890411] (nautilus_bringup) StdoutLine: {'line': b'-- Up-to-date: /home/nautilus/NautilusSW/nautilus_ws/install/nautilus_bringup/share/nautilus_bringup/cmake/nautilus_bringupConfig.cmake\n'}
[0.890819] (nautilus_bringup) StdoutLine: {'line': b'-- Up-to-date: /home/nautilus/NautilusSW/nautilus_ws/install/nautilus_bringup/share/nautilus_bringup/cmake/nautilus_bringupConfig-version.cmake\n'}
[0.891212] (nautilus_bringup) StdoutLine: {'line': b'-- Up-to-date: /home/nautilus/NautilusSW/nautilus_ws/install/nautilus_bringup/share/nautilus_bringup/package.xml\n'}
[0.891665] (nautilus_controls) CommandEnded: {'returncode': 0}
[0.902635] (-) TimerEvent: {}
[0.953046] (nautilus_controls) JobEnded: {'identifier': 'nautilus_controls', 'rc': 0}
[0.957268] (nautilus_mission) JobStarted: {'identifier': 'nautilus_mission'}
[0.968236] (nautilus_bringup) CommandEnded: {'returncode': 0}
[1.003023] (-) TimerEvent: {}
[1.016490] (nautilus_bringup) JobEnded: {'identifier': 'nautilus_bringup', 'rc': 0}
[1.020699] (nautilus_sensors) JobStarted: {'identifier': 'nautilus_sensors'}
[1.028297] (nautilus_mission) JobProgress: {'identifier': 'nautilus_mission', 'progress': 'cmake'}
[1.029640] (nautilus_mission) JobProgress: {'identifier': 'nautilus_mission', 'progress': 'build'}
[1.030145] (nautilus_mission) Command: {'cmd': ['/usr/bin/cmake', '--build', '/home/nautilus/NautilusSW/nautilus_ws/build/nautilus_mission', '--', '-j6', '-l6'], 'cwd': '/home/nautilus/NautilusSW/nautilus_ws/build/nautilus_mission', 'env': OrderedDict([('LESSOPEN', '| /usr/bin/lesspipe %s'), ('USER', 'nautilus'), ('XDG_SESSION_TYPE', 'x11'), ('SHLVL', '1'), ('LD_LIBRARY_PATH', '/opt/ros/humble/opt/rviz_ogre_vendor/lib:/opt/ros/humble/lib/aarch64-linux-gnu:/opt/ros/humble/lib'), ('HOME', '/home/nautilus'), ('DESKTOP_SESSION', 'ubuntu'), ('ROS_PYTHON_VERSION', '3'), ('GNOME_SHELL_SESSION_MODE', 'ubuntu'), ('GTK_MODULES', 'gail:atk-bridge'), ('DBUS_STARTER_BUS_TYPE', 'session'), ('SYSTEMD_EXEC_PID', '1772'), ('DBUS_SESSION_BUS_ADDRESS', 'unix:path=/run/user/1000/bus,guid=74938106cd4c71d5d648881669ebbd10'), ('COLORTERM', 'truecolor'), ('IM_CONFIG_PHASE', '1'), ('ROS_DISTRO', 'humble'), ('GTK_IM_MODULE', 'ibus'), ('LOGNAME', 'nautilus'), ('_', '/usr/bin/colcon'), ('ROS_VERSION', '2'), ('XDG_SESSION_CLASS', 'user'), ('USERNAME', 'nautilus'), ('TERM', 'xterm-256color'), ('GNOME_DESKTOP_SESSION_ID', 'this-is-deprecated'), ('ROS_LOCALHOST_ONLY', '0'), ('WINDOWPATH', '2'), ('PATH', '/opt/ros/humble/bin:/home/nautilus/.local/bin:/home/nautilus/.local/bin:/usr/local/sbin:/usr/local/bin:/usr/sbin:/usr/bin:/sbin:/bin:/usr/games:/usr/local/games:/snap/bin:/home/nautilus/.local/bin'), ('SESSION_MANAGER', 'local/nautilus-desktop:@/tmp/.ICE-unix/1772,unix/nautilus-desktop:/tmp/.ICE-unix/1772'), ('XDG_MENU_PREFIX', 'gnome-'), ('GNOME_TERMINAL_SCREEN', '/org/gnome/Terminal/screen/6369f139_43ee_4edf_880e_cb00aef0d88f'), ('XDG_RUNTIME_DIR', '/run/user/1000'), ('DISPLAY', ':0'), ('LANG', 'en_US.UTF-8'), ('XDG_CURRENT_DESKTOP', 'ubuntu:GNOME'), ('XMODIFIERS', '@im=ibus'), ('XDG_SESSION_DESKTOP', 'ubuntu'), ('XAUTHORITY', '/run/user/1000/gdm/Xauthority'), ('LS_COLORS', 'rs=0:di=01;34:ln=01;36:mh=00:pi=40;33:so=01;35:do=01;35:bd=40;33;01:cd=40;33;01:or=40;31;01:mi=00:su=37;41:sg=30;43:ca=30;41:tw=30;42:ow=34;42:st=37;44:ex=01;32:*.tar=01;31:*.tgz=01;31:*.arc=01;31:*.arj=01;31:*.taz=01;31:*.lha=01;31:*.lz4=01;31:*.lzh=01;31:*.lzma=01;31:*.tlz=01;31:*.txz=01;31:*.tzo=01;31:*.t7z=01;31:*.zip=01;31:*.z=01;31:*.dz=01;31:*.gz=01;31:*.lrz=01;31:*.lz=01;31:*.lzo=01;31:*.xz=01;31:*.zst=01;31:*.tzst=01;31:*.bz2=01;31:*.bz=01;31:*.tbz=01;31:*.tbz2=01;31:*.tz=01;31:*.deb=01;31:*.rpm=01;31:*.jar=01;31:*.war=01;31:*.ear=01;31:*.sar=01;31:*.rar=01;31:*.alz=01;31:*.ace=01;31:*.zoo=01;31:*.cpio=01;31:*.7z=01;31:*.rz=01;31:*.cab=01;31:*.wim=01;31:*.swm=01;31:*.dwm=01;31:*.esd=01;31:*.jpg=01;35:*.jpeg=01;35:*.mjpg=01;35:*.mjpeg=01;35:*.gif=01;35:*.bmp=01;35:*.pbm=01;35:*.pgm=01;35:*.ppm=01;35:*.tga=01;35:*.xbm=01;35:*.xpm=01;35:*.tif=01;35:*.tiff=01;35:*.png=01;35:*.svg=01;35:*.svgz=01;35:*.mng=01;35:*.pcx=01;35:*.mov=01;35:*.mpg=01;35:*.mpeg=01;35:*.m2v=01;35:*.mkv=01;35:*.webm=01;35:*.webp=01;35:*.ogm=01;35:*.mp4=01;35:*.m4v=01;35:*.mp4v=01;35:*.vob=01;35:*.qt=01;35:*.nuv=01;35:*.wmv=01;35:*.asf=01;35:*.rm=01;35:*.rmvb=01;35:*.flc=01;35:*.avi=01;35:*.fli=01;35:*.flv=01;35:*.gl=01;35:*.dl=01;35:*.xcf=01;35:*.xwd=01;35:*.yuv=01;35:*.cgm=01;35:*.emf=01;35:*.ogv=01;35:*.ogx=01;35:*.aac=00;36:*.au=00;36:*.flac=00;36:*.m4a=00;36:*.mid=00;36:*.midi=00;36:*.mka=00;36:*.mp3=00;36:*.mpc=00;36:*.ogg=00;36:*.ra=00;36:*.wav=00;36:*.oga=00;36:*.opus=00;36:*.spx=00;36:*.xspf=00;36:'), ('GNOME_TERMINAL_SERVICE', ':1.101'), ('SSH_AGENT_LAUNCHER', 'gnome-keyring'), ('SSH_AUTH_SOCK', '/run/user/1000/keyring/ssh'), ('AMENT_PREFIX_PATH', '/home/nautilus/NautilusSW/nautilus_ws/install/nautilus_controls:/opt/ros/humble'), ('SHELL', '/bin/bash'), ('QT_ACCESSIBILITY', '1'), ('GDMSESSION', 'ubuntu'), ('LESSCLOSE', '/usr/bin/lesspipe %s %s'), ('GPG_AGENT_INFO', '/run/user/1000/gnupg/S.gpg-agent:0:1'), ('QT_IM_MODULE', 'ibus'), ('PWD', '/home/nautilus/NautilusSW/nautilus_ws/build/nautilus_mission'), ('LC_ALL', 'en_US.UTF-8'), ('XDG_CONFIG_DIRS', '/etc/xdg/xdg-ubuntu:/etc/xdg'), ('DBUS_STARTER_ADDRESS', 'unix:path=/run/user/1000/bus,guid=74938106cd4c71d5d648881669ebbd10'), ('XDG_DATA_DIRS', '/usr/share/ubuntu:/usr/share/gnome:/usr/local/share/:/usr/share/'), ('PYTHONPATH', '/home/nautilus/NautilusSW/nautilus_ws/install/nautilus_controls/local/lib/python3.10/dist-packages:/opt/ros/humble/lib/python3.10/site-packages:/opt/ros/humble/local/lib/python3.10/dist-packages'), ('COLCON', '1'), ('VTE_VERSION', '6800'), ('CMAKE_PREFIX_PATH', '/home/nautilus/NautilusSW/nautilus_ws/install/nautilus_controls:/opt/ros/humble')]), 'shell': False}
[1.037331] (nautilus_sensors) JobProgress: {'identifier': 'nautilus_sensors', 'progress': 'cmake'}
[1.038742] (nautilus_sensors) JobProgress: {'identifier': 'nautilus_sensors', 'progress': 'build'}
[1.039320] (nautilus_sensors) Command: {'cmd': ['/usr/bin/cmake', '--build', '/home/nautilus/NautilusSW/nautilus_ws/build/nautilus_sensors', '--', '-j6', '-l6'], 'cwd': '/home/nautilus/NautilusSW/nautilus_ws/build/nautilus_sensors', 'env': OrderedDict([('LESSOPEN', '| /usr/bin/lesspipe %s'), ('USER', 'nautilus'), ('XDG_SESSION_TYPE', 'x11'), ('SHLVL', '1'), ('LD_LIBRARY_PATH', '/opt/ros/humble/opt/rviz_ogre_vendor/lib:/opt/ros/humble/lib/aarch64-linux-gnu:/opt/ros/humble/lib'), ('HOME', '/home/nautilus'), ('DESKTOP_SESSION', 'ubuntu'), ('ROS_PYTHON_VERSION', '3'), ('GNOME_SHELL_SESSION_MODE', 'ubuntu'), ('GTK_MODULES', 'gail:atk-bridge'), ('DBUS_STARTER_BUS_TYPE', 'session'), ('SYSTEMD_EXEC_PID', '1772'), ('DBUS_SESSION_BUS_ADDRESS', 'unix:path=/run/user/1000/bus,guid=74938106cd4c71d5d648881669ebbd10'), ('COLORTERM', 'truecolor'), ('IM_CONFIG_PHASE', '1'), ('ROS_DISTRO', 'humble'), ('GTK_IM_MODULE', 'ibus'), ('LOGNAME', 'nautilus'), ('_', '/usr/bin/colcon'), ('ROS_VERSION', '2'), ('XDG_SESSION_CLASS', 'user'), ('USERNAME', 'nautilus'), ('TERM', 'xterm-256color'), ('GNOME_DESKTOP_SESSION_ID', 'this-is-deprecated'), ('ROS_LOCALHOST_ONLY', '0'), ('WINDOWPATH', '2'), ('PATH', '/opt/ros/humble/bin:/home/nautilus/.local/bin:/home/nautilus/.local/bin:/usr/local/sbin:/usr/local/bin:/usr/sbin:/usr/bin:/sbin:/bin:/usr/games:/usr/local/games:/snap/bin:/home/nautilus/.local/bin'), ('SESSION_MANAGER', 'local/nautilus-desktop:@/tmp/.ICE-unix/1772,unix/nautilus-desktop:/tmp/.ICE-unix/1772'), ('XDG_MENU_PREFIX', 'gnome-'), ('GNOME_TERMINAL_SCREEN', '/org/gnome/Terminal/screen/6369f139_43ee_4edf_880e_cb00aef0d88f'), ('XDG_RUNTIME_DIR', '/run/user/1000'), ('DISPLAY', ':0'), ('LANG', 'en_US.UTF-8'), ('XDG_CURRENT_DESKTOP', 'ubuntu:GNOME'), ('XMODIFIERS', '@im=ibus'), ('XDG_SESSION_DESKTOP', 'ubuntu'), ('XAUTHORITY', '/run/user/1000/gdm/Xauthority'), ('LS_COLORS', 'rs=0:di=01;34:ln=01;36:mh=00:pi=40;33:so=01;35:do=01;35:bd=40;33;01:cd=40;33;01:or=40;31;01:mi=00:su=37;41:sg=30;43:ca=30;41:tw=30;42:ow=34;42:st=37;44:ex=01;32:*.tar=01;31:*.tgz=01;31:*.arc=01;31:*.arj=01;31:*.taz=01;31:*.lha=01;31:*.lz4=01;31:*.lzh=01;31:*.lzma=01;31:*.tlz=01;31:*.txz=01;31:*.tzo=01;31:*.t7z=01;31:*.zip=01;31:*.z=01;31:*.dz=01;31:*.gz=01;31:*.lrz=01;31:*.lz=01;31:*.lzo=01;31:*.xz=01;31:*.zst=01;31:*.tzst=01;31:*.bz2=01;31:*.bz=01;31:*.tbz=01;31:*.tbz2=01;31:*.tz=01;31:*.deb=01;31:*.rpm=01;31:*.jar=01;31:*.war=01;31:*.ear=01;31:*.sar=01;31:*.rar=01;31:*.alz=01;31:*.ace=01;31:*.zoo=01;31:*.cpio=01;31:*.7z=01;31:*.rz=01;31:*.cab=01;31:*.wim=01;31:*.swm=01;31:*.dwm=01;31:*.esd=01;31:*.jpg=01;35:*.jpeg=01;35:*.mjpg=01;35:*.mjpeg=01;35:*.gif=01;35:*.bmp=01;35:*.pbm=01;35:*.pgm=01;35:*.ppm=01;35:*.tga=01;35:*.xbm=01;35:*.xpm=01;35:*.tif=01;35:*.tiff=01;35:*.png=01;35:*.svg=01;35:*.svgz=01;35:*.mng=01;35:*.pcx=01;35:*.mov=01;35:*.mpg=01;35:*.mpeg=01;35:*.m2v=01;35:*.mkv=01;35:*.webm=01;35:*.webp=01;35:*.ogm=01;35:*.mp4=01;35:*.m4v=01;35:*.mp4v=01;35:*.vob=01;35:*.qt=01;35:*.nuv=01;35:*.wmv=01;35:*.asf=01;35:*.rm=01;35:*.rmvb=01;35:*.flc=01;35:*.avi=01;35:*.fli=01;35:*.flv=01;35:*.gl=01;35:*.dl=01;35:*.xcf=01;35:*.xwd=01;35:*.yuv=01;35:*.cgm=01;35:*.emf=01;35:*.ogv=01;35:*.ogx=01;35:*.aac=00;36:*.au=00;36:*.flac=00;36:*.m4a=00;36:*.mid=00;36:*.midi=00;36:*.mka=00;36:*.mp3=00;36:*.mpc=00;36:*.ogg=00;36:*.ra=00;36:*.wav=00;36:*.oga=00;36:*.opus=00;36:*.spx=00;36:*.xspf=00;36:'), ('GNOME_TERMINAL_SERVICE', ':1.101'), ('SSH_AGENT_LAUNCHER', 'gnome-keyring'), ('SSH_AUTH_SOCK', '/run/user/1000/keyring/ssh'), ('AMENT_PREFIX_PATH', '/home/nautilus/NautilusSW/nautilus_ws/install/nautilus_bringup:/opt/ros/humble'), ('SHELL', '/bin/bash'), ('QT_ACCESSIBILITY', '1'), ('GDMSESSION', 'ubuntu'), ('LESSCLOSE', '/usr/bin/lesspipe %s %s'), ('GPG_AGENT_INFO', '/run/user/1000/gnupg/S.gpg-agent:0:1'), ('QT_IM_MODULE', 'ibus'), ('PWD', '/home/nautilus/NautilusSW/nautilus_ws/build/nautilus_sensors'), ('LC_ALL', 'en_US.UTF-8'), ('XDG_CONFIG_DIRS', '/etc/xdg/xdg-ubuntu:/etc/xdg'), ('DBUS_STARTER_ADDRESS', 'unix:path=/run/user/1000/bus,guid=74938106cd4c71d5d648881669ebbd10'), ('XDG_DATA_DIRS', '/usr/share/ubuntu:/usr/share/gnome:/usr/local/share/:/usr/share/'), ('PYTHONPATH', '/home/nautilus/NautilusSW/nautilus_ws/install/nautilus_bringup/local/lib/python3.10/dist-packages:/opt/ros/humble/lib/python3.10/site-packages:/opt/ros/humble/local/lib/python3.10/dist-packages'), ('COLCON', '1'), ('VTE_VERSION', '6800'), ('CMAKE_PREFIX_PATH', '/home/nautilus/NautilusSW/nautilus_ws/install/nautilus_bringup:/opt/ros/humble')]), 'shell': False}
[1.103032] (-) TimerEvent: {}
[1.122907] (nautilus_mission) StdoutLine: {'line': b'Built target ament_cmake_python_copy_nautilus_mission\n'}
[1.133800] (nautilus_sensors) StdoutLine: {'line': b'Built target ament_cmake_python_copy_DVL\n'}
[1.203174] (-) TimerEvent: {}
[1.241280] (nautilus_sensors) StdoutLine: {'line': b'Built target ament_cmake_python_copy_vision\n'}
[1.303326] (-) TimerEvent: {}
[1.403953] (-) TimerEvent: {}
[1.504521] (-) TimerEvent: {}
[1.546717] (nautilus_mission) StdoutLine: {'line': b'running egg_info\n'}
[1.554999] (nautilus_sensors) StdoutLine: {'line': b'running egg_info\n'}
[1.579254] (nautilus_mission) StdoutLine: {'line': b'writing nautilus_mission.egg-info/PKG-INFO\n'}
[1.580342] (nautilus_mission) StdoutLine: {'line': b'writing dependency_links to nautilus_mission.egg-info/dependency_links.txt\n'}
[1.581092] (nautilus_mission) StdoutLine: {'line': b'writing top-level names to nautilus_mission.egg-info/top_level.txt\n'}
[1.586588] (nautilus_sensors) StdoutLine: {'line': b'writing DVL.egg-info/PKG-INFO\n'}
[1.587573] (nautilus_sensors) StdoutLine: {'line': b'writing dependency_links to DVL.egg-info/dependency_links.txt\n'}
[1.588207] (nautilus_sensors) StdoutLine: {'line': b'writing top-level names to DVL.egg-info/top_level.txt\n'}
[1.604587] (-) TimerEvent: {}
[1.651103] (nautilus_sensors) StdoutLine: {'line': b'running egg_info\n'}
[1.678151] (nautilus_mission) StdoutLine: {'line': b"reading manifest file 'nautilus_mission.egg-info/SOURCES.txt'\n"}
[1.680081] (nautilus_mission) StdoutLine: {'line': b"writing manifest file 'nautilus_mission.egg-info/SOURCES.txt'\n"}
[1.682484] (nautilus_sensors) StdoutLine: {'line': b'writing vision.egg-info/PKG-INFO\n'}
[1.683603] (nautilus_sensors) StdoutLine: {'line': b'writing dependency_links to vision.egg-info/dependency_links.txt\n'}
[1.683839] (nautilus_sensors) StdoutLine: {'line': b"reading manifest file 'DVL.egg-info/SOURCES.txt'\n"}
[1.684273] (nautilus_sensors) StdoutLine: {'line': b'writing top-level names to vision.egg-info/top_level.txt\n'}
[1.685911] (nautilus_sensors) StdoutLine: {'line': b"writing manifest file 'DVL.egg-info/SOURCES.txt'\n"}
[1.704743] (-) TimerEvent: {}
[1.764917] (nautilus_mission) StdoutLine: {'line': b'Built target ament_cmake_python_build_nautilus_mission_egg\n'}
[1.770471] (nautilus_sensors) StdoutLine: {'line': b'Built target ament_cmake_python_build_DVL_egg\n'}
[1.781231] (nautilus_sensors) StdoutLine: {'line': b"reading manifest file 'vision.egg-info/SOURCES.txt'\n"}
[1.783174] (nautilus_sensors) StdoutLine: {'line': b"writing manifest file 'vision.egg-info/SOURCES.txt'\n"}
[1.784974] (nautilus_mission) CommandEnded: {'returncode': 0}
[1.786916] (nautilus_mission) JobProgress: {'identifier': 'nautilus_mission', 'progress': 'install'}
[1.787788] (nautilus_mission) Command: {'cmd': ['/usr/bin/cmake', '--install', '/home/nautilus/NautilusSW/nautilus_ws/build/nautilus_mission'], 'cwd': '/home/nautilus/NautilusSW/nautilus_ws/build/nautilus_mission', 'env': OrderedDict([('LESSOPEN', '| /usr/bin/lesspipe %s'), ('USER', 'nautilus'), ('XDG_SESSION_TYPE', 'x11'), ('SHLVL', '1'), ('LD_LIBRARY_PATH', '/opt/ros/humble/opt/rviz_ogre_vendor/lib:/opt/ros/humble/lib/aarch64-linux-gnu:/opt/ros/humble/lib'), ('HOME', '/home/nautilus'), ('DESKTOP_SESSION', 'ubuntu'), ('ROS_PYTHON_VERSION', '3'), ('GNOME_SHELL_SESSION_MODE', 'ubuntu'), ('GTK_MODULES', 'gail:atk-bridge'), ('DBUS_STARTER_BUS_TYPE', 'session'), ('SYSTEMD_EXEC_PID', '1772'), ('DBUS_SESSION_BUS_ADDRESS', 'unix:path=/run/user/1000/bus,guid=74938106cd4c71d5d648881669ebbd10'), ('COLORTERM', 'truecolor'), ('IM_CONFIG_PHASE', '1'), ('ROS_DISTRO', 'humble'), ('GTK_IM_MODULE', 'ibus'), ('LOGNAME', 'nautilus'), ('_', '/usr/bin/colcon'), ('ROS_VERSION', '2'), ('XDG_SESSION_CLASS', 'user'), ('USERNAME', 'nautilus'), ('TERM', 'xterm-256color'), ('GNOME_DESKTOP_SESSION_ID', 'this-is-deprecated'), ('ROS_LOCALHOST_ONLY', '0'), ('WINDOWPATH', '2'), ('PATH', '/opt/ros/humble/bin:/home/nautilus/.local/bin:/home/nautilus/.local/bin:/usr/local/sbin:/usr/local/bin:/usr/sbin:/usr/bin:/sbin:/bin:/usr/games:/usr/local/games:/snap/bin:/home/nautilus/.local/bin'), ('SESSION_MANAGER', 'local/nautilus-desktop:@/tmp/.ICE-unix/1772,unix/nautilus-desktop:/tmp/.ICE-unix/1772'), ('XDG_MENU_PREFIX', 'gnome-'), ('GNOME_TERMINAL_SCREEN', '/org/gnome/Terminal/screen/6369f139_43ee_4edf_880e_cb00aef0d88f'), ('XDG_RUNTIME_DIR', '/run/user/1000'), ('DISPLAY', ':0'), ('LANG', 'en_US.UTF-8'), ('XDG_CURRENT_DESKTOP', 'ubuntu:GNOME'), ('XMODIFIERS', '@im=ibus'), ('XDG_SESSION_DESKTOP', 'ubuntu'), ('XAUTHORITY', '/run/user/1000/gdm/Xauthority'), ('LS_COLORS', 'rs=0:di=01;34:ln=01;36:mh=00:pi=40;33:so=01;35:do=01;35:bd=40;33;01:cd=40;33;01:or=40;31;01:mi=00:su=37;41:sg=30;43:ca=30;41:tw=30;42:ow=34;42:st=37;44:ex=01;32:*.tar=01;31:*.tgz=01;31:*.arc=01;31:*.arj=01;31:*.taz=01;31:*.lha=01;31:*.lz4=01;31:*.lzh=01;31:*.lzma=01;31:*.tlz=01;31:*.txz=01;31:*.tzo=01;31:*.t7z=01;31:*.zip=01;31:*.z=01;31:*.dz=01;31:*.gz=01;31:*.lrz=01;31:*.lz=01;31:*.lzo=01;31:*.xz=01;31:*.zst=01;31:*.tzst=01;31:*.bz2=01;31:*.bz=01;31:*.tbz=01;31:*.tbz2=01;31:*.tz=01;31:*.deb=01;31:*.rpm=01;31:*.jar=01;31:*.war=01;31:*.ear=01;31:*.sar=01;31:*.rar=01;31:*.alz=01;31:*.ace=01;31:*.zoo=01;31:*.cpio=01;31:*.7z=01;31:*.rz=01;31:*.cab=01;31:*.wim=01;31:*.swm=01;31:*.dwm=01;31:*.esd=01;31:*.jpg=01;35:*.jpeg=01;35:*.mjpg=01;35:*.mjpeg=01;35:*.gif=01;35:*.bmp=01;35:*.pbm=01;35:*.pgm=01;35:*.ppm=01;35:*.tga=01;35:*.xbm=01;35:*.xpm=01;35:*.tif=01;35:*.tiff=01;35:*.png=01;35:*.svg=01;35:*.svgz=01;35:*.mng=01;35:*.pcx=01;35:*.mov=01;35:*.mpg=01;35:*.mpeg=01;35:*.m2v=01;35:*.mkv=01;35:*.webm=01;35:*.webp=01;35:*.ogm=01;35:*.mp4=01;35:*.m4v=01;35:*.mp4v=01;35:*.vob=01;35:*.qt=01;35:*.nuv=01;35:*.wmv=01;35:*.asf=01;35:*.rm=01;35:*.rmvb=01;35:*.flc=01;35:*.avi=01;35:*.fli=01;35:*.flv=01;35:*.gl=01;35:*.dl=01;35:*.xcf=01;35:*.xwd=01;35:*.yuv=01;35:*.cgm=01;35:*.emf=01;35:*.ogv=01;35:*.ogx=01;35:*.aac=00;36:*.au=00;36:*.flac=00;36:*.m4a=00;36:*.mid=00;36:*.midi=00;36:*.mka=00;36:*.mp3=00;36:*.mpc=00;36:*.ogg=00;36:*.ra=00;36:*.wav=00;36:*.oga=00;36:*.opus=00;36:*.spx=00;36:*.xspf=00;36:'), ('GNOME_TERMINAL_SERVICE', ':1.101'), ('SSH_AGENT_LAUNCHER', 'gnome-keyring'), ('SSH_AUTH_SOCK', '/run/user/1000/keyring/ssh'), ('AMENT_PREFIX_PATH', '/home/nautilus/NautilusSW/nautilus_ws/install/nautilus_controls:/opt/ros/humble'), ('SHELL', '/bin/bash'), ('QT_ACCESSIBILITY', '1'), ('GDMSESSION', 'ubuntu'), ('LESSCLOSE', '/usr/bin/lesspipe %s %s'), ('GPG_AGENT_INFO', '/run/user/1000/gnupg/S.gpg-agent:0:1'), ('QT_IM_MODULE', 'ibus'), ('PWD', '/home/nautilus/NautilusSW/nautilus_ws/build/nautilus_mission'), ('LC_ALL', 'en_US.UTF-8'), ('XDG_CONFIG_DIRS', '/etc/xdg/xdg-ubuntu:/etc/xdg'), ('DBUS_STARTER_ADDRESS', 'unix:path=/run/user/1000/bus,guid=74938106cd4c71d5d648881669ebbd10'), ('XDG_DATA_DIRS', '/usr/share/ubuntu:/usr/share/gnome:/usr/local/share/:/usr/share/'), ('PYTHONPATH', '/home/nautilus/NautilusSW/nautilus_ws/install/nautilus_controls/local/lib/python3.10/dist-packages:/opt/ros/humble/lib/python3.10/site-packages:/opt/ros/humble/local/lib/python3.10/dist-packages'), ('COLCON', '1'), ('VTE_VERSION', '6800'), ('CMAKE_PREFIX_PATH', '/home/nautilus/NautilusSW/nautilus_ws/install/nautilus_controls:/opt/ros/humble')]), 'shell': False}
[1.804695] (nautilus_mission) StdoutLine: {'line': b'-- Install configuration: ""\n'}
[1.805121] (-) TimerEvent: {}
[1.805620] (nautilus_mission) StdoutLine: {'line': b'-- Up-to-date: /home/nautilus/NautilusSW/nautilus_ws/install/nautilus_mission/share/nautilus_mission/launch\n'}
[1.805887] (nautilus_mission) StdoutLine: {'line': b'-- Up-to-date: /home/nautilus/NautilusSW/nautilus_ws/install/nautilus_mission/share/nautilus_mission/launch/mission.launch.py\n'}
[1.806049] (nautilus_mission) StdoutLine: {'line': b'-- Up-to-date: /home/nautilus/NautilusSW/nautilus_ws/install/nautilus_mission/lib/nautilus_mission/state_machine\n'}
[1.806231] (nautilus_mission) StdoutLine: {'line': b'-- Up-to-date: /home/nautilus/NautilusSW/nautilus_ws/install/nautilus_mission/share/nautilus_mission/environment/pythonpath.sh\n'}
[1.806402] (nautilus_mission) StdoutLine: {'line': b'-- Up-to-date: /home/nautilus/NautilusSW/nautilus_ws/install/nautilus_mission/share/nautilus_mission/environment/pythonpath.dsv\n'}
[1.806539] (nautilus_mission) StdoutLine: {'line': b'-- Up-to-date: /home/nautilus/NautilusSW/nautilus_ws/install/nautilus_mission/local/lib/python3.10/dist-packages/nautilus_mission-0.0.0-py3.10.egg-info\n'}
[1.806706] (nautilus_mission) StdoutLine: {'line': b'-- Installing: /home/nautilus/NautilusSW/nautilus_ws/install/nautilus_mission/local/lib/python3.10/dist-packages/nautilus_mission-0.0.0-py3.10.egg-info/SOURCES.txt\n'}
[1.806893] (nautilus_mission) StdoutLine: {'line': b'-- Installing: /home/nautilus/NautilusSW/nautilus_ws/install/nautilus_mission/local/lib/python3.10/dist-packages/nautilus_mission-0.0.0-py3.10.egg-info/PKG-INFO\n'}
[1.807023] (nautilus_mission) StdoutLine: {'line': b'-- Installing: /home/nautilus/NautilusSW/nautilus_ws/install/nautilus_mission/local/lib/python3.10/dist-packages/nautilus_mission-0.0.0-py3.10.egg-info/dependency_links.txt\n'}
[1.807151] (nautilus_mission) StdoutLine: {'line': b'-- Installing: /home/nautilus/NautilusSW/nautilus_ws/install/nautilus_mission/local/lib/python3.10/dist-packages/nautilus_mission-0.0.0-py3.10.egg-info/top_level.txt\n'}
[1.807275] (nautilus_mission) StdoutLine: {'line': b'-- Up-to-date: /home/nautilus/NautilusSW/nautilus_ws/install/nautilus_mission/local/lib/python3.10/dist-packages/nautilus_mission\n'}
[1.807399] (nautilus_mission) StdoutLine: {'line': b'-- Up-to-date: /home/nautilus/NautilusSW/nautilus_ws/install/nautilus_mission/local/lib/python3.10/dist-packages/nautilus_mission/state_machine.py\n'}
[1.807547] (nautilus_mission) StdoutLine: {'line': b'-- Up-to-date: /home/nautilus/NautilusSW/nautilus_ws/install/nautilus_mission/local/lib/python3.10/dist-packages/nautilus_mission/__init__.py\n'}
[1.854363] (nautilus_sensors) StdoutLine: {'line': b'Built target ament_cmake_python_build_vision_egg\n'}
[1.873359] (nautilus_sensors) CommandEnded: {'returncode': 0}
[1.875192] (nautilus_sensors) JobProgress: {'identifier': 'nautilus_sensors', 'progress': 'install'}
[1.875895] (nautilus_sensors) Command: {'cmd': ['/usr/bin/cmake', '--install', '/home/nautilus/NautilusSW/nautilus_ws/build/nautilus_sensors'], 'cwd': '/home/nautilus/NautilusSW/nautilus_ws/build/nautilus_sensors', 'env': OrderedDict([('LESSOPEN', '| /usr/bin/lesspipe %s'), ('USER', 'nautilus'), ('XDG_SESSION_TYPE', 'x11'), ('SHLVL', '1'), ('LD_LIBRARY_PATH', '/opt/ros/humble/opt/rviz_ogre_vendor/lib:/opt/ros/humble/lib/aarch64-linux-gnu:/opt/ros/humble/lib'), ('HOME', '/home/nautilus'), ('DESKTOP_SESSION', 'ubuntu'), ('ROS_PYTHON_VERSION', '3'), ('GNOME_SHELL_SESSION_MODE', 'ubuntu'), ('GTK_MODULES', 'gail:atk-bridge'), ('DBUS_STARTER_BUS_TYPE', 'session'), ('SYSTEMD_EXEC_PID', '1772'), ('DBUS_SESSION_BUS_ADDRESS', 'unix:path=/run/user/1000/bus,guid=74938106cd4c71d5d648881669ebbd10'), ('COLORTERM', 'truecolor'), ('IM_CONFIG_PHASE', '1'), ('ROS_DISTRO', 'humble'), ('GTK_IM_MODULE', 'ibus'), ('LOGNAME', 'nautilus'), ('_', '/usr/bin/colcon'), ('ROS_VERSION', '2'), ('XDG_SESSION_CLASS', 'user'), ('USERNAME', 'nautilus'), ('TERM', 'xterm-256color'), ('GNOME_DESKTOP_SESSION_ID', 'this-is-deprecated'), ('ROS_LOCALHOST_ONLY', '0'), ('WINDOWPATH', '2'), ('PATH', '/opt/ros/humble/bin:/home/nautilus/.local/bin:/home/nautilus/.local/bin:/usr/local/sbin:/usr/local/bin:/usr/sbin:/usr/bin:/sbin:/bin:/usr/games:/usr/local/games:/snap/bin:/home/nautilus/.local/bin'), ('SESSION_MANAGER', 'local/nautilus-desktop:@/tmp/.ICE-unix/1772,unix/nautilus-desktop:/tmp/.ICE-unix/1772'), ('XDG_MENU_PREFIX', 'gnome-'), ('GNOME_TERMINAL_SCREEN', '/org/gnome/Terminal/screen/6369f139_43ee_4edf_880e_cb00aef0d88f'), ('XDG_RUNTIME_DIR', '/run/user/1000'), ('DISPLAY', ':0'), ('LANG', 'en_US.UTF-8'), ('XDG_CURRENT_DESKTOP', 'ubuntu:GNOME'), ('XMODIFIERS', '@im=ibus'), ('XDG_SESSION_DESKTOP', 'ubuntu'), ('XAUTHORITY', '/run/user/1000/gdm/Xauthority'), ('LS_COLORS', 'rs=0:di=01;34:ln=01;36:mh=00:pi=40;33:so=01;35:do=01;35:bd=40;33;01:cd=40;33;01:or=40;31;01:mi=00:su=37;41:sg=30;43:ca=30;41:tw=30;42:ow=34;42:st=37;44:ex=01;32:*.tar=01;31:*.tgz=01;31:*.arc=01;31:*.arj=01;31:*.taz=01;31:*.lha=01;31:*.lz4=01;31:*.lzh=01;31:*.lzma=01;31:*.tlz=01;31:*.txz=01;31:*.tzo=01;31:*.t7z=01;31:*.zip=01;31:*.z=01;31:*.dz=01;31:*.gz=01;31:*.lrz=01;31:*.lz=01;31:*.lzo=01;31:*.xz=01;31:*.zst=01;31:*.tzst=01;31:*.bz2=01;31:*.bz=01;31:*.tbz=01;31:*.tbz2=01;31:*.tz=01;31:*.deb=01;31:*.rpm=01;31:*.jar=01;31:*.war=01;31:*.ear=01;31:*.sar=01;31:*.rar=01;31:*.alz=01;31:*.ace=01;31:*.zoo=01;31:*.cpio=01;31:*.7z=01;31:*.rz=01;31:*.cab=01;31:*.wim=01;31:*.swm=01;31:*.dwm=01;31:*.esd=01;31:*.jpg=01;35:*.jpeg=01;35:*.mjpg=01;35:*.mjpeg=01;35:*.gif=01;35:*.bmp=01;35:*.pbm=01;35:*.pgm=01;35:*.ppm=01;35:*.tga=01;35:*.xbm=01;35:*.xpm=01;35:*.tif=01;35:*.tiff=01;35:*.png=01;35:*.svg=01;35:*.svgz=01;35:*.mng=01;35:*.pcx=01;35:*.mov=01;35:*.mpg=01;35:*.mpeg=01;35:*.m2v=01;35:*.mkv=01;35:*.webm=01;35:*.webp=01;35:*.ogm=01;35:*.mp4=01;35:*.m4v=01;35:*.mp4v=01;35:*.vob=01;35:*.qt=01;35:*.nuv=01;35:*.wmv=01;35:*.asf=01;35:*.rm=01;35:*.rmvb=01;35:*.flc=01;35:*.avi=01;35:*.fli=01;35:*.flv=01;35:*.gl=01;35:*.dl=01;35:*.xcf=01;35:*.xwd=01;35:*.yuv=01;35:*.cgm=01;35:*.emf=01;35:*.ogv=01;35:*.ogx=01;35:*.aac=00;36:*.au=00;36:*.flac=00;36:*.m4a=00;36:*.mid=00;36:*.midi=00;36:*.mka=00;36:*.mp3=00;36:*.mpc=00;36:*.ogg=00;36:*.ra=00;36:*.wav=00;36:*.oga=00;36:*.opus=00;36:*.spx=00;36:*.xspf=00;36:'), ('GNOME_TERMINAL_SERVICE', ':1.101'), ('SSH_AGENT_LAUNCHER', 'gnome-keyring'), ('SSH_AUTH_SOCK', '/run/user/1000/keyring/ssh'), ('AMENT_PREFIX_PATH', '/home/nautilus/NautilusSW/nautilus_ws/install/nautilus_bringup:/opt/ros/humble'), ('SHELL', '/bin/bash'), ('QT_ACCESSIBILITY', '1'), ('GDMSESSION', 'ubuntu'), ('LESSCLOSE', '/usr/bin/lesspipe %s %s'), ('GPG_AGENT_INFO', '/run/user/1000/gnupg/S.gpg-agent:0:1'), ('QT_IM_MODULE', 'ibus'), ('PWD', '/home/nautilus/NautilusSW/nautilus_ws/build/nautilus_sensors'), ('LC_ALL', 'en_US.UTF-8'), ('XDG_CONFIG_DIRS', '/etc/xdg/xdg-ubuntu:/etc/xdg'), ('DBUS_STARTER_ADDRESS', 'unix:path=/run/user/1000/bus,guid=74938106cd4c71d5d648881669ebbd10'), ('XDG_DATA_DIRS', '/usr/share/ubuntu:/usr/share/gnome:/usr/local/share/:/usr/share/'), ('PYTHONPATH', '/home/nautilus/NautilusSW/nautilus_ws/install/nautilus_bringup/local/lib/python3.10/dist-packages:/opt/ros/humble/lib/python3.10/site-packages:/opt/ros/humble/local/lib/python3.10/dist-packages'), ('COLCON', '1'), ('VTE_VERSION', '6800'), ('CMAKE_PREFIX_PATH', '/home/nautilus/NautilusSW/nautilus_ws/install/nautilus_bringup:/opt/ros/humble')]), 'shell': False}
[1.878721] (nautilus_mission) StdoutLine: {'line': b"Listing '/home/nautilus/NautilusSW/nautilus_ws/install/nautilus_mission/local/lib/python3.10/dist-packages/nautilus_mission'...\n"}
[1.887433] (nautilus_mission) StdoutLine: {'line': b'-- Up-to-date: /home/nautilus/NautilusSW/nautilus_ws/install/nautilus_mission/share/ament_index/resource_index/package_run_dependencies/nautilus_mission\n'}
[1.888002] (nautilus_mission) StdoutLine: {'line': b'-- Up-to-date: /home/nautilus/NautilusSW/nautilus_ws/install/nautilus_mission/share/ament_index/resource_index/parent_prefix_path/nautilus_mission\n'}
[1.888301] (nautilus_mission) StdoutLine: {'line': b'-- Up-to-date: /home/nautilus/NautilusSW/nautilus_ws/install/nautilus_mission/share/nautilus_mission/environment/ament_prefix_path.sh\n'}
[1.888490] (nautilus_mission) StdoutLine: {'line': b'-- Up-to-date: /home/nautilus/NautilusSW/nautilus_ws/install/nautilus_mission/share/nautilus_mission/environment/ament_prefix_path.dsv\n'}
[1.888658] (nautilus_mission) StdoutLine: {'line': b'-- Up-to-date: /home/nautilus/NautilusSW/nautilus_ws/install/nautilus_mission/share/nautilus_mission/environment/path.sh\n'}
[1.888890] (nautilus_mission) StdoutLine: {'line': b'-- Up-to-date: /home/nautilus/NautilusSW/nautilus_ws/install/nautilus_mission/share/nautilus_mission/environment/path.dsv\n'}
[1.889112] (nautilus_mission) StdoutLine: {'line': b'-- Up-to-date: /home/nautilus/NautilusSW/nautilus_ws/install/nautilus_mission/share/nautilus_mission/local_setup.bash\n'}
[1.889274] (nautilus_mission) StdoutLine: {'line': b'-- Up-to-date: /home/nautilus/NautilusSW/nautilus_ws/install/nautilus_mission/share/nautilus_mission/local_setup.sh\n'}
[1.889425] (nautilus_mission) StdoutLine: {'line': b'-- Up-to-date: /home/nautilus/NautilusSW/nautilus_ws/install/nautilus_mission/share/nautilus_mission/local_setup.zsh\n'}
[1.889572] (nautilus_mission) StdoutLine: {'line': b'-- Up-to-date: /home/nautilus/NautilusSW/nautilus_ws/install/nautilus_mission/share/nautilus_mission/local_setup.dsv\n'}
[1.889717] (nautilus_mission) StdoutLine: {'line': b'-- Installing: /home/nautilus/NautilusSW/nautilus_ws/install/nautilus_mission/share/nautilus_mission/package.dsv\n'}
[1.889862] (nautilus_mission) StdoutLine: {'line': b'-- Up-to-date: /home/nautilus/NautilusSW/nautilus_ws/install/nautilus_mission/share/ament_index/resource_index/packages/nautilus_mission\n'}
[1.890006] (nautilus_mission) StdoutLine: {'line': b'-- Up-to-date: /home/nautilus/NautilusSW/nautilus_ws/install/nautilus_mission/share/nautilus_mission/cmake/nautilus_missionConfig.cmake\n'}
[1.890202] (nautilus_mission) StdoutLine: {'line': b'-- Up-to-date: /home/nautilus/NautilusSW/nautilus_ws/install/nautilus_mission/share/nautilus_mission/cmake/nautilus_missionConfig-version.cmake\n'}
[1.890350] (nautilus_mission) StdoutLine: {'line': b'-- Up-to-date: /home/nautilus/NautilusSW/nautilus_ws/install/nautilus_mission/share/nautilus_mission/package.xml\n'}
[1.891297] (nautilus_sensors) StdoutLine: {'line': b'-- Install configuration: ""\n'}
[1.891595] (nautilus_sensors) StdoutLine: {'line': b'-- Up-to-date: /home/nautilus/NautilusSW/nautilus_ws/install/nautilus_sensors/share/nautilus_sensors/environment/pythonpath.sh\n'}
[1.891811] (nautilus_sensors) StdoutLine: {'line': b'-- Up-to-date: /home/nautilus/NautilusSW/nautilus_ws/install/nautilus_sensors/share/nautilus_sensors/environment/pythonpath.dsv\n'}
[1.892267] (nautilus_sensors) StdoutLine: {'line': b'-- Up-to-date: /home/nautilus/NautilusSW/nautilus_ws/install/nautilus_sensors/local/lib/python3.10/dist-packages/DVL-0.0.0-py3.10.egg-info\n'}
[1.892832] (nautilus_sensors) StdoutLine: {'line': b'-- Installing: /home/nautilus/NautilusSW/nautilus_ws/install/nautilus_sensors/local/lib/python3.10/dist-packages/DVL-0.0.0-py3.10.egg-info/SOURCES.txt\n'}
[1.894441] (nautilus_sensors) StdoutLine: {'line': b'-- Installing: /home/nautilus/NautilusSW/nautilus_ws/install/nautilus_sensors/local/lib/python3.10/dist-packages/DVL-0.0.0-py3.10.egg-info/PKG-INFO\n'}
[1.896515] (nautilus_sensors) StdoutLine: {'line': b'-- Installing: /home/nautilus/NautilusSW/nautilus_ws/install/nautilus_sensors/local/lib/python3.10/dist-packages/DVL-0.0.0-py3.10.egg-info/dependency_links.txt\n'}
[1.896770] (nautilus_sensors) StdoutLine: {'line': b'-- Installing: /home/nautilus/NautilusSW/nautilus_ws/install/nautilus_sensors/local/lib/python3.10/dist-packages/DVL-0.0.0-py3.10.egg-info/top_level.txt\n'}
[1.897025] (nautilus_sensors) StdoutLine: {'line': b'-- Up-to-date: /home/nautilus/NautilusSW/nautilus_ws/install/nautilus_sensors/local/lib/python3.10/dist-packages/DVL\n'}
[1.897280] (nautilus_sensors) StdoutLine: {'line': b'-- Up-to-date: /home/nautilus/NautilusSW/nautilus_ws/install/nautilus_sensors/local/lib/python3.10/dist-packages/DVL/fake_dvl.py\n'}
[1.897553] (nautilus_sensors) StdoutLine: {'line': b'-- Up-to-date: /home/nautilus/NautilusSW/nautilus_ws/install/nautilus_sensors/local/lib/python3.10/dist-packages/DVL/README.md\n'}
[1.897781] (nautilus_sensors) StdoutLine: {'line': b'-- Up-to-date: /home/nautilus/NautilusSW/nautilus_ws/install/nautilus_sensors/local/lib/python3.10/dist-packages/DVL/dvl_sensor_node.py\n'}
[1.898056] (nautilus_mission) CommandEnded: {'returncode': 0}
[1.899036] (nautilus_sensors) StdoutLine: {'line': b'-- Up-to-date: /home/nautilus/NautilusSW/nautilus_ws/install/nautilus_sensors/local/lib/python3.10/dist-packages/DVL/__init__.py\n'}
[1.905471] (-) TimerEvent: {}
[1.947745] (nautilus_mission) JobEnded: {'identifier': 'nautilus_mission', 'rc': 0}
[1.958094] (nautilus_sensors) StdoutLine: {'line': b"Listing '/home/nautilus/NautilusSW/nautilus_ws/install/nautilus_sensors/local/lib/python3.10/dist-packages/DVL'...\n"}
[1.968279] (nautilus_sensors) StdoutLine: {'line': b'-- Up-to-date: /home/nautilus/NautilusSW/nautilus_ws/install/nautilus_sensors/local/lib/python3.10/dist-packages/vision-0.0.0-py3.10.egg-info\n'}
[1.968893] (nautilus_sensors) StdoutLine: {'line': b'-- Installing: /home/nautilus/NautilusSW/nautilus_ws/install/nautilus_sensors/local/lib/python3.10/dist-packages/vision-0.0.0-py3.10.egg-info/SOURCES.txt\n'}
[1.969178] (nautilus_sensors) StdoutLine: {'line': b'-- Installing: /home/nautilus/NautilusSW/nautilus_ws/install/nautilus_sensors/local/lib/python3.10/dist-packages/vision-0.0.0-py3.10.egg-info/PKG-INFO\n'}
[1.969365] (nautilus_sensors) StdoutLine: {'line': b'-- Installing: /home/nautilus/NautilusSW/nautilus_ws/install/nautilus_sensors/local/lib/python3.10/dist-packages/vision-0.0.0-py3.10.egg-info/dependency_links.txt\n'}
[1.969579] (nautilus_sensors) StdoutLine: {'line': b'-- Installing: /home/nautilus/NautilusSW/nautilus_ws/install/nautilus_sensors/local/lib/python3.10/dist-packages/vision-0.0.0-py3.10.egg-info/top_level.txt\n'}
[1.969753] (nautilus_sensors) StdoutLine: {'line': b'-- Up-to-date: /home/nautilus/NautilusSW/nautilus_ws/install/nautilus_sensors/local/lib/python3.10/dist-packages/vision\n'}
[1.969925] (nautilus_sensors) StdoutLine: {'line': b'-- Up-to-date: /home/nautilus/NautilusSW/nautilus_ws/install/nautilus_sensors/local/lib/python3.10/dist-packages/vision/yolo_models\n'}
[1.970292] (nautilus_sensors) StdoutLine: {'line': b'-- Up-to-date: /home/nautilus/NautilusSW/nautilus_ws/install/nautilus_sensors/local/lib/python3.10/dist-packages/vision/yolo_models/model_sim.pt\n'}
[1.970408] (nautilus_sensors) StdoutLine: {'line': b'-- Up-to-date: /home/nautilus/NautilusSW/nautilus_ws/install/nautilus_sensors/local/lib/python3.10/dist-packages/vision/yolo_models/Model_Realtime_18_mars.pt\n'}
[1.970516] (nautilus_sensors) StdoutLine: {'line': b'-- Up-to-date: /home/nautilus/NautilusSW/nautilus_ws/install/nautilus_sensors/local/lib/python3.10/dist-packages/vision/yolo_models/model_sim_low_res_openvino_model\n'}
[1.970620] (nautilus_sensors) StdoutLine: {'line': b'-- Up-to-date: /home/nautilus/NautilusSW/nautilus_ws/install/nautilus_sensors/local/lib/python3.10/dist-packages/vision/yolo_models/model_sim_low_res_openvino_model/model_sim_low_res.bin\n'}
[1.970758] (nautilus_sensors) StdoutLine: {'line': b'-- Up-to-date: /home/nautilus/NautilusSW/nautilus_ws/install/nautilus_sensors/local/lib/python3.10/dist-packages/vision/yolo_models/model_sim_low_res_openvino_model/model_sim_low_res.xml\n'}
[1.970866] (nautilus_sensors) StdoutLine: {'line': b'-- Up-to-date: /home/nautilus/NautilusSW/nautilus_ws/install/nautilus_sensors/local/lib/python3.10/dist-packages/vision/yolo_models/model_sim_low_res_openvino_model/metadata.yaml\n'}
[1.970974] (nautilus_sensors) StdoutLine: {'line': b'-- Up-to-date: /home/nautilus/NautilusSW/nautilus_ws/install/nautilus_sensors/local/lib/python3.10/dist-packages/vision/yolo_models/model_sim_low_res.pt\n'}
[1.971078] (nautilus_sensors) StdoutLine: {'line': b'-- Up-to-date: /home/nautilus/NautilusSW/nautilus_ws/install/nautilus_sensors/local/lib/python3.10/dist-packages/vision/yolo_models/best.pt\n'}
[1.971182] (nautilus_sensors) StdoutLine: {'line': b'-- Up-to-date: /home/nautilus/NautilusSW/nautilus_ws/install/nautilus_sensors/local/lib/python3.10/dist-packages/vision/yolo_models/model_sim_openvino_model\n'}
[1.971282] (nautilus_sensors) StdoutLine: {'line': b'-- Up-to-date: /home/nautilus/NautilusSW/nautilus_ws/install/nautilus_sensors/local/lib/python3.10/dist-packages/vision/yolo_models/model_sim_openvino_model/metadata.yaml\n'}
[1.971383] (nautilus_sensors) StdoutLine: {'line': b'-- Up-to-date: /home/nautilus/NautilusSW/nautilus_ws/install/nautilus_sensors/local/lib/python3.10/dist-packages/vision/yolo_models/model_sim_openvino_model/model_sim.bin\n'}
[1.971483] (nautilus_sensors) StdoutLine: {'line': b'-- Up-to-date: /home/nautilus/NautilusSW/nautilus_ws/install/nautilus_sensors/local/lib/python3.10/dist-packages/vision/yolo_models/model_sim_openvino_model/model_sim.xml\n'}
[1.971582] (nautilus_sensors) StdoutLine: {'line': b'-- Up-to-date: /home/nautilus/NautilusSW/nautilus_ws/install/nautilus_sensors/local/lib/python3.10/dist-packages/vision/stream.py\n'}
[1.971682] (nautilus_sensors) StdoutLine: {'line': b'-- Up-to-date: /home/nautilus/NautilusSW/nautilus_ws/install/nautilus_sensors/local/lib/python3.10/dist-packages/vision/Pixel_and_depth.py\n'}
[1.971951] (nautilus_sensors) StdoutLine: {'line': b'-- Up-to-date: /home/nautilus/NautilusSW/nautilus_ws/install/nautilus_sensors/local/lib/python3.10/dist-packages/vision/__init__.py\n'}
[1.972185] (nautilus_sensors) StdoutLine: {'line': b'-- Up-to-date: /home/nautilus/NautilusSW/nautilus_ws/install/nautilus_sensors/local/lib/python3.10/dist-packages/vision/Angle_between_object.py\n'}
[1.972407] (nautilus_sensors) StdoutLine: {'line': b'-- Up-to-date: /home/nautilus/NautilusSW/nautilus_ws/install/nautilus_sensors/local/lib/python3.10/dist-packages/vision/yolo_pipeline.py\n'}
[2.005598] (-) TimerEvent: {}
[2.033225] (nautilus_sensors) StdoutLine: {'line': b"Listing '/home/nautilus/NautilusSW/nautilus_ws/install/nautilus_sensors/local/lib/python3.10/dist-packages/vision'...\n"}
[2.033827] (nautilus_sensors) StdoutLine: {'line': b"Listing '/home/nautilus/NautilusSW/nautilus_ws/install/nautilus_sensors/local/lib/python3.10/dist-packages/vision/yolo_models'...\n"}
[2.034095] (nautilus_sensors) StdoutLine: {'line': b"Listing '/home/nautilus/NautilusSW/nautilus_ws/install/nautilus_sensors/local/lib/python3.10/dist-packages/vision/yolo_models/model_sim_low_res_openvino_model'...\n"}
[2.034400] (nautilus_sensors) StdoutLine: {'line': b"Listing '/home/nautilus/NautilusSW/nautilus_ws/install/nautilus_sensors/local/lib/python3.10/dist-packages/vision/yolo_models/model_sim_openvino_model'...\n"}
[2.042689] (nautilus_sensors) StdoutLine: {'line': b'-- Up-to-date: /home/nautilus/NautilusSW/nautilus_ws/install/nautilus_sensors/lib/nautilus_sensors/fake_dvl\n'}
[2.043083] (nautilus_sensors) StdoutLine: {'line': b'-- Up-to-date: /home/nautilus/NautilusSW/nautilus_ws/install/nautilus_sensors/lib/nautilus_sensors/dvl_sensor_node\n'}
[2.043477] (nautilus_sensors) StdoutLine: {'line': b'-- Up-to-date: /home/nautilus/NautilusSW/nautilus_ws/install/nautilus_sensors/lib/nautilus_sensors/stream\n'}
[2.044262] (nautilus_sensors) StdoutLine: {'line': b'-- Up-to-date: /home/nautilus/NautilusSW/nautilus_ws/install/nautilus_sensors/lib/nautilus_sensors/yolo_pipeline\n'}
[2.045002] (nautilus_sensors) StdoutLine: {'line': b'-- Up-to-date: /home/nautilus/NautilusSW/nautilus_ws/install/nautilus_sensors/share/nautilus_sensors/DVl\n'}
[2.045305] (nautilus_sensors) StdoutLine: {'line': b'-- Up-to-date: /home/nautilus/NautilusSW/nautilus_ws/install/nautilus_sensors/share/nautilus_sensors/DVl/fake_dvl.py\n'}
[2.045768] (nautilus_sensors) StdoutLine: {'line': b'-- Up-to-date: /home/nautilus/NautilusSW/nautilus_ws/install/nautilus_sensors/share/nautilus_sensors/DVl/README.md\n'}
[2.045955] (nautilus_sensors) StdoutLine: {'line': b'-- Up-to-date: /home/nautilus/NautilusSW/nautilus_ws/install/nautilus_sensors/share/nautilus_sensors/DVl/dvl_sensor_node.py\n'}
[2.046107] (nautilus_sensors) StdoutLine: {'line': b'-- Up-to-date: /home/nautilus/NautilusSW/nautilus_ws/install/nautilus_sensors/share/nautilus_sensors/DVl/__init__.py\n'}
[2.046244] (nautilus_sensors) StdoutLine: {'line': b'-- Up-to-date: /home/nautilus/NautilusSW/nautilus_ws/install/nautilus_sensors/share/nautilus_sensors/vision\n'}
[2.046358] (nautilus_sensors) StdoutLine: {'line': b'-- Up-to-date: /home/nautilus/NautilusSW/nautilus_ws/install/nautilus_sensors/share/nautilus_sensors/vision/yolo_models\n'}
[2.046467] (nautilus_sensors) StdoutLine: {'line': b'-- Up-to-date: /home/nautilus/NautilusSW/nautilus_ws/install/nautilus_sensors/share/nautilus_sensors/vision/yolo_models/model_sim.pt\n'}
[2.046576] (nautilus_sensors) StdoutLine: {'line': b'-- Up-to-date: /home/nautilus/NautilusSW/nautilus_ws/install/nautilus_sensors/share/nautilus_sensors/vision/yolo_models/Model_Realtime_18_mars.pt\n'}
[2.046729] (nautilus_sensors) StdoutLine: {'line': b'-- Up-to-date: /home/nautilus/NautilusSW/nautilus_ws/install/nautilus_sensors/share/nautilus_sensors/vision/yolo_models/model_sim_low_res_openvino_model\n'}
[2.046839] (nautilus_sensors) StdoutLine: {'line': b'-- Up-to-date: /home/nautilus/NautilusSW/nautilus_ws/install/nautilus_sensors/share/nautilus_sensors/vision/yolo_models/model_sim_low_res_openvino_model/model_sim_low_res.bin\n'}
[2.046943] (nautilus_sensors) StdoutLine: {'line': b'-- Up-to-date: /home/nautilus/NautilusSW/nautilus_ws/install/nautilus_sensors/share/nautilus_sensors/vision/yolo_models/model_sim_low_res_openvino_model/model_sim_low_res.xml\n'}
[2.047045] (nautilus_sensors) StdoutLine: {'line': b'-- Up-to-date: /home/nautilus/NautilusSW/nautilus_ws/install/nautilus_sensors/share/nautilus_sensors/vision/yolo_models/model_sim_low_res_openvino_model/metadata.yaml\n'}
[2.047149] (nautilus_sensors) StdoutLine: {'line': b'-- Up-to-date: /home/nautilus/NautilusSW/nautilus_ws/install/nautilus_sensors/share/nautilus_sensors/vision/yolo_models/model_sim_low_res.pt\n'}
[2.047251] (nautilus_sensors) StdoutLine: {'line': b'-- Up-to-date: /home/nautilus/NautilusSW/nautilus_ws/install/nautilus_sensors/share/nautilus_sensors/vision/yolo_models/best.pt\n'}
[2.047391] (nautilus_sensors) StdoutLine: {'line': b'-- Up-to-date: /home/nautilus/NautilusSW/nautilus_ws/install/nautilus_sensors/share/nautilus_sensors/vision/yolo_models/model_sim_openvino_model\n'}
[2.047537] (nautilus_sensors) StdoutLine: {'line': b'-- Up-to-date: /home/nautilus/NautilusSW/nautilus_ws/install/nautilus_sensors/share/nautilus_sensors/vision/yolo_models/model_sim_openvino_model/metadata.yaml\n'}
[2.047668] (nautilus_sensors) StdoutLine: {'line': b'-- Up-to-date: /home/nautilus/NautilusSW/nautilus_ws/install/nautilus_sensors/share/nautilus_sensors/vision/yolo_models/model_sim_openvino_model/model_sim.bin\n'}
[2.047822] (nautilus_sensors) StdoutLine: {'line': b'-- Up-to-date: /home/nautilus/NautilusSW/nautilus_ws/install/nautilus_sensors/share/nautilus_sensors/vision/yolo_models/model_sim_openvino_model/model_sim.xml\n'}
[2.047932] (nautilus_sensors) StdoutLine: {'line': b'-- Up-to-date: /home/nautilus/NautilusSW/nautilus_ws/install/nautilus_sensors/share/nautilus_sensors/vision/stream.py\n'}
[2.048036] (nautilus_sensors) StdoutLine: {'line': b'-- Up-to-date: /home/nautilus/NautilusSW/nautilus_ws/install/nautilus_sensors/share/nautilus_sensors/vision/Pixel_and_depth.py\n'}
[2.048149] (nautilus_sensors) StdoutLine: {'line': b'-- Up-to-date: /home/nautilus/NautilusSW/nautilus_ws/install/nautilus_sensors/share/nautilus_sensors/vision/__init__.py\n'}
[2.048250] (nautilus_sensors) StdoutLine: {'line': b'-- Up-to-date: /home/nautilus/NautilusSW/nautilus_ws/install/nautilus_sensors/share/nautilus_sensors/vision/Angle_between_object.py\n'}
[2.048350] (nautilus_sensors) StdoutLine: {'line': b'-- Up-to-date: /home/nautilus/NautilusSW/nautilus_ws/install/nautilus_sensors/share/nautilus_sensors/vision/yolo_pipeline.py\n'}
[2.048447] (nautilus_sensors) StdoutLine: {'line': b'-- Up-to-date: /home/nautilus/NautilusSW/nautilus_ws/install/nautilus_sensors/share/nautilus_sensors/package.xml\n'}
[2.048545] (nautilus_sensors) StdoutLine: {'line': b'-- Up-to-date: /home/nautilus/NautilusSW/nautilus_ws/install/nautilus_sensors/share/ament_index/resource_index/package_run_dependencies/nautilus_sensors\n'}
[2.048643] (nautilus_sensors) StdoutLine: {'line': b'-- Up-to-date: /home/nautilus/NautilusSW/nautilus_ws/install/nautilus_sensors/share/ament_index/resource_index/parent_prefix_path/nautilus_sensors\n'}
[2.048740] (nautilus_sensors) StdoutLine: {'line': b'-- Up-to-date: /home/nautilus/NautilusSW/nautilus_ws/install/nautilus_sensors/share/nautilus_sensors/environment/ament_prefix_path.sh\n'}
[2.048839] (nautilus_sensors) StdoutLine: {'line': b'-- Up-to-date: /home/nautilus/NautilusSW/nautilus_ws/install/nautilus_sensors/share/nautilus_sensors/environment/ament_prefix_path.dsv\n'}
[2.048935] (nautilus_sensors) StdoutLine: {'line': b'-- Up-to-date: /home/nautilus/NautilusSW/nautilus_ws/install/nautilus_sensors/share/nautilus_sensors/environment/path.sh\n'}
[2.049031] (nautilus_sensors) StdoutLine: {'line': b'-- Up-to-date: /home/nautilus/NautilusSW/nautilus_ws/install/nautilus_sensors/share/nautilus_sensors/environment/path.dsv\n'}
[2.049127] (nautilus_sensors) StdoutLine: {'line': b'-- Up-to-date: /home/nautilus/NautilusSW/nautilus_ws/install/nautilus_sensors/share/nautilus_sensors/local_setup.bash\n'}
[2.049224] (nautilus_sensors) StdoutLine: {'line': b'-- Up-to-date: /home/nautilus/NautilusSW/nautilus_ws/install/nautilus_sensors/share/nautilus_sensors/local_setup.sh\n'}
[2.049321] (nautilus_sensors) StdoutLine: {'line': b'-- Up-to-date: /home/nautilus/NautilusSW/nautilus_ws/install/nautilus_sensors/share/nautilus_sensors/local_setup.zsh\n'}
[2.049419] (nautilus_sensors) StdoutLine: {'line': b'-- Up-to-date: /home/nautilus/NautilusSW/nautilus_ws/install/nautilus_sensors/share/nautilus_sensors/local_setup.dsv\n'}
[2.049516] (nautilus_sensors) StdoutLine: {'line': b'-- Installing: /home/nautilus/NautilusSW/nautilus_ws/install/nautilus_sensors/share/nautilus_sensors/package.dsv\n'}
[2.049614] (nautilus_sensors) StdoutLine: {'line': b'-- Up-to-date: /home/nautilus/NautilusSW/nautilus_ws/install/nautilus_sensors/share/ament_index/resource_index/packages/nautilus_sensors\n'}
[2.049712] (nautilus_sensors) StdoutLine: {'line': b'-- Up-to-date: /home/nautilus/NautilusSW/nautilus_ws/install/nautilus_sensors/share/nautilus_sensors/cmake/nautilus_sensorsConfig.cmake\n'}
[2.049824] (nautilus_sensors) StdoutLine: {'line': b'-- Up-to-date: /home/nautilus/NautilusSW/nautilus_ws/install/nautilus_sensors/share/nautilus_sensors/cmake/nautilus_sensorsConfig-version.cmake\n'}
[2.049949] (nautilus_sensors) StdoutLine: {'line': b'-- Up-to-date: /home/nautilus/NautilusSW/nautilus_ws/install/nautilus_sensors/share/nautilus_sensors/package.xml\n'}
[2.054447] (nautilus_sensors) CommandEnded: {'returncode': 0}
[2.105984] (-) TimerEvent: {}
[2.107654] (nautilus_sensors) JobEnded: {'identifier': 'nautilus_sensors', 'rc': 0}
[2.110819] (-) EventReactorShutdown: {}
