[0.000000] (-) TimerEvent: {}
[0.000358] (nautilus_bringup) JobQueued: {'identifier': 'nautilus_bringup', 'dependencies': OrderedDict()}
[0.000638] (nautilus_controls) JobQueued: {'identifier': 'nautilus_controls', 'dependencies': OrderedDict()}
[0.001094] (nautilus_mission) JobQueued: {'identifier': 'nautilus_mission', 'dependencies': OrderedDict([('nautilus_controls', '/home/nautilus/NautilusSW/nautilus_ws/install/nautilus_controls')])}
[0.001302] (nautilus_sensors) JobQueued: {'identifier': 'nautilus_sensors', 'dependencies': OrderedDict([('nautilus_bringup', '/home/nautilus/NautilusSW/nautilus_ws/install/nautilus_bringup')])}
[0.001557] (nautilus_bringup) JobStarted: {'identifier': 'nautilus_bringup'}
[0.017457] (nautilus_controls) JobStarted: {'identifier': 'nautilus_controls'}
[0.023871] (nautilus_bringup) JobProgress: {'identifier': 'nautilus_bringup', 'progress': 'cmake'}
[0.024714] (nautilus_bringup) Command: {'cmd': ['/usr/bin/cmake', '/home/nautilus/NautilusSW/nautilus_ws/src/nautilus_bringup', '-DCMAKE_INSTALL_PREFIX=/home/nautilus/NautilusSW/nautilus_ws/install/nautilus_bringup'], 'cwd': '/home/nautilus/NautilusSW/nautilus_ws/build/nautilus_bringup', 'env': OrderedDict([('LESSOPEN', '| /usr/bin/lesspipe %s'), ('USER', 'nautilus'), ('XDG_SESSION_TYPE', 'x11'), ('SHLVL', '1'), ('LD_LIBRARY_PATH', '/opt/ros/humble/opt/rviz_ogre_vendor/lib:/opt/ros/humble/lib/aarch64-linux-gnu:/opt/ros/humble/lib'), ('HOME', '/home/nautilus'), ('DESKTOP_SESSION', 'ubuntu'), ('ROS_PYTHON_VERSION', '3'), ('GNOME_SHELL_SESSION_MODE', 'ubuntu'), ('GTK_MODULES', 'gail:atk-bridge'), ('DBUS_STARTER_BUS_TYPE', 'session'), ('SYSTEMD_EXEC_PID', '1772'), ('DBUS_SESSION_BUS_ADDRESS', 'unix:path=/run/user/1000/bus,guid=74938106cd4c71d5d648881669ebbd10'), ('COLORTERM', 'truecolor'), ('IM_CONFIG_PHASE', '1'), ('ROS_DISTRO', 'humble'), ('GTK_IM_MODULE', 'ibus'), ('LOGNAME', 'nautilus'), ('_', '/usr/bin/colcon'), ('ROS_VERSION', '2'), ('XDG_SESSION_CLASS', 'user'), ('USERNAME', 'nautilus'), ('TERM', 'xterm-256color'), ('GNOME_DESKTOP_SESSION_ID', 'this-is-deprecated'), ('ROS_LOCALHOST_ONLY', '0'), ('WINDOWPATH', '2'), ('PATH', '/opt/ros/humble/bin:/home/nautilus/.local/bin:/home/nautilus/.local/bin:/usr/local/sbin:/usr/local/bin:/usr/sbin:/usr/bin:/sbin:/bin:/usr/games:/usr/local/games:/snap/bin:/home/nautilus/.local/bin'), ('SESSION_MANAGER', 'local/nautilus-desktop:@/tmp/.ICE-unix/1772,unix/nautilus-desktop:/tmp/.ICE-unix/1772'), ('XDG_MENU_PREFIX', 'gnome-'), ('GNOME_TERMINAL_SCREEN', '/org/gnome/Terminal/screen/6369f139_43ee_4edf_880e_cb00aef0d88f'), ('XDG_RUNTIME_DIR', '/run/user/1000'), ('DISPLAY', ':0'), ('LANG', 'en_US.UTF-8'), ('XDG_CURRENT_DESKTOP', 'ubuntu:GNOME'), ('XMODIFIERS', '@im=ibus'), ('XDG_SESSION_DESKTOP', 'ubuntu'), ('XAUTHORITY', '/run/user/1000/gdm/Xauthority'), ('LS_COLORS', 'rs=0:di=01;34:ln=01;36:mh=00:pi=40;33:so=01;35:do=01;35:bd=40;33;01:cd=40;33;01:or=40;31;01:mi=00:su=37;41:sg=30;43:ca=30;41:tw=30;42:ow=34;42:st=37;44:ex=01;32:*.tar=01;31:*.tgz=01;31:*.arc=01;31:*.arj=01;31:*.taz=01;31:*.lha=01;31:*.lz4=01;31:*.lzh=01;31:*.lzma=01;31:*.tlz=01;31:*.txz=01;31:*.tzo=01;31:*.t7z=01;31:*.zip=01;31:*.z=01;31:*.dz=01;31:*.gz=01;31:*.lrz=01;31:*.lz=01;31:*.lzo=01;31:*.xz=01;31:*.zst=01;31:*.tzst=01;31:*.bz2=01;31:*.bz=01;31:*.tbz=01;31:*.tbz2=01;31:*.tz=01;31:*.deb=01;31:*.rpm=01;31:*.jar=01;31:*.war=01;31:*.ear=01;31:*.sar=01;31:*.rar=01;31:*.alz=01;31:*.ace=01;31:*.zoo=01;31:*.cpio=01;31:*.7z=01;31:*.rz=01;31:*.cab=01;31:*.wim=01;31:*.swm=01;31:*.dwm=01;31:*.esd=01;31:*.jpg=01;35:*.jpeg=01;35:*.mjpg=01;35:*.mjpeg=01;35:*.gif=01;35:*.bmp=01;35:*.pbm=01;35:*.pgm=01;35:*.ppm=01;35:*.tga=01;35:*.xbm=01;35:*.xpm=01;35:*.tif=01;35:*.tiff=01;35:*.png=01;35:*.svg=01;35:*.svgz=01;35:*.mng=01;35:*.pcx=01;35:*.mov=01;35:*.mpg=01;35:*.mpeg=01;35:*.m2v=01;35:*.mkv=01;35:*.webm=01;35:*.webp=01;35:*.ogm=01;35:*.mp4=01;35:*.m4v=01;35:*.mp4v=01;35:*.vob=01;35:*.qt=01;35:*.nuv=01;35:*.wmv=01;35:*.asf=01;35:*.rm=01;35:*.rmvb=01;35:*.flc=01;35:*.avi=01;35:*.fli=01;35:*.flv=01;35:*.gl=01;35:*.dl=01;35:*.xcf=01;35:*.xwd=01;35:*.yuv=01;35:*.cgm=01;35:*.emf=01;35:*.ogv=01;35:*.ogx=01;35:*.aac=00;36:*.au=00;36:*.flac=00;36:*.m4a=00;36:*.mid=00;36:*.midi=00;36:*.mka=00;36:*.mp3=00;36:*.mpc=00;36:*.ogg=00;36:*.ra=00;36:*.wav=00;36:*.oga=00;36:*.opus=00;36:*.spx=00;36:*.xspf=00;36:'), ('GNOME_TERMINAL_SERVICE', ':1.101'), ('SSH_AGENT_LAUNCHER', 'gnome-keyring'), ('SSH_AUTH_SOCK', '/run/user/1000/keyring/ssh'), ('AMENT_PREFIX_PATH', '/opt/ros/humble'), ('SHELL', '/bin/bash'), ('QT_ACCESSIBILITY', '1'), ('GDMSESSION', 'ubuntu'), ('LESSCLOSE', '/usr/bin/lesspipe %s %s'), ('GPG_AGENT_INFO', '/run/user/1000/gnupg/S.gpg-agent:0:1'), ('QT_IM_MODULE', 'ibus'), ('PWD', '/home/nautilus/NautilusSW/nautilus_ws/build/nautilus_bringup'), ('LC_ALL', 'en_US.UTF-8'), ('XDG_CONFIG_DIRS', '/etc/xdg/xdg-ubuntu:/etc/xdg'), ('DBUS_STARTER_ADDRESS', 'unix:path=/run/user/1000/bus,guid=74938106cd4c71d5d648881669ebbd10'), ('XDG_DATA_DIRS', '/usr/share/ubuntu:/usr/share/gnome:/usr/local/share/:/usr/share/'), ('PYTHONPATH', '/opt/ros/humble/lib/python3.10/site-packages:/opt/ros/humble/local/lib/python3.10/dist-packages'), ('COLCON', '1'), ('VTE_VERSION', '6800'), ('CMAKE_PREFIX_PATH', '/opt/ros/humble')]), 'shell': False}
[0.030417] (nautilus_controls) JobProgress: {'identifier': 'nautilus_controls', 'progress': 'cmake'}
[0.031568] (nautilus_controls) Command: {'cmd': ['/usr/bin/cmake', '/home/nautilus/NautilusSW/nautilus_ws/src/nautilus_controls', '-DCMAKE_INSTALL_PREFIX=/home/nautilus/NautilusSW/nautilus_ws/install/nautilus_controls'], 'cwd': '/home/nautilus/NautilusSW/nautilus_ws/build/nautilus_controls', 'env': OrderedDict([('LESSOPEN', '| /usr/bin/lesspipe %s'), ('USER', 'nautilus'), ('XDG_SESSION_TYPE', 'x11'), ('SHLVL', '1'), ('LD_LIBRARY_PATH', '/opt/ros/humble/opt/rviz_ogre_vendor/lib:/opt/ros/humble/lib/aarch64-linux-gnu:/opt/ros/humble/lib'), ('HOME', '/home/nautilus'), ('DESKTOP_SESSION', 'ubuntu'), ('ROS_PYTHON_VERSION', '3'), ('GNOME_SHELL_SESSION_MODE', 'ubuntu'), ('GTK_MODULES', 'gail:atk-bridge'), ('DBUS_STARTER_BUS_TYPE', 'session'), ('SYSTEMD_EXEC_PID', '1772'), ('DBUS_SESSION_BUS_ADDRESS', 'unix:path=/run/user/1000/bus,guid=74938106cd4c71d5d648881669ebbd10'), ('COLORTERM', 'truecolor'), ('IM_CONFIG_PHASE', '1'), ('ROS_DISTRO', 'humble'), ('GTK_IM_MODULE', 'ibus'), ('LOGNAME', 'nautilus'), ('_', '/usr/bin/colcon'), ('ROS_VERSION', '2'), ('XDG_SESSION_CLASS', 'user'), ('USERNAME', 'nautilus'), ('TERM', 'xterm-256color'), ('GNOME_DESKTOP_SESSION_ID', 'this-is-deprecated'), ('ROS_LOCALHOST_ONLY', '0'), ('WINDOWPATH', '2'), ('PATH', '/opt/ros/humble/bin:/home/nautilus/.local/bin:/home/nautilus/.local/bin:/usr/local/sbin:/usr/local/bin:/usr/sbin:/usr/bin:/sbin:/bin:/usr/games:/usr/local/games:/snap/bin:/home/nautilus/.local/bin'), ('SESSION_MANAGER', 'local/nautilus-desktop:@/tmp/.ICE-unix/1772,unix/nautilus-desktop:/tmp/.ICE-unix/1772'), ('XDG_MENU_PREFIX', 'gnome-'), ('GNOME_TERMINAL_SCREEN', '/org/gnome/Terminal/screen/6369f139_43ee_4edf_880e_cb00aef0d88f'), ('XDG_RUNTIME_DIR', '/run/user/1000'), ('DISPLAY', ':0'), ('LANG', 'en_US.UTF-8'), ('XDG_CURRENT_DESKTOP', 'ubuntu:GNOME'), ('XMODIFIERS', '@im=ibus'), ('XDG_SESSION_DESKTOP', 'ubuntu'), ('XAUTHORITY', '/run/user/1000/gdm/Xauthority'), ('LS_COLORS', 'rs=0:di=01;34:ln=01;36:mh=00:pi=40;33:so=01;35:do=01;35:bd=40;33;01:cd=40;33;01:or=40;31;01:mi=00:su=37;41:sg=30;43:ca=30;41:tw=30;42:ow=34;42:st=37;44:ex=01;32:*.tar=01;31:*.tgz=01;31:*.arc=01;31:*.arj=01;31:*.taz=01;31:*.lha=01;31:*.lz4=01;31:*.lzh=01;31:*.lzma=01;31:*.tlz=01;31:*.txz=01;31:*.tzo=01;31:*.t7z=01;31:*.zip=01;31:*.z=01;31:*.dz=01;31:*.gz=01;31:*.lrz=01;31:*.lz=01;31:*.lzo=01;31:*.xz=01;31:*.zst=01;31:*.tzst=01;31:*.bz2=01;31:*.bz=01;31:*.tbz=01;31:*.tbz2=01;31:*.tz=01;31:*.deb=01;31:*.rpm=01;31:*.jar=01;31:*.war=01;31:*.ear=01;31:*.sar=01;31:*.rar=01;31:*.alz=01;31:*.ace=01;31:*.zoo=01;31:*.cpio=01;31:*.7z=01;31:*.rz=01;31:*.cab=01;31:*.wim=01;31:*.swm=01;31:*.dwm=01;31:*.esd=01;31:*.jpg=01;35:*.jpeg=01;35:*.mjpg=01;35:*.mjpeg=01;35:*.gif=01;35:*.bmp=01;35:*.pbm=01;35:*.pgm=01;35:*.ppm=01;35:*.tga=01;35:*.xbm=01;35:*.xpm=01;35:*.tif=01;35:*.tiff=01;35:*.png=01;35:*.svg=01;35:*.svgz=01;35:*.mng=01;35:*.pcx=01;35:*.mov=01;35:*.mpg=01;35:*.mpeg=01;35:*.m2v=01;35:*.mkv=01;35:*.webm=01;35:*.webp=01;35:*.ogm=01;35:*.mp4=01;35:*.m4v=01;35:*.mp4v=01;35:*.vob=01;35:*.qt=01;35:*.nuv=01;35:*.wmv=01;35:*.asf=01;35:*.rm=01;35:*.rmvb=01;35:*.flc=01;35:*.avi=01;35:*.fli=01;35:*.flv=01;35:*.gl=01;35:*.dl=01;35:*.xcf=01;35:*.xwd=01;35:*.yuv=01;35:*.cgm=01;35:*.emf=01;35:*.ogv=01;35:*.ogx=01;35:*.aac=00;36:*.au=00;36:*.flac=00;36:*.m4a=00;36:*.mid=00;36:*.midi=00;36:*.mka=00;36:*.mp3=00;36:*.mpc=00;36:*.ogg=00;36:*.ra=00;36:*.wav=00;36:*.oga=00;36:*.opus=00;36:*.spx=00;36:*.xspf=00;36:'), ('GNOME_TERMINAL_SERVICE', ':1.101'), ('SSH_AGENT_LAUNCHER', 'gnome-keyring'), ('SSH_AUTH_SOCK', '/run/user/1000/keyring/ssh'), ('AMENT_PREFIX_PATH', '/opt/ros/humble'), ('SHELL', '/bin/bash'), ('QT_ACCESSIBILITY', '1'), ('GDMSESSION', 'ubuntu'), ('LESSCLOSE', '/usr/bin/lesspipe %s %s'), ('GPG_AGENT_INFO', '/run/user/1000/gnupg/S.gpg-agent:0:1'), ('QT_IM_MODULE', 'ibus'), ('PWD', '/home/nautilus/NautilusSW/nautilus_ws/build/nautilus_controls'), ('LC_ALL', 'en_US.UTF-8'), ('XDG_CONFIG_DIRS', '/etc/xdg/xdg-ubuntu:/etc/xdg'), ('DBUS_STARTER_ADDRESS', 'unix:path=/run/user/1000/bus,guid=74938106cd4c71d5d648881669ebbd10'), ('XDG_DATA_DIRS', '/usr/share/ubuntu:/usr/share/gnome:/usr/local/share/:/usr/share/'), ('PYTHONPATH', '/opt/ros/humble/lib/python3.10/site-packages:/opt/ros/humble/local/lib/python3.10/dist-packages'), ('COLCON', '1'), ('VTE_VERSION', '6800'), ('CMAKE_PREFIX_PATH', '/opt/ros/humble')]), 'shell': False}
[0.099456] (-) TimerEvent: {}
[0.200216] (-) TimerEvent: {}
[0.301086] (-) TimerEvent: {}
[0.402108] (-) TimerEvent: {}
[0.503166] (-) TimerEvent: {}
[0.604223] (-) TimerEvent: {}
[0.638564] (nautilus_bringup) StdoutLine: {'line': b'-- The C compiler identification is GNU 11.4.0\n'}
[0.639328] (nautilus_controls) StdoutLine: {'line': b'-- The C compiler identification is GNU 11.4.0\n'}
[0.704373] (-) TimerEvent: {}
[0.805082] (-) TimerEvent: {}
[0.906192] (-) TimerEvent: {}
[1.007408] (-) TimerEvent: {}
[1.054001] (nautilus_bringup) StdoutLine: {'line': b'-- The CXX compiler identification is GNU 11.4.0\n'}
[1.055737] (nautilus_controls) StdoutLine: {'line': b'-- The CXX compiler identification is GNU 11.4.0\n'}
[1.088833] (nautilus_controls) StdoutLine: {'line': b'-- Detecting C compiler ABI info\n'}
[1.089527] (nautilus_bringup) StdoutLine: {'line': b'-- Detecting C compiler ABI info\n'}
[1.107533] (-) TimerEvent: {}
[1.208569] (-) TimerEvent: {}
[1.221563] (nautilus_bringup) StdoutLine: {'line': b'-- Detecting C compiler ABI info - done\n'}
[1.222174] (nautilus_controls) StdoutLine: {'line': b'-- Detecting C compiler ABI info - done\n'}
[1.242613] (nautilus_controls) StdoutLine: {'line': b'-- Check for working C compiler: /usr/bin/cc - skipped\n'}
[1.245088] (nautilus_controls) StdoutLine: {'line': b'-- Detecting C compile features\n'}
[1.246623] (nautilus_controls) StdoutLine: {'line': b'-- Detecting C compile features - done\n'}
[1.246930] (nautilus_bringup) StdoutLine: {'line': b'-- Check for working C compiler: /usr/bin/cc - skipped\n'}
[1.247577] (nautilus_bringup) StdoutLine: {'line': b'-- Detecting C compile features\n'}
[1.248955] (nautilus_bringup) StdoutLine: {'line': b'-- Detecting C compile features - done\n'}
[1.258907] (nautilus_controls) StdoutLine: {'line': b'-- Detecting CXX compiler ABI info\n'}
[1.259633] (nautilus_bringup) StdoutLine: {'line': b'-- Detecting CXX compiler ABI info\n'}
[1.308849] (-) TimerEvent: {}
[1.408177] (nautilus_bringup) StdoutLine: {'line': b'-- Detecting CXX compiler ABI info - done\n'}
[1.409374] (-) TimerEvent: {}
[1.415153] (nautilus_controls) StdoutLine: {'line': b'-- Detecting CXX compiler ABI info - done\n'}
[1.430291] (nautilus_bringup) StdoutLine: {'line': b'-- Check for working CXX compiler: /usr/bin/c++ - skipped\n'}
[1.431447] (nautilus_bringup) StdoutLine: {'line': b'-- Detecting CXX compile features\n'}
[1.433296] (nautilus_bringup) StdoutLine: {'line': b'-- Detecting CXX compile features - done\n'}
[1.441620] (nautilus_controls) StdoutLine: {'line': b'-- Check for working CXX compiler: /usr/bin/c++ - skipped\n'}
[1.442919] (nautilus_controls) StdoutLine: {'line': b'-- Detecting CXX compile features\n'}
[1.443715] (nautilus_bringup) StdoutLine: {'line': b'-- Found ament_cmake: 1.3.14 (/opt/ros/humble/share/ament_cmake/cmake)\n'}
[1.444926] (nautilus_controls) StdoutLine: {'line': b'-- Detecting CXX compile features - done\n'}
[1.451483] (nautilus_controls) StdoutLine: {'line': b'-- Found ament_cmake: 1.3.14 (/opt/ros/humble/share/ament_cmake/cmake)\n'}
[1.509497] (-) TimerEvent: {}
[1.610114] (-) TimerEvent: {}
[1.711051] (-) TimerEvent: {}
[1.811902] (-) TimerEvent: {}
[1.912546] (-) TimerEvent: {}
[2.013209] (-) TimerEvent: {}
[2.113779] (-) TimerEvent: {}
[2.210266] (nautilus_controls) StdoutLine: {'line': b'-- Found Python3: /usr/bin/python3 (found version "3.10.12") found components: Interpreter \n'}
[2.213510] (nautilus_bringup) StdoutLine: {'line': b'-- Found Python3: /usr/bin/python3 (found version "3.10.12") found components: Interpreter \n'}
[2.213869] (-) TimerEvent: {}
[2.314429] (-) TimerEvent: {}
[2.415446] (-) TimerEvent: {}
[2.463226] (nautilus_controls) StdoutLine: {'line': b'-- Found rclpy: 3.3.21 (/opt/ros/humble/share/rclpy/cmake)\n'}
[2.515576] (-) TimerEvent: {}
[2.616273] (-) TimerEvent: {}
[2.641615] (nautilus_bringup) StdoutLine: {'line': b'-- Found ament_lint_auto: 0.12.15 (/opt/ros/humble/share/ament_lint_auto/cmake)\n'}
[2.716420] (-) TimerEvent: {}
[2.772447] (nautilus_controls) StdoutLine: {'line': b'-- Configuring done\n'}
[2.787075] (nautilus_controls) StdoutLine: {'line': b'-- Generating done\n'}
[2.795956] (nautilus_controls) StdoutLine: {'line': b'-- Build files have been written to: /home/nautilus/NautilusSW/nautilus_ws/build/nautilus_controls\n'}
[2.812864] (nautilus_controls) CommandEnded: {'returncode': 0}
[2.814849] (nautilus_controls) JobProgress: {'identifier': 'nautilus_controls', 'progress': 'build'}
[2.817215] (nautilus_controls) Command: {'cmd': ['/usr/bin/cmake', '--build', '/home/nautilus/NautilusSW/nautilus_ws/build/nautilus_controls', '--', '-j6', '-l6'], 'cwd': '/home/nautilus/NautilusSW/nautilus_ws/build/nautilus_controls', 'env': OrderedDict([('LESSOPEN', '| /usr/bin/lesspipe %s'), ('USER', 'nautilus'), ('XDG_SESSION_TYPE', 'x11'), ('SHLVL', '1'), ('LD_LIBRARY_PATH', '/opt/ros/humble/opt/rviz_ogre_vendor/lib:/opt/ros/humble/lib/aarch64-linux-gnu:/opt/ros/humble/lib'), ('HOME', '/home/nautilus'), ('DESKTOP_SESSION', 'ubuntu'), ('ROS_PYTHON_VERSION', '3'), ('GNOME_SHELL_SESSION_MODE', 'ubuntu'), ('GTK_MODULES', 'gail:atk-bridge'), ('DBUS_STARTER_BUS_TYPE', 'session'), ('SYSTEMD_EXEC_PID', '1772'), ('DBUS_SESSION_BUS_ADDRESS', 'unix:path=/run/user/1000/bus,guid=74938106cd4c71d5d648881669ebbd10'), ('COLORTERM', 'truecolor'), ('IM_CONFIG_PHASE', '1'), ('ROS_DISTRO', 'humble'), ('GTK_IM_MODULE', 'ibus'), ('LOGNAME', 'nautilus'), ('_', '/usr/bin/colcon'), ('ROS_VERSION', '2'), ('XDG_SESSION_CLASS', 'user'), ('USERNAME', 'nautilus'), ('TERM', 'xterm-256color'), ('GNOME_DESKTOP_SESSION_ID', 'this-is-deprecated'), ('ROS_LOCALHOST_ONLY', '0'), ('WINDOWPATH', '2'), ('PATH', '/opt/ros/humble/bin:/home/nautilus/.local/bin:/home/nautilus/.local/bin:/usr/local/sbin:/usr/local/bin:/usr/sbin:/usr/bin:/sbin:/bin:/usr/games:/usr/local/games:/snap/bin:/home/nautilus/.local/bin'), ('SESSION_MANAGER', 'local/nautilus-desktop:@/tmp/.ICE-unix/1772,unix/nautilus-desktop:/tmp/.ICE-unix/1772'), ('XDG_MENU_PREFIX', 'gnome-'), ('GNOME_TERMINAL_SCREEN', '/org/gnome/Terminal/screen/6369f139_43ee_4edf_880e_cb00aef0d88f'), ('XDG_RUNTIME_DIR', '/run/user/1000'), ('DISPLAY', ':0'), ('LANG', 'en_US.UTF-8'), ('XDG_CURRENT_DESKTOP', 'ubuntu:GNOME'), ('XMODIFIERS', '@im=ibus'), ('XDG_SESSION_DESKTOP', 'ubuntu'), ('XAUTHORITY', '/run/user/1000/gdm/Xauthority'), ('LS_COLORS', 'rs=0:di=01;34:ln=01;36:mh=00:pi=40;33:so=01;35:do=01;35:bd=40;33;01:cd=40;33;01:or=40;31;01:mi=00:su=37;41:sg=30;43:ca=30;41:tw=30;42:ow=34;42:st=37;44:ex=01;32:*.tar=01;31:*.tgz=01;31:*.arc=01;31:*.arj=01;31:*.taz=01;31:*.lha=01;31:*.lz4=01;31:*.lzh=01;31:*.lzma=01;31:*.tlz=01;31:*.txz=01;31:*.tzo=01;31:*.t7z=01;31:*.zip=01;31:*.z=01;31:*.dz=01;31:*.gz=01;31:*.lrz=01;31:*.lz=01;31:*.lzo=01;31:*.xz=01;31:*.zst=01;31:*.tzst=01;31:*.bz2=01;31:*.bz=01;31:*.tbz=01;31:*.tbz2=01;31:*.tz=01;31:*.deb=01;31:*.rpm=01;31:*.jar=01;31:*.war=01;31:*.ear=01;31:*.sar=01;31:*.rar=01;31:*.alz=01;31:*.ace=01;31:*.zoo=01;31:*.cpio=01;31:*.7z=01;31:*.rz=01;31:*.cab=01;31:*.wim=01;31:*.swm=01;31:*.dwm=01;31:*.esd=01;31:*.jpg=01;35:*.jpeg=01;35:*.mjpg=01;35:*.mjpeg=01;35:*.gif=01;35:*.bmp=01;35:*.pbm=01;35:*.pgm=01;35:*.ppm=01;35:*.tga=01;35:*.xbm=01;35:*.xpm=01;35:*.tif=01;35:*.tiff=01;35:*.png=01;35:*.svg=01;35:*.svgz=01;35:*.mng=01;35:*.pcx=01;35:*.mov=01;35:*.mpg=01;35:*.mpeg=01;35:*.m2v=01;35:*.mkv=01;35:*.webm=01;35:*.webp=01;35:*.ogm=01;35:*.mp4=01;35:*.m4v=01;35:*.mp4v=01;35:*.vob=01;35:*.qt=01;35:*.nuv=01;35:*.wmv=01;35:*.asf=01;35:*.rm=01;35:*.rmvb=01;35:*.flc=01;35:*.avi=01;35:*.fli=01;35:*.flv=01;35:*.gl=01;35:*.dl=01;35:*.xcf=01;35:*.xwd=01;35:*.yuv=01;35:*.cgm=01;35:*.emf=01;35:*.ogv=01;35:*.ogx=01;35:*.aac=00;36:*.au=00;36:*.flac=00;36:*.m4a=00;36:*.mid=00;36:*.midi=00;36:*.mka=00;36:*.mp3=00;36:*.mpc=00;36:*.ogg=00;36:*.ra=00;36:*.wav=00;36:*.oga=00;36:*.opus=00;36:*.spx=00;36:*.xspf=00;36:'), ('GNOME_TERMINAL_SERVICE', ':1.101'), ('SSH_AGENT_LAUNCHER', 'gnome-keyring'), ('SSH_AUTH_SOCK', '/run/user/1000/keyring/ssh'), ('AMENT_PREFIX_PATH', '/opt/ros/humble'), ('SHELL', '/bin/bash'), ('QT_ACCESSIBILITY', '1'), ('GDMSESSION', 'ubuntu'), ('LESSCLOSE', '/usr/bin/lesspipe %s %s'), ('GPG_AGENT_INFO', '/run/user/1000/gnupg/S.gpg-agent:0:1'), ('QT_IM_MODULE', 'ibus'), ('PWD', '/home/nautilus/NautilusSW/nautilus_ws/build/nautilus_controls'), ('LC_ALL', 'en_US.UTF-8'), ('XDG_CONFIG_DIRS', '/etc/xdg/xdg-ubuntu:/etc/xdg'), ('DBUS_STARTER_ADDRESS', 'unix:path=/run/user/1000/bus,guid=74938106cd4c71d5d648881669ebbd10'), ('XDG_DATA_DIRS', '/usr/share/ubuntu:/usr/share/gnome:/usr/local/share/:/usr/share/'), ('PYTHONPATH', '/opt/ros/humble/lib/python3.10/site-packages:/opt/ros/humble/local/lib/python3.10/dist-packages'), ('COLCON', '1'), ('VTE_VERSION', '6800'), ('CMAKE_PREFIX_PATH', '/opt/ros/humble')]), 'shell': False}
[2.820950] (-) TimerEvent: {}
[2.842319] (nautilus_bringup) StdoutLine: {'line': b"-- Added test 'copyright' to check source files copyright and LICENSE\n"}
[2.874444] (nautilus_bringup) StdoutLine: {'line': b"-- Added test 'flake8' to check Python code syntax and style conventions\n"}
[2.878589] (nautilus_bringup) StdoutLine: {'line': b"-- Added test 'lint_cmake' to check CMake code style\n"}
[2.881333] (nautilus_bringup) StdoutLine: {'line': b"-- Added test 'pep257' to check Python code against some of the docstring style conventions in PEP 257\n"}
[2.895846] (nautilus_bringup) StdoutLine: {'line': b"-- Added test 'xmllint' to check XML markup files\n"}
[2.898299] (nautilus_bringup) StdoutLine: {'line': b'-- Configuring done\n'}
[2.906366] (nautilus_bringup) StdoutLine: {'line': b'-- Generating done\n'}
[2.910493] (nautilus_bringup) StdoutLine: {'line': b'-- Build files have been written to: /home/nautilus/NautilusSW/nautilus_ws/build/nautilus_bringup\n'}
[2.919341] (nautilus_bringup) CommandEnded: {'returncode': 0}
[2.920942] (nautilus_bringup) JobProgress: {'identifier': 'nautilus_bringup', 'progress': 'build'}
[2.921061] (-) TimerEvent: {}
[2.921815] (nautilus_bringup) Command: {'cmd': ['/usr/bin/cmake', '--build', '/home/nautilus/NautilusSW/nautilus_ws/build/nautilus_bringup', '--', '-j6', '-l6'], 'cwd': '/home/nautilus/NautilusSW/nautilus_ws/build/nautilus_bringup', 'env': OrderedDict([('LESSOPEN', '| /usr/bin/lesspipe %s'), ('USER', 'nautilus'), ('XDG_SESSION_TYPE', 'x11'), ('SHLVL', '1'), ('LD_LIBRARY_PATH', '/opt/ros/humble/opt/rviz_ogre_vendor/lib:/opt/ros/humble/lib/aarch64-linux-gnu:/opt/ros/humble/lib'), ('HOME', '/home/nautilus'), ('DESKTOP_SESSION', 'ubuntu'), ('ROS_PYTHON_VERSION', '3'), ('GNOME_SHELL_SESSION_MODE', 'ubuntu'), ('GTK_MODULES', 'gail:atk-bridge'), ('DBUS_STARTER_BUS_TYPE', 'session'), ('SYSTEMD_EXEC_PID', '1772'), ('DBUS_SESSION_BUS_ADDRESS', 'unix:path=/run/user/1000/bus,guid=74938106cd4c71d5d648881669ebbd10'), ('COLORTERM', 'truecolor'), ('IM_CONFIG_PHASE', '1'), ('ROS_DISTRO', 'humble'), ('GTK_IM_MODULE', 'ibus'), ('LOGNAME', 'nautilus'), ('_', '/usr/bin/colcon'), ('ROS_VERSION', '2'), ('XDG_SESSION_CLASS', 'user'), ('USERNAME', 'nautilus'), ('TERM', 'xterm-256color'), ('GNOME_DESKTOP_SESSION_ID', 'this-is-deprecated'), ('ROS_LOCALHOST_ONLY', '0'), ('WINDOWPATH', '2'), ('PATH', '/opt/ros/humble/bin:/home/nautilus/.local/bin:/home/nautilus/.local/bin:/usr/local/sbin:/usr/local/bin:/usr/sbin:/usr/bin:/sbin:/bin:/usr/games:/usr/local/games:/snap/bin:/home/nautilus/.local/bin'), ('SESSION_MANAGER', 'local/nautilus-desktop:@/tmp/.ICE-unix/1772,unix/nautilus-desktop:/tmp/.ICE-unix/1772'), ('XDG_MENU_PREFIX', 'gnome-'), ('GNOME_TERMINAL_SCREEN', '/org/gnome/Terminal/screen/6369f139_43ee_4edf_880e_cb00aef0d88f'), ('XDG_RUNTIME_DIR', '/run/user/1000'), ('DISPLAY', ':0'), ('LANG', 'en_US.UTF-8'), ('XDG_CURRENT_DESKTOP', 'ubuntu:GNOME'), ('XMODIFIERS', '@im=ibus'), ('XDG_SESSION_DESKTOP', 'ubuntu'), ('XAUTHORITY', '/run/user/1000/gdm/Xauthority'), ('LS_COLORS', 'rs=0:di=01;34:ln=01;36:mh=00:pi=40;33:so=01;35:do=01;35:bd=40;33;01:cd=40;33;01:or=40;31;01:mi=00:su=37;41:sg=30;43:ca=30;41:tw=30;42:ow=34;42:st=37;44:ex=01;32:*.tar=01;31:*.tgz=01;31:*.arc=01;31:*.arj=01;31:*.taz=01;31:*.lha=01;31:*.lz4=01;31:*.lzh=01;31:*.lzma=01;31:*.tlz=01;31:*.txz=01;31:*.tzo=01;31:*.t7z=01;31:*.zip=01;31:*.z=01;31:*.dz=01;31:*.gz=01;31:*.lrz=01;31:*.lz=01;31:*.lzo=01;31:*.xz=01;31:*.zst=01;31:*.tzst=01;31:*.bz2=01;31:*.bz=01;31:*.tbz=01;31:*.tbz2=01;31:*.tz=01;31:*.deb=01;31:*.rpm=01;31:*.jar=01;31:*.war=01;31:*.ear=01;31:*.sar=01;31:*.rar=01;31:*.alz=01;31:*.ace=01;31:*.zoo=01;31:*.cpio=01;31:*.7z=01;31:*.rz=01;31:*.cab=01;31:*.wim=01;31:*.swm=01;31:*.dwm=01;31:*.esd=01;31:*.jpg=01;35:*.jpeg=01;35:*.mjpg=01;35:*.mjpeg=01;35:*.gif=01;35:*.bmp=01;35:*.pbm=01;35:*.pgm=01;35:*.ppm=01;35:*.tga=01;35:*.xbm=01;35:*.xpm=01;35:*.tif=01;35:*.tiff=01;35:*.png=01;35:*.svg=01;35:*.svgz=01;35:*.mng=01;35:*.pcx=01;35:*.mov=01;35:*.mpg=01;35:*.mpeg=01;35:*.m2v=01;35:*.mkv=01;35:*.webm=01;35:*.webp=01;35:*.ogm=01;35:*.mp4=01;35:*.m4v=01;35:*.mp4v=01;35:*.vob=01;35:*.qt=01;35:*.nuv=01;35:*.wmv=01;35:*.asf=01;35:*.rm=01;35:*.rmvb=01;35:*.flc=01;35:*.avi=01;35:*.fli=01;35:*.flv=01;35:*.gl=01;35:*.dl=01;35:*.xcf=01;35:*.xwd=01;35:*.yuv=01;35:*.cgm=01;35:*.emf=01;35:*.ogv=01;35:*.ogx=01;35:*.aac=00;36:*.au=00;36:*.flac=00;36:*.m4a=00;36:*.mid=00;36:*.midi=00;36:*.mka=00;36:*.mp3=00;36:*.mpc=00;36:*.ogg=00;36:*.ra=00;36:*.wav=00;36:*.oga=00;36:*.opus=00;36:*.spx=00;36:*.xspf=00;36:'), ('GNOME_TERMINAL_SERVICE', ':1.101'), ('SSH_AGENT_LAUNCHER', 'gnome-keyring'), ('SSH_AUTH_SOCK', '/run/user/1000/keyring/ssh'), ('AMENT_PREFIX_PATH', '/opt/ros/humble'), ('SHELL', '/bin/bash'), ('QT_ACCESSIBILITY', '1'), ('GDMSESSION', 'ubuntu'), ('LESSCLOSE', '/usr/bin/lesspipe %s %s'), ('GPG_AGENT_INFO', '/run/user/1000/gnupg/S.gpg-agent:0:1'), ('QT_IM_MODULE', 'ibus'), ('PWD', '/home/nautilus/NautilusSW/nautilus_ws/build/nautilus_bringup'), ('LC_ALL', 'en_US.UTF-8'), ('XDG_CONFIG_DIRS', '/etc/xdg/xdg-ubuntu:/etc/xdg'), ('DBUS_STARTER_ADDRESS', 'unix:path=/run/user/1000/bus,guid=74938106cd4c71d5d648881669ebbd10'), ('XDG_DATA_DIRS', '/usr/share/ubuntu:/usr/share/gnome:/usr/local/share/:/usr/share/'), ('PYTHONPATH', '/opt/ros/humble/lib/python3.10/site-packages:/opt/ros/humble/local/lib/python3.10/dist-packages'), ('COLCON', '1'), ('VTE_VERSION', '6800'), ('CMAKE_PREFIX_PATH', '/opt/ros/humble')]), 'shell': False}
[2.927297] (nautilus_controls) StdoutLine: {'line': b'Built target ament_cmake_python_copy_nautilus_controls\n'}
[3.021231] (-) TimerEvent: {}
[3.028626] (nautilus_bringup) StdoutLine: {'line': b'Built target ament_cmake_python_copy_nautilus_bringup\n'}
[3.121377] (-) TimerEvent: {}
[3.221948] (-) TimerEvent: {}
[3.322502] (-) TimerEvent: {}
[3.351755] (nautilus_controls) StdoutLine: {'line': b'running egg_info\n'}
[3.383025] (nautilus_controls) StdoutLine: {'line': b'creating nautilus_controls.egg-info\n'}
[3.383385] (nautilus_controls) StdoutLine: {'line': b'writing nautilus_controls.egg-info/PKG-INFO\n'}
[3.384391] (nautilus_controls) StdoutLine: {'line': b'writing dependency_links to nautilus_controls.egg-info/dependency_links.txt\n'}
[3.384921] (nautilus_controls) StdoutLine: {'line': b'writing top-level names to nautilus_controls.egg-info/top_level.txt\n'}
[3.385142] (nautilus_controls) StdoutLine: {'line': b"writing manifest file 'nautilus_controls.egg-info/SOURCES.txt'\n"}
[3.422570] (-) TimerEvent: {}
[3.426028] (nautilus_bringup) StdoutLine: {'line': b'running egg_info\n'}
[3.457132] (nautilus_bringup) StdoutLine: {'line': b'creating nautilus_bringup.egg-info\n'}
[3.457516] (nautilus_bringup) StdoutLine: {'line': b'writing nautilus_bringup.egg-info/PKG-INFO\n'}
[3.458167] (nautilus_bringup) StdoutLine: {'line': b'writing dependency_links to nautilus_bringup.egg-info/dependency_links.txt\n'}
[3.458670] (nautilus_bringup) StdoutLine: {'line': b'writing top-level names to nautilus_bringup.egg-info/top_level.txt\n'}
[3.458889] (nautilus_bringup) StdoutLine: {'line': b"writing manifest file 'nautilus_bringup.egg-info/SOURCES.txt'\n"}
[3.480091] (nautilus_controls) StdoutLine: {'line': b"reading manifest file 'nautilus_controls.egg-info/SOURCES.txt'\n"}
[3.481922] (nautilus_controls) StdoutLine: {'line': b"writing manifest file 'nautilus_controls.egg-info/SOURCES.txt'\n"}
[3.522688] (-) TimerEvent: {}
[3.553841] (nautilus_bringup) StdoutLine: {'line': b"reading manifest file 'nautilus_bringup.egg-info/SOURCES.txt'\n"}
[3.554469] (nautilus_controls) StdoutLine: {'line': b'Built target ament_cmake_python_build_nautilus_controls_egg\n'}
[3.555513] (nautilus_bringup) StdoutLine: {'line': b"writing manifest file 'nautilus_bringup.egg-info/SOURCES.txt'\n"}
[3.576543] (nautilus_controls) CommandEnded: {'returncode': 0}
[3.578772] (nautilus_controls) JobProgress: {'identifier': 'nautilus_controls', 'progress': 'install'}
[3.596885] (nautilus_controls) Command: {'cmd': ['/usr/bin/cmake', '--install', '/home/nautilus/NautilusSW/nautilus_ws/build/nautilus_controls'], 'cwd': '/home/nautilus/NautilusSW/nautilus_ws/build/nautilus_controls', 'env': OrderedDict([('LESSOPEN', '| /usr/bin/lesspipe %s'), ('USER', 'nautilus'), ('XDG_SESSION_TYPE', 'x11'), ('SHLVL', '1'), ('LD_LIBRARY_PATH', '/opt/ros/humble/opt/rviz_ogre_vendor/lib:/opt/ros/humble/lib/aarch64-linux-gnu:/opt/ros/humble/lib'), ('HOME', '/home/nautilus'), ('DESKTOP_SESSION', 'ubuntu'), ('ROS_PYTHON_VERSION', '3'), ('GNOME_SHELL_SESSION_MODE', 'ubuntu'), ('GTK_MODULES', 'gail:atk-bridge'), ('DBUS_STARTER_BUS_TYPE', 'session'), ('SYSTEMD_EXEC_PID', '1772'), ('DBUS_SESSION_BUS_ADDRESS', 'unix:path=/run/user/1000/bus,guid=74938106cd4c71d5d648881669ebbd10'), ('COLORTERM', 'truecolor'), ('IM_CONFIG_PHASE', '1'), ('ROS_DISTRO', 'humble'), ('GTK_IM_MODULE', 'ibus'), ('LOGNAME', 'nautilus'), ('_', '/usr/bin/colcon'), ('ROS_VERSION', '2'), ('XDG_SESSION_CLASS', 'user'), ('USERNAME', 'nautilus'), ('TERM', 'xterm-256color'), ('GNOME_DESKTOP_SESSION_ID', 'this-is-deprecated'), ('ROS_LOCALHOST_ONLY', '0'), ('WINDOWPATH', '2'), ('PATH', '/opt/ros/humble/bin:/home/nautilus/.local/bin:/home/nautilus/.local/bin:/usr/local/sbin:/usr/local/bin:/usr/sbin:/usr/bin:/sbin:/bin:/usr/games:/usr/local/games:/snap/bin:/home/nautilus/.local/bin'), ('SESSION_MANAGER', 'local/nautilus-desktop:@/tmp/.ICE-unix/1772,unix/nautilus-desktop:/tmp/.ICE-unix/1772'), ('XDG_MENU_PREFIX', 'gnome-'), ('GNOME_TERMINAL_SCREEN', '/org/gnome/Terminal/screen/6369f139_43ee_4edf_880e_cb00aef0d88f'), ('XDG_RUNTIME_DIR', '/run/user/1000'), ('DISPLAY', ':0'), ('LANG', 'en_US.UTF-8'), ('XDG_CURRENT_DESKTOP', 'ubuntu:GNOME'), ('XMODIFIERS', '@im=ibus'), ('XDG_SESSION_DESKTOP', 'ubuntu'), ('XAUTHORITY', '/run/user/1000/gdm/Xauthority'), ('LS_COLORS', 'rs=0:di=01;34:ln=01;36:mh=00:pi=40;33:so=01;35:do=01;35:bd=40;33;01:cd=40;33;01:or=40;31;01:mi=00:su=37;41:sg=30;43:ca=30;41:tw=30;42:ow=34;42:st=37;44:ex=01;32:*.tar=01;31:*.tgz=01;31:*.arc=01;31:*.arj=01;31:*.taz=01;31:*.lha=01;31:*.lz4=01;31:*.lzh=01;31:*.lzma=01;31:*.tlz=01;31:*.txz=01;31:*.tzo=01;31:*.t7z=01;31:*.zip=01;31:*.z=01;31:*.dz=01;31:*.gz=01;31:*.lrz=01;31:*.lz=01;31:*.lzo=01;31:*.xz=01;31:*.zst=01;31:*.tzst=01;31:*.bz2=01;31:*.bz=01;31:*.tbz=01;31:*.tbz2=01;31:*.tz=01;31:*.deb=01;31:*.rpm=01;31:*.jar=01;31:*.war=01;31:*.ear=01;31:*.sar=01;31:*.rar=01;31:*.alz=01;31:*.ace=01;31:*.zoo=01;31:*.cpio=01;31:*.7z=01;31:*.rz=01;31:*.cab=01;31:*.wim=01;31:*.swm=01;31:*.dwm=01;31:*.esd=01;31:*.jpg=01;35:*.jpeg=01;35:*.mjpg=01;35:*.mjpeg=01;35:*.gif=01;35:*.bmp=01;35:*.pbm=01;35:*.pgm=01;35:*.ppm=01;35:*.tga=01;35:*.xbm=01;35:*.xpm=01;35:*.tif=01;35:*.tiff=01;35:*.png=01;35:*.svg=01;35:*.svgz=01;35:*.mng=01;35:*.pcx=01;35:*.mov=01;35:*.mpg=01;35:*.mpeg=01;35:*.m2v=01;35:*.mkv=01;35:*.webm=01;35:*.webp=01;35:*.ogm=01;35:*.mp4=01;35:*.m4v=01;35:*.mp4v=01;35:*.vob=01;35:*.qt=01;35:*.nuv=01;35:*.wmv=01;35:*.asf=01;35:*.rm=01;35:*.rmvb=01;35:*.flc=01;35:*.avi=01;35:*.fli=01;35:*.flv=01;35:*.gl=01;35:*.dl=01;35:*.xcf=01;35:*.xwd=01;35:*.yuv=01;35:*.cgm=01;35:*.emf=01;35:*.ogv=01;35:*.ogx=01;35:*.aac=00;36:*.au=00;36:*.flac=00;36:*.m4a=00;36:*.mid=00;36:*.midi=00;36:*.mka=00;36:*.mp3=00;36:*.mpc=00;36:*.ogg=00;36:*.ra=00;36:*.wav=00;36:*.oga=00;36:*.opus=00;36:*.spx=00;36:*.xspf=00;36:'), ('GNOME_TERMINAL_SERVICE', ':1.101'), ('SSH_AGENT_LAUNCHER', 'gnome-keyring'), ('SSH_AUTH_SOCK', '/run/user/1000/keyring/ssh'), ('AMENT_PREFIX_PATH', '/opt/ros/humble'), ('SHELL', '/bin/bash'), ('QT_ACCESSIBILITY', '1'), ('GDMSESSION', 'ubuntu'), ('LESSCLOSE', '/usr/bin/lesspipe %s %s'), ('GPG_AGENT_INFO', '/run/user/1000/gnupg/S.gpg-agent:0:1'), ('QT_IM_MODULE', 'ibus'), ('PWD', '/home/nautilus/NautilusSW/nautilus_ws/build/nautilus_controls'), ('LC_ALL', 'en_US.UTF-8'), ('XDG_CONFIG_DIRS', '/etc/xdg/xdg-ubuntu:/etc/xdg'), ('DBUS_STARTER_ADDRESS', 'unix:path=/run/user/1000/bus,guid=74938106cd4c71d5d648881669ebbd10'), ('XDG_DATA_DIRS', '/usr/share/ubuntu:/usr/share/gnome:/usr/local/share/:/usr/share/'), ('PYTHONPATH', '/opt/ros/humble/lib/python3.10/site-packages:/opt/ros/humble/local/lib/python3.10/dist-packages'), ('COLCON', '1'), ('VTE_VERSION', '6800'), ('CMAKE_PREFIX_PATH', '/opt/ros/humble')]), 'shell': False}
[3.613472] (nautilus_controls) StdoutLine: {'line': b'-- Install configuration: ""\n'}
[3.614021] (nautilus_controls) StdoutLine: {'line': b'-- Installing: /home/nautilus/NautilusSW/nautilus_ws/install/nautilus_controls/share/nautilus_controls/environment/pythonpath.sh\n'}
[3.614432] (nautilus_controls) StdoutLine: {'line': b'-- Installing: /home/nautilus/NautilusSW/nautilus_ws/install/nautilus_controls/share/nautilus_controls/environment/pythonpath.dsv\n'}
[3.614752] (nautilus_controls) StdoutLine: {'line': b'-- Installing: /home/nautilus/NautilusSW/nautilus_ws/install/nautilus_controls/local/lib/python3.10/dist-packages/nautilus_controls-0.0.0-py3.10.egg-info\n'}
[3.615104] (nautilus_controls) StdoutLine: {'line': b'-- Installing: /home/nautilus/NautilusSW/nautilus_ws/install/nautilus_controls/local/lib/python3.10/dist-packages/nautilus_controls-0.0.0-py3.10.egg-info/SOURCES.txt\n'}
[3.615375] (nautilus_controls) StdoutLine: {'line': b'-- Installing: /home/nautilus/NautilusSW/nautilus_ws/install/nautilus_controls/local/lib/python3.10/dist-packages/nautilus_controls-0.0.0-py3.10.egg-info/PKG-INFO\n'}
[3.615588] (nautilus_controls) StdoutLine: {'line': b'-- Installing: /home/nautilus/NautilusSW/nautilus_ws/install/nautilus_controls/local/lib/python3.10/dist-packages/nautilus_controls-0.0.0-py3.10.egg-info/dependency_links.txt\n'}
[3.615792] (nautilus_controls) StdoutLine: {'line': b'-- Installing: /home/nautilus/NautilusSW/nautilus_ws/install/nautilus_controls/local/lib/python3.10/dist-packages/nautilus_controls-0.0.0-py3.10.egg-info/top_level.txt\n'}
[3.616133] (nautilus_controls) StdoutLine: {'line': b'-- Installing: /home/nautilus/NautilusSW/nautilus_ws/install/nautilus_controls/local/lib/python3.10/dist-packages/nautilus_controls\n'}
[3.616326] (nautilus_controls) StdoutLine: {'line': b'-- Installing: /home/nautilus/NautilusSW/nautilus_ws/install/nautilus_controls/local/lib/python3.10/dist-packages/nautilus_controls/vision_controller.py\n'}
[3.616558] (nautilus_controls) StdoutLine: {'line': b'-- Installing: /home/nautilus/NautilusSW/nautilus_ws/install/nautilus_controls/local/lib/python3.10/dist-packages/nautilus_controls/pid_node.py\n'}
[3.616766] (nautilus_controls) StdoutLine: {'line': b'-- Installing: /home/nautilus/NautilusSW/nautilus_ws/install/nautilus_controls/local/lib/python3.10/dist-packages/nautilus_controls/cube_interface.py\n'}
[3.617003] (nautilus_controls) StdoutLine: {'line': b'-- Installing: /home/nautilus/NautilusSW/nautilus_ws/install/nautilus_controls/local/lib/python3.10/dist-packages/nautilus_controls/auv_pymavlink.py\n'}
[3.617249] (nautilus_controls) StdoutLine: {'line': b'-- Installing: /home/nautilus/NautilusSW/nautilus_ws/install/nautilus_controls/local/lib/python3.10/dist-packages/nautilus_controls/__init__.py\n'}
[3.622808] (-) TimerEvent: {}
[3.633454] (nautilus_bringup) StdoutLine: {'line': b'Built target ament_cmake_python_build_nautilus_bringup_egg\n'}
[3.659516] (nautilus_bringup) CommandEnded: {'returncode': 0}
[3.661069] (nautilus_bringup) JobProgress: {'identifier': 'nautilus_bringup', 'progress': 'install'}
[3.661491] (nautilus_bringup) Command: {'cmd': ['/usr/bin/cmake', '--install', '/home/nautilus/NautilusSW/nautilus_ws/build/nautilus_bringup'], 'cwd': '/home/nautilus/NautilusSW/nautilus_ws/build/nautilus_bringup', 'env': OrderedDict([('LESSOPEN', '| /usr/bin/lesspipe %s'), ('USER', 'nautilus'), ('XDG_SESSION_TYPE', 'x11'), ('SHLVL', '1'), ('LD_LIBRARY_PATH', '/opt/ros/humble/opt/rviz_ogre_vendor/lib:/opt/ros/humble/lib/aarch64-linux-gnu:/opt/ros/humble/lib'), ('HOME', '/home/nautilus'), ('DESKTOP_SESSION', 'ubuntu'), ('ROS_PYTHON_VERSION', '3'), ('GNOME_SHELL_SESSION_MODE', 'ubuntu'), ('GTK_MODULES', 'gail:atk-bridge'), ('DBUS_STARTER_BUS_TYPE', 'session'), ('SYSTEMD_EXEC_PID', '1772'), ('DBUS_SESSION_BUS_ADDRESS', 'unix:path=/run/user/1000/bus,guid=74938106cd4c71d5d648881669ebbd10'), ('COLORTERM', 'truecolor'), ('IM_CONFIG_PHASE', '1'), ('ROS_DISTRO', 'humble'), ('GTK_IM_MODULE', 'ibus'), ('LOGNAME', 'nautilus'), ('_', '/usr/bin/colcon'), ('ROS_VERSION', '2'), ('XDG_SESSION_CLASS', 'user'), ('USERNAME', 'nautilus'), ('TERM', 'xterm-256color'), ('GNOME_DESKTOP_SESSION_ID', 'this-is-deprecated'), ('ROS_LOCALHOST_ONLY', '0'), ('WINDOWPATH', '2'), ('PATH', '/opt/ros/humble/bin:/home/nautilus/.local/bin:/home/nautilus/.local/bin:/usr/local/sbin:/usr/local/bin:/usr/sbin:/usr/bin:/sbin:/bin:/usr/games:/usr/local/games:/snap/bin:/home/nautilus/.local/bin'), ('SESSION_MANAGER', 'local/nautilus-desktop:@/tmp/.ICE-unix/1772,unix/nautilus-desktop:/tmp/.ICE-unix/1772'), ('XDG_MENU_PREFIX', 'gnome-'), ('GNOME_TERMINAL_SCREEN', '/org/gnome/Terminal/screen/6369f139_43ee_4edf_880e_cb00aef0d88f'), ('XDG_RUNTIME_DIR', '/run/user/1000'), ('DISPLAY', ':0'), ('LANG', 'en_US.UTF-8'), ('XDG_CURRENT_DESKTOP', 'ubuntu:GNOME'), ('XMODIFIERS', '@im=ibus'), ('XDG_SESSION_DESKTOP', 'ubuntu'), ('XAUTHORITY', '/run/user/1000/gdm/Xauthority'), ('LS_COLORS', 'rs=0:di=01;34:ln=01;36:mh=00:pi=40;33:so=01;35:do=01;35:bd=40;33;01:cd=40;33;01:or=40;31;01:mi=00:su=37;41:sg=30;43:ca=30;41:tw=30;42:ow=34;42:st=37;44:ex=01;32:*.tar=01;31:*.tgz=01;31:*.arc=01;31:*.arj=01;31:*.taz=01;31:*.lha=01;31:*.lz4=01;31:*.lzh=01;31:*.lzma=01;31:*.tlz=01;31:*.txz=01;31:*.tzo=01;31:*.t7z=01;31:*.zip=01;31:*.z=01;31:*.dz=01;31:*.gz=01;31:*.lrz=01;31:*.lz=01;31:*.lzo=01;31:*.xz=01;31:*.zst=01;31:*.tzst=01;31:*.bz2=01;31:*.bz=01;31:*.tbz=01;31:*.tbz2=01;31:*.tz=01;31:*.deb=01;31:*.rpm=01;31:*.jar=01;31:*.war=01;31:*.ear=01;31:*.sar=01;31:*.rar=01;31:*.alz=01;31:*.ace=01;31:*.zoo=01;31:*.cpio=01;31:*.7z=01;31:*.rz=01;31:*.cab=01;31:*.wim=01;31:*.swm=01;31:*.dwm=01;31:*.esd=01;31:*.jpg=01;35:*.jpeg=01;35:*.mjpg=01;35:*.mjpeg=01;35:*.gif=01;35:*.bmp=01;35:*.pbm=01;35:*.pgm=01;35:*.ppm=01;35:*.tga=01;35:*.xbm=01;35:*.xpm=01;35:*.tif=01;35:*.tiff=01;35:*.png=01;35:*.svg=01;35:*.svgz=01;35:*.mng=01;35:*.pcx=01;35:*.mov=01;35:*.mpg=01;35:*.mpeg=01;35:*.m2v=01;35:*.mkv=01;35:*.webm=01;35:*.webp=01;35:*.ogm=01;35:*.mp4=01;35:*.m4v=01;35:*.mp4v=01;35:*.vob=01;35:*.qt=01;35:*.nuv=01;35:*.wmv=01;35:*.asf=01;35:*.rm=01;35:*.rmvb=01;35:*.flc=01;35:*.avi=01;35:*.fli=01;35:*.flv=01;35:*.gl=01;35:*.dl=01;35:*.xcf=01;35:*.xwd=01;35:*.yuv=01;35:*.cgm=01;35:*.emf=01;35:*.ogv=01;35:*.ogx=01;35:*.aac=00;36:*.au=00;36:*.flac=00;36:*.m4a=00;36:*.mid=00;36:*.midi=00;36:*.mka=00;36:*.mp3=00;36:*.mpc=00;36:*.ogg=00;36:*.ra=00;36:*.wav=00;36:*.oga=00;36:*.opus=00;36:*.spx=00;36:*.xspf=00;36:'), ('GNOME_TERMINAL_SERVICE', ':1.101'), ('SSH_AGENT_LAUNCHER', 'gnome-keyring'), ('SSH_AUTH_SOCK', '/run/user/1000/keyring/ssh'), ('AMENT_PREFIX_PATH', '/opt/ros/humble'), ('SHELL', '/bin/bash'), ('QT_ACCESSIBILITY', '1'), ('GDMSESSION', 'ubuntu'), ('LESSCLOSE', '/usr/bin/lesspipe %s %s'), ('GPG_AGENT_INFO', '/run/user/1000/gnupg/S.gpg-agent:0:1'), ('QT_IM_MODULE', 'ibus'), ('PWD', '/home/nautilus/NautilusSW/nautilus_ws/build/nautilus_bringup'), ('LC_ALL', 'en_US.UTF-8'), ('XDG_CONFIG_DIRS', '/etc/xdg/xdg-ubuntu:/etc/xdg'), ('DBUS_STARTER_ADDRESS', 'unix:path=/run/user/1000/bus,guid=74938106cd4c71d5d648881669ebbd10'), ('XDG_DATA_DIRS', '/usr/share/ubuntu:/usr/share/gnome:/usr/local/share/:/usr/share/'), ('PYTHONPATH', '/opt/ros/humble/lib/python3.10/site-packages:/opt/ros/humble/local/lib/python3.10/dist-packages'), ('COLCON', '1'), ('VTE_VERSION', '6800'), ('CMAKE_PREFIX_PATH', '/opt/ros/humble')]), 'shell': False}
[3.679858] (nautilus_bringup) StdoutLine: {'line': b'-- Install configuration: ""\n'}
[3.680279] (nautilus_bringup) StdoutLine: {'line': b'-- Installing: /home/nautilus/NautilusSW/nautilus_ws/install/nautilus_bringup/share/nautilus_bringup/launch\n'}
[3.680536] (nautilus_bringup) StdoutLine: {'line': b'-- Installing: /home/nautilus/NautilusSW/nautilus_ws/install/nautilus_bringup/share/nautilus_bringup/launch/robots\n'}
[3.680684] (nautilus_bringup) StdoutLine: {'line': b'-- Installing: /home/nautilus/NautilusSW/nautilus_ws/install/nautilus_bringup/share/nautilus_bringup/launch/robots/orca_auv.launch.py\n'}
[3.680860] (nautilus_bringup) StdoutLine: {'line': b'-- Installing: /home/nautilus/NautilusSW/nautilus_ws/install/nautilus_bringup/share/nautilus_bringup/launch/robots/nautilus_auv.launch.py\n'}
[3.681119] (nautilus_bringup) StdoutLine: {'line': b'-- Installing: /home/nautilus/NautilusSW/nautilus_ws/install/nautilus_bringup/share/nautilus_bringup/launch/orca.launch.py\n'}
[3.681332] (nautilus_bringup) StdoutLine: {'line': b'-- Installing: /home/nautilus/NautilusSW/nautilus_ws/install/nautilus_bringup/share/nautilus_bringup/launch/orca_comp.launch.py\n'}
[3.681499] (nautilus_bringup) StdoutLine: {'line': b'-- Installing: /home/nautilus/NautilusSW/nautilus_ws/install/nautilus_bringup/share/nautilus_bringup/launch/mavproxy_router.launch.py\n'}
[3.681763] (nautilus_bringup) StdoutLine: {'line': b'-- Installing: /home/nautilus/NautilusSW/nautilus_ws/install/nautilus_bringup/share/nautilus_bringup/config\n'}
[3.681955] (nautilus_bringup) StdoutLine: {'line': b'-- Installing: /home/nautilus/NautilusSW/nautilus_ws/install/nautilus_bringup/share/nautilus_bringup/config/nautilus_auv_bridge.yaml\n'}
[3.682151] (nautilus_bringup) StdoutLine: {'line': b'-- Installing: /home/nautilus/NautilusSW/nautilus_ws/install/nautilus_bringup/share/nautilus_bringup/nautilus_auv\n'}
[3.682322] (nautilus_bringup) StdoutLine: {'line': b'-- Installing: /home/nautilus/NautilusSW/nautilus_ws/install/nautilus_bringup/share/nautilus_bringup/nautilus_auv/BlueRov2.sdf\n'}
[3.682568] (nautilus_bringup) StdoutLine: {'line': b'-- Installing: /home/nautilus/NautilusSW/nautilus_ws/install/nautilus_bringup/share/nautilus_bringup/nautilus_auv/BlueRov2.urdf\n'}
[3.682822] (nautilus_bringup) StdoutLine: {'line': b'-- Installing: /home/nautilus/NautilusSW/nautilus_ws/install/nautilus_bringup/share/nautilus_bringup/nautilus_auv/BlueRov2.urdf.xacro\n'}
[3.683009] (nautilus_bringup) StdoutLine: {'line': b'-- Installing: /home/nautilus/NautilusSW/nautilus_ws/install/nautilus_bringup/share/nautilus_bringup/nautilus_auv/Part\n'}
[3.683174] (nautilus_bringup) StdoutLine: {'line': b'-- Installing: /home/nautilus/NautilusSW/nautilus_ws/install/nautilus_bringup/share/nautilus_bringup/nautilus_auv/Part/Thruster\n'}
[3.683350] (nautilus_bringup) StdoutLine: {'line': b'-- Installing: /home/nautilus/NautilusSW/nautilus_ws/install/nautilus_bringup/share/nautilus_bringup/nautilus_auv/Part/Thruster/T200.urdf.xacro\n'}
[3.683506] (nautilus_bringup) StdoutLine: {'line': b'-- Installing: /home/nautilus/NautilusSW/nautilus_ws/install/nautilus_bringup/share/nautilus_bringup/nautilus_auv/Part/Camera\n'}
[3.683664] (nautilus_bringup) StdoutLine: {'line': b'-- Installing: /home/nautilus/NautilusSW/nautilus_ws/install/nautilus_bringup/share/nautilus_bringup/nautilus_auv/Part/Camera/Camera.urdf.xacro\n'}
[3.683858] (nautilus_bringup) StdoutLine: {'line': b'-- Installing: /home/nautilus/NautilusSW/nautilus_ws/install/nautilus_bringup/share/nautilus_bringup/nautilus_auv/Part/Camera/CameraDepth.urdf.xacro\n'}
[3.684367] (nautilus_bringup) StdoutLine: {'line': b'-- Installing: /home/nautilus/NautilusSW/nautilus_ws/install/nautilus_bringup/share/nautilus_bringup/nautilus_auv/Part/Camera/CameraMonoDepth.urdf.xacro\n'}
[3.684561] (nautilus_bringup) StdoutLine: {'line': b'-- Installing: /home/nautilus/NautilusSW/nautilus_ws/install/nautilus_bringup/share/nautilus_bringup/nautilus_auv/Part/Camera/CameraStereo.urdf.xacro\n'}
[3.684750] (nautilus_bringup) StdoutLine: {'line': b'-- Installing: /home/nautilus/NautilusSW/nautilus_ws/install/nautilus_bringup/share/nautilus_bringup/nautilus_auv/Part/DepthSensor\n'}
[3.684908] (nautilus_bringup) StdoutLine: {'line': b'-- Installing: /home/nautilus/NautilusSW/nautilus_ws/install/nautilus_bringup/share/nautilus_bringup/nautilus_auv/Part/DepthSensor/DepthSensor.urdf.xacro\n'}
[3.685083] (nautilus_bringup) StdoutLine: {'line': b'-- Installing: /home/nautilus/NautilusSW/nautilus_ws/install/nautilus_bringup/share/nautilus_bringup/nautilus_auv/Part/DVL\n'}
[3.685236] (nautilus_bringup) StdoutLine: {'line': b'-- Installing: /home/nautilus/NautilusSW/nautilus_ws/install/nautilus_bringup/share/nautilus_bringup/nautilus_auv/Part/DVL/DVL.urdf.xacro\n'}
[3.685404] (nautilus_bringup) StdoutLine: {'line': b'-- Installing: /home/nautilus/NautilusSW/nautilus_ws/install/nautilus_bringup/share/nautilus_bringup/nautilus_auv/Part/IMU\n'}
[3.685557] (nautilus_bringup) StdoutLine: {'line': b'-- Installing: /home/nautilus/NautilusSW/nautilus_ws/install/nautilus_bringup/share/nautilus_bringup/nautilus_auv/Part/IMU/IMU.urdf.xacro\n'}
[3.685720] (nautilus_bringup) StdoutLine: {'line': b'-- Installing: /home/nautilus/NautilusSW/nautilus_ws/install/nautilus_bringup/share/nautilus_bringup/nautilus_auv/Part/P3D\n'}
[3.685872] (nautilus_bringup) StdoutLine: {'line': b'-- Installing: /home/nautilus/NautilusSW/nautilus_ws/install/nautilus_bringup/share/nautilus_bringup/nautilus_auv/Part/P3D/P3D.urdf.xacro\n'}
[3.686115] (nautilus_bringup) StdoutLine: {'line': b'-- Installing: /home/nautilus/NautilusSW/nautilus_ws/install/nautilus_bringup/share/nautilus_bringup/worlds\n'}
[3.686269] (nautilus_bringup) StdoutLine: {'line': b'-- Installing: /home/nautilus/NautilusSW/nautilus_ws/install/nautilus_bringup/share/nautilus_bringup/worlds/artisticHouse.world\n'}
[3.686586] (nautilus_bringup) StdoutLine: {'line': b'-- Installing: /home/nautilus/NautilusSW/nautilus_ws/install/nautilus_bringup/share/nautilus_bringup/worlds/sand.world\n'}
[3.686775] (nautilus_bringup) StdoutLine: {'line': b'-- Installing: /home/nautilus/NautilusSW/nautilus_ws/install/nautilus_bringup/share/nautilus_bringup/worlds/terrain.dae\n'}
[3.709075] (nautilus_controls) StdoutLine: {'line': b"Listing '/home/nautilus/NautilusSW/nautilus_ws/install/nautilus_controls/local/lib/python3.10/dist-packages/nautilus_controls'...\n"}
[3.709401] (nautilus_controls) StdoutLine: {'line': b"Compiling '/home/nautilus/NautilusSW/nautilus_ws/install/nautilus_controls/local/lib/python3.10/dist-packages/nautilus_controls/__init__.py'...\n"}
[3.709532] (nautilus_controls) StdoutLine: {'line': b"Compiling '/home/nautilus/NautilusSW/nautilus_ws/install/nautilus_controls/local/lib/python3.10/dist-packages/nautilus_controls/auv_pymavlink.py'...\n"}
[3.709642] (nautilus_controls) StdoutLine: {'line': b"Compiling '/home/nautilus/NautilusSW/nautilus_ws/install/nautilus_controls/local/lib/python3.10/dist-packages/nautilus_controls/cube_interface.py'...\n"}
[3.709775] (nautilus_controls) StdoutLine: {'line': b"Compiling '/home/nautilus/NautilusSW/nautilus_ws/install/nautilus_controls/local/lib/python3.10/dist-packages/nautilus_controls/pid_node.py'...\n"}
[3.709908] (nautilus_controls) StdoutLine: {'line': b"Compiling '/home/nautilus/NautilusSW/nautilus_ws/install/nautilus_controls/local/lib/python3.10/dist-packages/nautilus_controls/vision_controller.py'...\n"}
[3.712198] (nautilus_bringup) StdoutLine: {'line': b'-- Installing: /home/nautilus/NautilusSW/nautilus_ws/install/nautilus_bringup/share/nautilus_bringup/worlds/iris_runway.sdf\n'}
[3.712454] (nautilus_bringup) StdoutLine: {'line': b'-- Installing: /home/nautilus/NautilusSW/nautilus_ws/install/nautilus_bringup/share/nautilus_bringup/worlds/terrain.sdf\n'}
[3.712646] (nautilus_bringup) StdoutLine: {'line': b'-- Installing: /home/nautilus/NautilusSW/nautilus_ws/install/nautilus_bringup/share/nautilus_bringup/worlds/semi_final_pool.world\n'}
[3.712853] (nautilus_bringup) StdoutLine: {'line': b'-- Installing: /home/nautilus/NautilusSW/nautilus_ws/install/nautilus_bringup/share/nautilus_bringup/worlds/inf_pool.world\n'}
[3.713027] (nautilus_bringup) StdoutLine: {'line': b'-- Installing: /home/nautilus/NautilusSW/nautilus_ws/install/nautilus_bringup/share/nautilus_bringup/worlds/basic_comp_pool.world\n'}
[3.713217] (nautilus_bringup) StdoutLine: {'line': b'-- Installing: /home/nautilus/NautilusSW/nautilus_ws/install/nautilus_bringup/share/nautilus_bringup/worlds/wildthumper_playpen.sdf\n'}
[3.713386] (nautilus_bringup) StdoutLine: {'line': b'-- Installing: /home/nautilus/NautilusSW/nautilus_ws/install/nautilus_bringup/share/nautilus_bringup/worlds/underwater.world\n'}
[3.713550] (nautilus_bringup) StdoutLine: {'line': b'-- Installing: /home/nautilus/NautilusSW/nautilus_ws/install/nautilus_bringup/share/nautilus_bringup/worlds/iris_maze.sdf\n'}
[3.713737] (nautilus_bringup) StdoutLine: {'line': b'-- Installing: /home/nautilus/NautilusSW/nautilus_ws/install/nautilus_bringup/share/nautilus_bringup/worlds/pool_corner.world\n'}
[3.714060] (nautilus_bringup) StdoutLine: {'line': b'-- Installing: /home/nautilus/NautilusSW/nautilus_ws/install/nautilus_bringup/share/nautilus_bringup/models\n'}
[3.714240] (nautilus_bringup) StdoutLine: {'line': b'-- Installing: /home/nautilus/NautilusSW/nautilus_ws/install/nautilus_bringup/share/nautilus_bringup/models/sand_heightmap\n'}
[3.714383] (nautilus_bringup) StdoutLine: {'line': b'-- Installing: /home/nautilus/NautilusSW/nautilus_ws/install/nautilus_bringup/share/nautilus_bringup/models/sand_heightmap/meshes\n'}
[3.714522] (nautilus_bringup) StdoutLine: {'line': b'-- Installing: /home/nautilus/NautilusSW/nautilus_ws/install/nautilus_bringup/share/nautilus_bringup/models/sand_heightmap/meshes/sandseabed.dae\n'}
[3.720819] (nautilus_controls) StdoutLine: {'line': b'-- Installing: /home/nautilus/NautilusSW/nautilus_ws/install/nautilus_controls/lib/nautilus_controls/cube_interface\n'}
[3.721112] (nautilus_controls) StdoutLine: {'line': b'-- Installing: /home/nautilus/NautilusSW/nautilus_ws/install/nautilus_controls/lib/nautilus_controls/vision_controller\n'}
[3.721298] (nautilus_controls) StdoutLine: {'line': b'-- Installing: /home/nautilus/NautilusSW/nautilus_ws/install/nautilus_controls/lib/nautilus_controls/pid_node\n'}
[3.721464] (nautilus_bringup) StdoutLine: {'line': b'-- Installing: /home/nautilus/NautilusSW/nautilus_ws/install/nautilus_bringup/share/nautilus_bringup/models/sand_heightmap/meshes/License and source for textures.txt\n'}
[3.721936] (nautilus_controls) StdoutLine: {'line': b'-- Installing: /home/nautilus/NautilusSW/nautilus_ws/install/nautilus_controls/share/nautilus_controls/launch\n'}
[3.722112] (nautilus_controls) StdoutLine: {'line': b'-- Installing: /home/nautilus/NautilusSW/nautilus_ws/install/nautilus_controls/share/nautilus_controls/launch/vision_controller.launch.py\n'}
[3.722244] (nautilus_bringup) StdoutLine: {'line': b'-- Installing: /home/nautilus/NautilusSW/nautilus_ws/install/nautilus_bringup/share/nautilus_bringup/models/sand_heightmap/meshes/soil_sand_0045_01.jpg\n'}
[3.722384] (nautilus_controls) StdoutLine: {'line': b'-- Installing: /home/nautilus/NautilusSW/nautilus_ws/install/nautilus_controls/share/nautilus_controls/nautilus_controls\n'}
[3.722529] (nautilus_controls) StdoutLine: {'line': b'-- Installing: /home/nautilus/NautilusSW/nautilus_ws/install/nautilus_controls/share/nautilus_controls/nautilus_controls/vision_controller.py\n'}
[3.722674] (nautilus_controls) StdoutLine: {'line': b'-- Installing: /home/nautilus/NautilusSW/nautilus_ws/install/nautilus_controls/share/nautilus_controls/nautilus_controls/pid_node.py\n'}
[3.722780] (-) TimerEvent: {}
[3.723082] (nautilus_controls) StdoutLine: {'line': b'-- Installing: /home/nautilus/NautilusSW/nautilus_ws/install/nautilus_controls/share/nautilus_controls/nautilus_controls/cube_interface.py\n'}
[3.723220] (nautilus_controls) StdoutLine: {'line': b'-- Installing: /home/nautilus/NautilusSW/nautilus_ws/install/nautilus_controls/share/nautilus_controls/nautilus_controls/auv_pymavlink.py\n'}
[3.723331] (nautilus_controls) StdoutLine: {'line': b'-- Installing: /home/nautilus/NautilusSW/nautilus_ws/install/nautilus_controls/share/nautilus_controls/nautilus_controls/__init__.py\n'}
[3.723437] (nautilus_controls) StdoutLine: {'line': b'-- Installing: /home/nautilus/NautilusSW/nautilus_ws/install/nautilus_controls/share/nautilus_controls/package.xml\n'}
[3.723594] (nautilus_controls) StdoutLine: {'line': b'-- Installing: /home/nautilus/NautilusSW/nautilus_ws/install/nautilus_controls/share/ament_index/resource_index/package_run_dependencies/nautilus_controls\n'}
[3.723785] (nautilus_controls) StdoutLine: {'line': b'-- Installing: /home/nautilus/NautilusSW/nautilus_ws/install/nautilus_controls/share/ament_index/resource_index/parent_prefix_path/nautilus_controls\n'}
[3.724148] (nautilus_controls) StdoutLine: {'line': b'-- Installing: /home/nautilus/NautilusSW/nautilus_ws/install/nautilus_controls/share/nautilus_controls/environment/ament_prefix_path.sh\n'}
[3.724477] (nautilus_controls) StdoutLine: {'line': b'-- Installing: /home/nautilus/NautilusSW/nautilus_ws/install/nautilus_controls/share/nautilus_controls/environment/ament_prefix_path.dsv\n'}
[3.724800] (nautilus_controls) StdoutLine: {'line': b'-- Installing: /home/nautilus/NautilusSW/nautilus_ws/install/nautilus_controls/share/nautilus_controls/environment/path.sh\n'}
[3.725114] (nautilus_controls) StdoutLine: {'line': b'-- Installing: /home/nautilus/NautilusSW/nautilus_ws/install/nautilus_controls/share/nautilus_controls/environment/path.dsv\n'}
[3.725424] (nautilus_controls) StdoutLine: {'line': b'-- Installing: /home/nautilus/NautilusSW/nautilus_ws/install/nautilus_controls/share/nautilus_controls/local_setup.bash\n'}
[3.725746] (nautilus_controls) StdoutLine: {'line': b'-- Installing: /home/nautilus/NautilusSW/nautilus_ws/install/nautilus_controls/share/nautilus_controls/local_setup.sh\n'}
[3.726059] (nautilus_controls) StdoutLine: {'line': b'-- Installing: /home/nautilus/NautilusSW/nautilus_ws/install/nautilus_controls/share/nautilus_controls/local_setup.zsh\n'}
[3.726375] (nautilus_controls) StdoutLine: {'line': b'-- Installing: /home/nautilus/NautilusSW/nautilus_ws/install/nautilus_controls/share/nautilus_controls/local_setup.dsv\n'}
[3.726707] (nautilus_controls) StdoutLine: {'line': b'-- Installing: /home/nautilus/NautilusSW/nautilus_ws/install/nautilus_controls/share/nautilus_controls/package.dsv\n'}
[3.727131] (nautilus_controls) StdoutLine: {'line': b'-- Installing: /home/nautilus/NautilusSW/nautilus_ws/install/nautilus_controls/share/ament_index/resource_index/packages/nautilus_controls\n'}
[3.727533] (nautilus_controls) StdoutLine: {'line': b'-- Installing: /home/nautilus/NautilusSW/nautilus_ws/install/nautilus_controls/share/nautilus_controls/cmake/nautilus_controlsConfig.cmake\n'}
[3.727802] (nautilus_controls) StdoutLine: {'line': b'-- Installing: /home/nautilus/NautilusSW/nautilus_ws/install/nautilus_controls/share/nautilus_controls/cmake/nautilus_controlsConfig-version.cmake\n'}
[3.727966] (nautilus_bringup) StdoutLine: {'line': b'-- Installing: /home/nautilus/NautilusSW/nautilus_ws/install/nautilus_bringup/share/nautilus_bringup/models/sand_heightmap/meshes/heightmap.dae\n'}
[3.728163] (nautilus_controls) StdoutLine: {'line': b'-- Up-to-date: /home/nautilus/NautilusSW/nautilus_ws/install/nautilus_controls/share/nautilus_controls/package.xml\n'}
[3.732177] (nautilus_controls) CommandEnded: {'returncode': 0}
[3.735071] (nautilus_bringup) StdoutLine: {'line': b'-- Installing: /home/nautilus/NautilusSW/nautilus_ws/install/nautilus_bringup/share/nautilus_bringup/models/sand_heightmap/model.sdf\n'}
[3.735437] (nautilus_bringup) StdoutLine: {'line': b'-- Installing: /home/nautilus/NautilusSW/nautilus_ws/install/nautilus_bringup/share/nautilus_bringup/models/sand_heightmap/materials\n'}
[3.735717] (nautilus_bringup) StdoutLine: {'line': b'-- Installing: /home/nautilus/NautilusSW/nautilus_ws/install/nautilus_bringup/share/nautilus_bringup/models/sand_heightmap/materials/flat_normal.png\n'}
[3.735859] (nautilus_bringup) StdoutLine: {'line': b'-- Installing: /home/nautilus/NautilusSW/nautilus_ws/install/nautilus_bringup/share/nautilus_bringup/models/sand_heightmap/materials/soil_sand_0045_01.jpg\n'}
[3.741550] (nautilus_bringup) StdoutLine: {'line': b'-- Installing: /home/nautilus/NautilusSW/nautilus_ws/install/nautilus_bringup/share/nautilus_bringup/models/sand_heightmap/model.config\n'}
[3.741798] (nautilus_bringup) StdoutLine: {'line': b'-- Installing: /home/nautilus/NautilusSW/nautilus_ws/install/nautilus_bringup/share/nautilus_bringup/models/robosub_buoy\n'}
[3.741953] (nautilus_bringup) StdoutLine: {'line': b'-- Installing: /home/nautilus/NautilusSW/nautilus_ws/install/nautilus_bringup/share/nautilus_bringup/models/robosub_buoy/meshes\n'}
[3.742380] (nautilus_bringup) StdoutLine: {'line': b'-- Installing: /home/nautilus/NautilusSW/nautilus_ws/install/nautilus_bringup/share/nautilus_bringup/models/robosub_buoy/meshes/buoy.dae\n'}
[3.745672] (nautilus_bringup) StdoutLine: {'line': b'-- Installing: /home/nautilus/NautilusSW/nautilus_ws/install/nautilus_bringup/share/nautilus_bringup/models/robosub_buoy/model.sdf\n'}
[3.746007] (nautilus_bringup) StdoutLine: {'line': b'-- Installing: /home/nautilus/NautilusSW/nautilus_ws/install/nautilus_bringup/share/nautilus_bringup/models/robosub_buoy/model.config\n'}
[3.746278] (nautilus_bringup) StdoutLine: {'line': b'-- Installing: /home/nautilus/NautilusSW/nautilus_ws/install/nautilus_bringup/share/nautilus_bringup/models/robosub_torpedo\n'}
[3.746549] (nautilus_bringup) StdoutLine: {'line': b'-- Installing: /home/nautilus/NautilusSW/nautilus_ws/install/nautilus_bringup/share/nautilus_bringup/models/robosub_torpedo/meshes\n'}
[3.746750] (nautilus_bringup) StdoutLine: {'line': b'-- Installing: /home/nautilus/NautilusSW/nautilus_ws/install/nautilus_bringup/share/nautilus_bringup/models/robosub_torpedo/meshes/torpedo.dae\n'}
[3.747460] (nautilus_bringup) StdoutLine: {'line': b'-- Installing: /home/nautilus/NautilusSW/nautilus_ws/install/nautilus_bringup/share/nautilus_bringup/models/robosub_torpedo/model.sdf\n'}
[3.747691] (nautilus_bringup) StdoutLine: {'line': b'-- Installing: /home/nautilus/NautilusSW/nautilus_ws/install/nautilus_bringup/share/nautilus_bringup/models/robosub_torpedo/materials\n'}
[3.747906] (nautilus_bringup) StdoutLine: {'line': b'-- Installing: /home/nautilus/NautilusSW/nautilus_ws/install/nautilus_bringup/share/nautilus_bringup/models/robosub_torpedo/materials/textures\n'}
[3.748074] (nautilus_bringup) StdoutLine: {'line': b'-- Installing: /home/nautilus/NautilusSW/nautilus_ws/install/nautilus_bringup/share/nautilus_bringup/models/robosub_torpedo/materials/textures/torpedo_map.png\n'}
[3.756697] (nautilus_bringup) StdoutLine: {'line': b'-- Installing: /home/nautilus/NautilusSW/nautilus_ws/install/nautilus_bringup/share/nautilus_bringup/models/robosub_torpedo/torpedo.sdf\n'}
[3.757058] (nautilus_bringup) StdoutLine: {'line': b'-- Installing: /home/nautilus/NautilusSW/nautilus_ws/install/nautilus_bringup/share/nautilus_bringup/models/robosub_torpedo/model.config\n'}
[3.757647] (nautilus_bringup) StdoutLine: {'line': b'-- Installing: /home/nautilus/NautilusSW/nautilus_ws/install/nautilus_bringup/share/nautilus_bringup/models/bluerov2_heavy\n'}
[3.757944] (nautilus_bringup) StdoutLine: {'line': b'-- Installing: /home/nautilus/NautilusSW/nautilus_ws/install/nautilus_bringup/share/nautilus_bringup/models/bluerov2_heavy/meshes\n'}
[3.758730] (nautilus_bringup) StdoutLine: {'line': b'-- Installing: /home/nautilus/NautilusSW/nautilus_ws/install/nautilus_bringup/share/nautilus_bringup/models/bluerov2_heavy/meshes/bluerov2_heavy.dae\n'}
[3.794299] (nautilus_bringup) StdoutLine: {'line': b'-- Installing: /home/nautilus/NautilusSW/nautilus_ws/install/nautilus_bringup/share/nautilus_bringup/models/bluerov2_heavy/meshes/t200_cw_prop.dae\n'}
[3.867264] (-) TimerEvent: {}
[3.890348] (nautilus_bringup) StdoutLine: {'line': b'-- Installing: /home/nautilus/NautilusSW/nautilus_ws/install/nautilus_bringup/share/nautilus_bringup/models/bluerov2_heavy/meshes/t200_ccw_prop.dae\n'}
[3.891705] (nautilus_bringup) StdoutLine: {'line': b'-- Installing: /home/nautilus/NautilusSW/nautilus_ws/install/nautilus_bringup/share/nautilus_bringup/models/bluerov2_heavy/model.sdf\n'}
[3.892945] (nautilus_bringup) StdoutLine: {'line': b'-- Installing: /home/nautilus/NautilusSW/nautilus_ws/install/nautilus_bringup/share/nautilus_bringup/models/bluerov2_heavy/model.sdf.in\n'}
[3.893195] (nautilus_bringup) StdoutLine: {'line': b'-- Installing: /home/nautilus/NautilusSW/nautilus_ws/install/nautilus_bringup/share/nautilus_bringup/models/bluerov2_heavy/configs.yaml\n'}
[3.893375] (nautilus_bringup) StdoutLine: {'line': b'-- Installing: /home/nautilus/NautilusSW/nautilus_ws/install/nautilus_bringup/share/nautilus_bringup/models/bluerov2_heavy/model.config\n'}
[3.893558] (nautilus_bringup) StdoutLine: {'line': b'-- Installing: /home/nautilus/NautilusSW/nautilus_ws/install/nautilus_bringup/share/nautilus_bringup/models/bluerov2_heavy/BlueROV2Heavy.md\n'}
[3.893739] (nautilus_bringup) StdoutLine: {'line': b'-- Installing: /home/nautilus/NautilusSW/nautilus_ws/install/nautilus_bringup/share/nautilus_bringup/models/robosub_octagon\n'}
[3.893876] (nautilus_bringup) StdoutLine: {'line': b'-- Installing: /home/nautilus/NautilusSW/nautilus_ws/install/nautilus_bringup/share/nautilus_bringup/models/robosub_octagon/meshes\n'}
[3.894155] (nautilus_bringup) StdoutLine: {'line': b'-- Installing: /home/nautilus/NautilusSW/nautilus_ws/install/nautilus_bringup/share/nautilus_bringup/models/robosub_octagon/meshes/octagon.dae\n'}
[3.896699] (nautilus_bringup) StdoutLine: {'line': b'-- Installing: /home/nautilus/NautilusSW/nautilus_ws/install/nautilus_bringup/share/nautilus_bringup/models/robosub_octagon/model.sdf\n'}
[3.897206] (nautilus_bringup) StdoutLine: {'line': b'-- Installing: /home/nautilus/NautilusSW/nautilus_ws/install/nautilus_bringup/share/nautilus_bringup/models/robosub_octagon/model.config\n'}
[3.897374] (nautilus_bringup) StdoutLine: {'line': b'-- Installing: /home/nautilus/NautilusSW/nautilus_ws/install/nautilus_bringup/share/nautilus_bringup/models/bluerov2_ping\n'}
[3.897786] (nautilus_bringup) StdoutLine: {'line': b'-- Installing: /home/nautilus/NautilusSW/nautilus_ws/install/nautilus_bringup/share/nautilus_bringup/models/bluerov2_ping/model.sdf\n'}
[3.900107] (nautilus_bringup) StdoutLine: {'line': b'-- Installing: /home/nautilus/NautilusSW/nautilus_ws/install/nautilus_bringup/share/nautilus_bringup/models/bluerov2_ping/model.sdf.in\n'}
[3.900738] (nautilus_bringup) StdoutLine: {'line': b'-- Installing: /home/nautilus/NautilusSW/nautilus_ws/install/nautilus_bringup/share/nautilus_bringup/models/bluerov2_ping/configs.yaml\n'}
[3.901344] (nautilus_bringup) StdoutLine: {'line': b'-- Installing: /home/nautilus/NautilusSW/nautilus_ws/install/nautilus_bringup/share/nautilus_bringup/models/bluerov2_ping/model.config\n'}
[3.902322] (nautilus_controls) JobEnded: {'identifier': 'nautilus_controls', 'rc': 0}
[3.903184] (nautilus_mission) JobStarted: {'identifier': 'nautilus_mission'}
[3.903288] (nautilus_bringup) StdoutLine: {'line': b'-- Installing: /home/nautilus/NautilusSW/nautilus_ws/install/nautilus_bringup/share/nautilus_bringup/models/bluerov2_ping/BlueROV2Ping.md\n'}
[3.903589] (nautilus_bringup) StdoutLine: {'line': b'-- Installing: /home/nautilus/NautilusSW/nautilus_ws/install/nautilus_bringup/share/nautilus_bringup/models/robosub_path\n'}
[3.903944] (nautilus_bringup) StdoutLine: {'line': b'-- Installing: /home/nautilus/NautilusSW/nautilus_ws/install/nautilus_bringup/share/nautilus_bringup/models/robosub_path/meshes\n'}
[3.904116] (nautilus_bringup) StdoutLine: {'line': b'-- Installing: /home/nautilus/NautilusSW/nautilus_ws/install/nautilus_bringup/share/nautilus_bringup/models/robosub_path/meshes/path.dae\n'}
[3.904275] (nautilus_bringup) StdoutLine: {'line': b'-- Installing: /home/nautilus/NautilusSW/nautilus_ws/install/nautilus_bringup/share/nautilus_bringup/models/robosub_path/model.sdf\n'}
[3.904410] (nautilus_bringup) StdoutLine: {'line': b'-- Installing: /home/nautilus/NautilusSW/nautilus_ws/install/nautilus_bringup/share/nautilus_bringup/models/robosub_path/model.config\n'}
[3.904560] (nautilus_bringup) StdoutLine: {'line': b'-- Installing: /home/nautilus/NautilusSW/nautilus_ws/install/nautilus_bringup/share/nautilus_bringup/models/robosub_bin\n'}
[3.904687] (nautilus_bringup) StdoutLine: {'line': b'-- Installing: /home/nautilus/NautilusSW/nautilus_ws/install/nautilus_bringup/share/nautilus_bringup/models/robosub_bin/meshes\n'}
[3.904821] (nautilus_bringup) StdoutLine: {'line': b'-- Installing: /home/nautilus/NautilusSW/nautilus_ws/install/nautilus_bringup/share/nautilus_bringup/models/robosub_bin/meshes/bin.dae\n'}
[3.904964] (nautilus_bringup) StdoutLine: {'line': b'-- Installing: /home/nautilus/NautilusSW/nautilus_ws/install/nautilus_bringup/share/nautilus_bringup/models/robosub_bin/model.sdf\n'}
[3.905101] (nautilus_bringup) StdoutLine: {'line': b'-- Installing: /home/nautilus/NautilusSW/nautilus_ws/install/nautilus_bringup/share/nautilus_bringup/models/robosub_bin/materials\n'}
[3.905228] (nautilus_bringup) StdoutLine: {'line': b'-- Installing: /home/nautilus/NautilusSW/nautilus_ws/install/nautilus_bringup/share/nautilus_bringup/models/robosub_bin/materials/textures\n'}
[3.905378] (nautilus_bringup) StdoutLine: {'line': b'-- Installing: /home/nautilus/NautilusSW/nautilus_ws/install/nautilus_bringup/share/nautilus_bringup/models/robosub_bin/materials/textures/DropBRUVS.png\n'}
[3.905613] (nautilus_bringup) StdoutLine: {'line': b'-- Installing: /home/nautilus/NautilusSW/nautilus_ws/install/nautilus_bringup/share/nautilus_bringup/models/robosub_bin/model.config\n'}
[3.905846] (nautilus_bringup) StdoutLine: {'line': b'-- Installing: /home/nautilus/NautilusSW/nautilus_ws/install/nautilus_bringup/share/nautilus_bringup/models/robosub_bin/ball.sdf\n'}
[3.906051] (nautilus_bringup) StdoutLine: {'line': b'-- Installing: /home/nautilus/NautilusSW/nautilus_ws/install/nautilus_bringup/share/nautilus_bringup/models/pool\n'}
[3.906245] (nautilus_bringup) StdoutLine: {'line': b'-- Installing: /home/nautilus/NautilusSW/nautilus_ws/install/nautilus_bringup/share/nautilus_bringup/models/pool/meshes\n'}
[3.906382] (nautilus_bringup) StdoutLine: {'line': b'-- Installing: /home/nautilus/NautilusSW/nautilus_ws/install/nautilus_bringup/share/nautilus_bringup/models/pool/meshes/pool.dae\n'}
[3.907605] (nautilus_bringup) StdoutLine: {'line': b'-- Installing: /home/nautilus/NautilusSW/nautilus_ws/install/nautilus_bringup/share/nautilus_bringup/models/pool/model.sdf\n'}
[3.907857] (nautilus_bringup) StdoutLine: {'line': b'-- Installing: /home/nautilus/NautilusSW/nautilus_ws/install/nautilus_bringup/share/nautilus_bringup/models/pool/materials\n'}
[3.908320] (nautilus_bringup) StdoutLine: {'line': b'-- Installing: /home/nautilus/NautilusSW/nautilus_ws/install/nautilus_bringup/share/nautilus_bringup/models/pool/materials/textures\n'}
[3.908561] (nautilus_bringup) StdoutLine: {'line': b'-- Installing: /home/nautilus/NautilusSW/nautilus_ws/install/nautilus_bringup/share/nautilus_bringup/models/pool/materials/textures/pool_material.jpg\n'}
[3.909337] (nautilus_bringup) StdoutLine: {'line': b'-- Installing: /home/nautilus/NautilusSW/nautilus_ws/install/nautilus_bringup/share/nautilus_bringup/models/pool/model.config\n'}
[3.910162] (nautilus_bringup) StdoutLine: {'line': b'-- Installing: /home/nautilus/NautilusSW/nautilus_ws/install/nautilus_bringup/share/nautilus_bringup/models/teknofest\n'}
[3.910766] (nautilus_bringup) StdoutLine: {'line': b'-- Installing: /home/nautilus/NautilusSW/nautilus_ws/install/nautilus_bringup/share/nautilus_bringup/models/teknofest/pipeline.sdf\n'}
[3.910889] (nautilus_bringup) StdoutLine: {'line': b'-- Installing: /home/nautilus/NautilusSW/nautilus_ws/install/nautilus_bringup/share/nautilus_bringup/models/teknofest/model.config\n'}
[3.911002] (nautilus_bringup) StdoutLine: {'line': b'-- Installing: /home/nautilus/NautilusSW/nautilus_ws/install/nautilus_bringup/share/nautilus_bringup/models/axes\n'}
[3.911111] (nautilus_bringup) StdoutLine: {'line': b'-- Installing: /home/nautilus/NautilusSW/nautilus_ws/install/nautilus_bringup/share/nautilus_bringup/models/axes/model.sdf\n'}
[3.911216] (nautilus_bringup) StdoutLine: {'line': b'-- Installing: /home/nautilus/NautilusSW/nautilus_ws/install/nautilus_bringup/share/nautilus_bringup/models/axes/model.config\n'}
[3.911369] (nautilus_bringup) StdoutLine: {'line': b'-- Installing: /home/nautilus/NautilusSW/nautilus_ws/install/nautilus_bringup/share/nautilus_bringup/models/robosub_gate\n'}
[3.911508] (nautilus_bringup) StdoutLine: {'line': b'-- Installing: /home/nautilus/NautilusSW/nautilus_ws/install/nautilus_bringup/share/nautilus_bringup/models/robosub_gate/meshes\n'}
[3.911677] (nautilus_bringup) StdoutLine: {'line': b'-- Installing: /home/nautilus/NautilusSW/nautilus_ws/install/nautilus_bringup/share/nautilus_bringup/models/robosub_gate/meshes/gate.dae\n'}
[3.911814] (nautilus_bringup) StdoutLine: {'line': b'-- Installing: /home/nautilus/NautilusSW/nautilus_ws/install/nautilus_bringup/share/nautilus_bringup/models/robosub_gate/model.sdf\n'}
[3.911920] (nautilus_bringup) StdoutLine: {'line': b'-- Installing: /home/nautilus/NautilusSW/nautilus_ws/install/nautilus_bringup/share/nautilus_bringup/models/robosub_gate/materials\n'}
[3.912061] (nautilus_bringup) StdoutLine: {'line': b'-- Installing: /home/nautilus/NautilusSW/nautilus_ws/install/nautilus_bringup/share/nautilus_bringup/models/robosub_gate/materials/textures\n'}
[3.912174] (nautilus_bringup) StdoutLine: {'line': b'-- Installing: /home/nautilus/NautilusSW/nautilus_ws/install/nautilus_bringup/share/nautilus_bringup/models/robosub_gate/materials/textures/reefshark.png\n'}
[3.913894] (nautilus_mission) JobProgress: {'identifier': 'nautilus_mission', 'progress': 'cmake'}
[3.914630] (nautilus_bringup) StdoutLine: {'line': b'-- Installing: /home/nautilus/NautilusSW/nautilus_ws/install/nautilus_bringup/share/nautilus_bringup/models/robosub_gate/materials/textures/sawfish.png\n'}
[3.915861] (nautilus_mission) Command: {'cmd': ['/usr/bin/cmake', '/home/nautilus/NautilusSW/nautilus_ws/src/nautilus_mission', '-DCMAKE_INSTALL_PREFIX=/home/nautilus/NautilusSW/nautilus_ws/install/nautilus_mission'], 'cwd': '/home/nautilus/NautilusSW/nautilus_ws/build/nautilus_mission', 'env': OrderedDict([('LESSOPEN', '| /usr/bin/lesspipe %s'), ('USER', 'nautilus'), ('XDG_SESSION_TYPE', 'x11'), ('SHLVL', '1'), ('LD_LIBRARY_PATH', '/opt/ros/humble/opt/rviz_ogre_vendor/lib:/opt/ros/humble/lib/aarch64-linux-gnu:/opt/ros/humble/lib'), ('HOME', '/home/nautilus'), ('DESKTOP_SESSION', 'ubuntu'), ('ROS_PYTHON_VERSION', '3'), ('GNOME_SHELL_SESSION_MODE', 'ubuntu'), ('GTK_MODULES', 'gail:atk-bridge'), ('DBUS_STARTER_BUS_TYPE', 'session'), ('SYSTEMD_EXEC_PID', '1772'), ('DBUS_SESSION_BUS_ADDRESS', 'unix:path=/run/user/1000/bus,guid=74938106cd4c71d5d648881669ebbd10'), ('COLORTERM', 'truecolor'), ('IM_CONFIG_PHASE', '1'), ('ROS_DISTRO', 'humble'), ('GTK_IM_MODULE', 'ibus'), ('LOGNAME', 'nautilus'), ('_', '/usr/bin/colcon'), ('ROS_VERSION', '2'), ('XDG_SESSION_CLASS', 'user'), ('USERNAME', 'nautilus'), ('TERM', 'xterm-256color'), ('GNOME_DESKTOP_SESSION_ID', 'this-is-deprecated'), ('ROS_LOCALHOST_ONLY', '0'), ('WINDOWPATH', '2'), ('PATH', '/opt/ros/humble/bin:/home/nautilus/.local/bin:/home/nautilus/.local/bin:/usr/local/sbin:/usr/local/bin:/usr/sbin:/usr/bin:/sbin:/bin:/usr/games:/usr/local/games:/snap/bin:/home/nautilus/.local/bin'), ('SESSION_MANAGER', 'local/nautilus-desktop:@/tmp/.ICE-unix/1772,unix/nautilus-desktop:/tmp/.ICE-unix/1772'), ('XDG_MENU_PREFIX', 'gnome-'), ('GNOME_TERMINAL_SCREEN', '/org/gnome/Terminal/screen/6369f139_43ee_4edf_880e_cb00aef0d88f'), ('XDG_RUNTIME_DIR', '/run/user/1000'), ('DISPLAY', ':0'), ('LANG', 'en_US.UTF-8'), ('XDG_CURRENT_DESKTOP', 'ubuntu:GNOME'), ('XMODIFIERS', '@im=ibus'), ('XDG_SESSION_DESKTOP', 'ubuntu'), ('XAUTHORITY', '/run/user/1000/gdm/Xauthority'), ('LS_COLORS', 'rs=0:di=01;34:ln=01;36:mh=00:pi=40;33:so=01;35:do=01;35:bd=40;33;01:cd=40;33;01:or=40;31;01:mi=00:su=37;41:sg=30;43:ca=30;41:tw=30;42:ow=34;42:st=37;44:ex=01;32:*.tar=01;31:*.tgz=01;31:*.arc=01;31:*.arj=01;31:*.taz=01;31:*.lha=01;31:*.lz4=01;31:*.lzh=01;31:*.lzma=01;31:*.tlz=01;31:*.txz=01;31:*.tzo=01;31:*.t7z=01;31:*.zip=01;31:*.z=01;31:*.dz=01;31:*.gz=01;31:*.lrz=01;31:*.lz=01;31:*.lzo=01;31:*.xz=01;31:*.zst=01;31:*.tzst=01;31:*.bz2=01;31:*.bz=01;31:*.tbz=01;31:*.tbz2=01;31:*.tz=01;31:*.deb=01;31:*.rpm=01;31:*.jar=01;31:*.war=01;31:*.ear=01;31:*.sar=01;31:*.rar=01;31:*.alz=01;31:*.ace=01;31:*.zoo=01;31:*.cpio=01;31:*.7z=01;31:*.rz=01;31:*.cab=01;31:*.wim=01;31:*.swm=01;31:*.dwm=01;31:*.esd=01;31:*.jpg=01;35:*.jpeg=01;35:*.mjpg=01;35:*.mjpeg=01;35:*.gif=01;35:*.bmp=01;35:*.pbm=01;35:*.pgm=01;35:*.ppm=01;35:*.tga=01;35:*.xbm=01;35:*.xpm=01;35:*.tif=01;35:*.tiff=01;35:*.png=01;35:*.svg=01;35:*.svgz=01;35:*.mng=01;35:*.pcx=01;35:*.mov=01;35:*.mpg=01;35:*.mpeg=01;35:*.m2v=01;35:*.mkv=01;35:*.webm=01;35:*.webp=01;35:*.ogm=01;35:*.mp4=01;35:*.m4v=01;35:*.mp4v=01;35:*.vob=01;35:*.qt=01;35:*.nuv=01;35:*.wmv=01;35:*.asf=01;35:*.rm=01;35:*.rmvb=01;35:*.flc=01;35:*.avi=01;35:*.fli=01;35:*.flv=01;35:*.gl=01;35:*.dl=01;35:*.xcf=01;35:*.xwd=01;35:*.yuv=01;35:*.cgm=01;35:*.emf=01;35:*.ogv=01;35:*.ogx=01;35:*.aac=00;36:*.au=00;36:*.flac=00;36:*.m4a=00;36:*.mid=00;36:*.midi=00;36:*.mka=00;36:*.mp3=00;36:*.mpc=00;36:*.ogg=00;36:*.ra=00;36:*.wav=00;36:*.oga=00;36:*.opus=00;36:*.spx=00;36:*.xspf=00;36:'), ('GNOME_TERMINAL_SERVICE', ':1.101'), ('SSH_AGENT_LAUNCHER', 'gnome-keyring'), ('SSH_AUTH_SOCK', '/run/user/1000/keyring/ssh'), ('AMENT_PREFIX_PATH', '/home/nautilus/NautilusSW/nautilus_ws/install/nautilus_controls:/opt/ros/humble'), ('SHELL', '/bin/bash'), ('QT_ACCESSIBILITY', '1'), ('GDMSESSION', 'ubuntu'), ('LESSCLOSE', '/usr/bin/lesspipe %s %s'), ('GPG_AGENT_INFO', '/run/user/1000/gnupg/S.gpg-agent:0:1'), ('QT_IM_MODULE', 'ibus'), ('PWD', '/home/nautilus/NautilusSW/nautilus_ws/build/nautilus_mission'), ('LC_ALL', 'en_US.UTF-8'), ('XDG_CONFIG_DIRS', '/etc/xdg/xdg-ubuntu:/etc/xdg'), ('DBUS_STARTER_ADDRESS', 'unix:path=/run/user/1000/bus,guid=74938106cd4c71d5d648881669ebbd10'), ('XDG_DATA_DIRS', '/usr/share/ubuntu:/usr/share/gnome:/usr/local/share/:/usr/share/'), ('PYTHONPATH', '/home/nautilus/NautilusSW/nautilus_ws/install/nautilus_controls/local/lib/python3.10/dist-packages:/opt/ros/humble/lib/python3.10/site-packages:/opt/ros/humble/local/lib/python3.10/dist-packages'), ('COLCON', '1'), ('VTE_VERSION', '6800'), ('CMAKE_PREFIX_PATH', '/home/nautilus/NautilusSW/nautilus_ws/install/nautilus_controls:/opt/ros/humble')]), 'shell': False}
[3.917969] (nautilus_bringup) StdoutLine: {'line': b'-- Installing: /home/nautilus/NautilusSW/nautilus_ws/install/nautilus_bringup/share/nautilus_bringup/models/robosub_gate/model.config\n'}
[3.918159] (nautilus_bringup) StdoutLine: {'line': b'-- Installing: /home/nautilus/NautilusSW/nautilus_ws/install/nautilus_bringup/share/nautilus_bringup/models/robosub_slalom\n'}
[3.918312] (nautilus_bringup) StdoutLine: {'line': b'-- Installing: /home/nautilus/NautilusSW/nautilus_ws/install/nautilus_bringup/share/nautilus_bringup/models/robosub_slalom/model.sdf\n'}
[3.918454] (nautilus_bringup) StdoutLine: {'line': b'-- Installing: /home/nautilus/NautilusSW/nautilus_ws/install/nautilus_bringup/share/nautilus_bringup/models/robosub_slalom/model.config\n'}
[3.918617] (nautilus_bringup) StdoutLine: {'line': b'-- Installing: /home/nautilus/NautilusSW/nautilus_ws/install/nautilus_bringup/share/nautilus_bringup/models/bluerov2\n'}
[3.918734] (nautilus_bringup) StdoutLine: {'line': b'-- Installing: /home/nautilus/NautilusSW/nautilus_ws/install/nautilus_bringup/share/nautilus_bringup/models/bluerov2/meshes\n'}
[3.918845] (nautilus_bringup) StdoutLine: {'line': b'-- Installing: /home/nautilus/NautilusSW/nautilus_ws/install/nautilus_bringup/share/nautilus_bringup/models/bluerov2/meshes/t200_cw_prop.dae\n'}
[3.919669] (nautilus_bringup) StdoutLine: {'line': b'-- Installing: /home/nautilus/NautilusSW/nautilus_ws/install/nautilus_bringup/share/nautilus_bringup/models/bluerov2/meshes/bluerov2.dae\n'}
[3.947160] (nautilus_bringup) StdoutLine: {'line': b'-- Installing: /home/nautilus/NautilusSW/nautilus_ws/install/nautilus_bringup/share/nautilus_bringup/models/bluerov2/meshes/t200_ccw_prop.dae\n'}
[3.948415] (nautilus_bringup) StdoutLine: {'line': b'-- Installing: /home/nautilus/NautilusSW/nautilus_ws/install/nautilus_bringup/share/nautilus_bringup/models/bluerov2/model.sdf\n'}
[3.949014] (nautilus_bringup) StdoutLine: {'line': b'-- Installing: /home/nautilus/NautilusSW/nautilus_ws/install/nautilus_bringup/share/nautilus_bringup/models/bluerov2/model.sdf.in\n'}
[3.949723] (nautilus_bringup) StdoutLine: {'line': b'-- Installing: /home/nautilus/NautilusSW/nautilus_ws/install/nautilus_bringup/share/nautilus_bringup/models/bluerov2/BlueROV2.md\n'}
[3.950142] (nautilus_bringup) StdoutLine: {'line': b'-- Installing: /home/nautilus/NautilusSW/nautilus_ws/install/nautilus_bringup/share/nautilus_bringup/models/bluerov2/configs.yaml\n'}
[3.950460] (nautilus_bringup) StdoutLine: {'line': b'-- Installing: /home/nautilus/NautilusSW/nautilus_ws/install/nautilus_bringup/share/nautilus_bringup/models/bluerov2/model.config\n'}
[3.950713] (nautilus_bringup) StdoutLine: {'line': b'-- Installing: /home/nautilus/NautilusSW/nautilus_ws/install/nautilus_bringup/share/nautilus_bringup/models/robosub_octagon_animals\n'}
[3.950953] (nautilus_bringup) StdoutLine: {'line': b'-- Installing: /home/nautilus/NautilusSW/nautilus_ws/install/nautilus_bringup/share/nautilus_bringup/models/robosub_octagon_animals/model.sdf\n'}
[3.951187] (nautilus_bringup) StdoutLine: {'line': b'-- Installing: /home/nautilus/NautilusSW/nautilus_ws/install/nautilus_bringup/share/nautilus_bringup/models/robosub_octagon_animals/materials\n'}
[3.951489] (nautilus_bringup) StdoutLine: {'line': b'-- Installing: /home/nautilus/NautilusSW/nautilus_ws/install/nautilus_bringup/share/nautilus_bringup/models/robosub_octagon_animals/materials/textures\n'}
[3.951724] (nautilus_bringup) StdoutLine: {'line': b'-- Installing: /home/nautilus/NautilusSW/nautilus_ws/install/nautilus_bringup/share/nautilus_bringup/models/robosub_octagon_animals/materials/textures/reefshark.png\n'}
[3.953123] (nautilus_bringup) StdoutLine: {'line': b'-- Installing: /home/nautilus/NautilusSW/nautilus_ws/install/nautilus_bringup/share/nautilus_bringup/models/robosub_octagon_animals/materials/textures/sawfish.png\n'}
[3.956122] (nautilus_bringup) StdoutLine: {'line': b'-- Installing: /home/nautilus/NautilusSW/nautilus_ws/install/nautilus_bringup/share/nautilus_bringup/models/robosub_octagon_animals/materials/scripts\n'}
[3.956452] (nautilus_bringup) StdoutLine: {'line': b'-- Installing: /home/nautilus/NautilusSW/nautilus_ws/install/nautilus_bringup/share/nautilus_bringup/models/robosub_octagon_animals/materials/scripts/billboard.material\n'}
[3.956816] (nautilus_bringup) StdoutLine: {'line': b'-- Installing: /home/nautilus/NautilusSW/nautilus_ws/install/nautilus_bringup/share/nautilus_bringup/models/robosub_octagon_animals/model.config\n'}
[3.957130] (nautilus_bringup) StdoutLine: {'line': b'-- Installing: /home/nautilus/NautilusSW/nautilus_ws/install/nautilus_bringup/share/nautilus_bringup/environment/pythonpath.sh\n'}
[3.957456] (nautilus_bringup) StdoutLine: {'line': b'-- Installing: /home/nautilus/NautilusSW/nautilus_ws/install/nautilus_bringup/share/nautilus_bringup/environment/pythonpath.dsv\n'}
[3.957763] (nautilus_bringup) StdoutLine: {'line': b'-- Installing: /home/nautilus/NautilusSW/nautilus_ws/install/nautilus_bringup/local/lib/python3.10/dist-packages/nautilus_bringup-0.0.0-py3.10.egg-info\n'}
[3.958090] (nautilus_bringup) StdoutLine: {'line': b'-- Installing: /home/nautilus/NautilusSW/nautilus_ws/install/nautilus_bringup/local/lib/python3.10/dist-packages/nautilus_bringup-0.0.0-py3.10.egg-info/SOURCES.txt\n'}
[3.958413] (nautilus_bringup) StdoutLine: {'line': b'-- Installing: /home/nautilus/NautilusSW/nautilus_ws/install/nautilus_bringup/local/lib/python3.10/dist-packages/nautilus_bringup-0.0.0-py3.10.egg-info/PKG-INFO\n'}
[3.958694] (nautilus_bringup) StdoutLine: {'line': b'-- Installing: /home/nautilus/NautilusSW/nautilus_ws/install/nautilus_bringup/local/lib/python3.10/dist-packages/nautilus_bringup-0.0.0-py3.10.egg-info/dependency_links.txt\n'}
[3.959004] (nautilus_bringup) StdoutLine: {'line': b'-- Installing: /home/nautilus/NautilusSW/nautilus_ws/install/nautilus_bringup/local/lib/python3.10/dist-packages/nautilus_bringup-0.0.0-py3.10.egg-info/top_level.txt\n'}
[3.959283] (nautilus_bringup) StdoutLine: {'line': b'-- Installing: /home/nautilus/NautilusSW/nautilus_ws/install/nautilus_bringup/local/lib/python3.10/dist-packages/nautilus_bringup\n'}
[3.959508] (nautilus_bringup) StdoutLine: {'line': b'-- Installing: /home/nautilus/NautilusSW/nautilus_ws/install/nautilus_bringup/local/lib/python3.10/dist-packages/nautilus_bringup/RobotState.py\n'}
[3.959722] (nautilus_bringup) StdoutLine: {'line': b'-- Installing: /home/nautilus/NautilusSW/nautilus_ws/install/nautilus_bringup/local/lib/python3.10/dist-packages/nautilus_bringup/ObjectID.py\n'}
[3.959934] (nautilus_bringup) StdoutLine: {'line': b'-- Installing: /home/nautilus/NautilusSW/nautilus_ws/install/nautilus_bringup/local/lib/python3.10/dist-packages/nautilus_bringup/__init__.py\n'}
[3.967347] (-) TimerEvent: {}
[4.028430] (nautilus_bringup) StdoutLine: {'line': b"Listing '/home/nautilus/NautilusSW/nautilus_ws/install/nautilus_bringup/local/lib/python3.10/dist-packages/nautilus_bringup'...\n"}
[4.028920] (nautilus_bringup) StdoutLine: {'line': b"Compiling '/home/nautilus/NautilusSW/nautilus_ws/install/nautilus_bringup/local/lib/python3.10/dist-packages/nautilus_bringup/ObjectID.py'...\n"}
[4.029190] (nautilus_bringup) StdoutLine: {'line': b"Compiling '/home/nautilus/NautilusSW/nautilus_ws/install/nautilus_bringup/local/lib/python3.10/dist-packages/nautilus_bringup/RobotState.py'...\n"}
[4.029433] (nautilus_bringup) StdoutLine: {'line': b"Compiling '/home/nautilus/NautilusSW/nautilus_ws/install/nautilus_bringup/local/lib/python3.10/dist-packages/nautilus_bringup/__init__.py'...\n"}
[4.038714] (nautilus_bringup) StdoutLine: {'line': b'-- Installing: /home/nautilus/NautilusSW/nautilus_ws/install/nautilus_bringup/share/ament_index/resource_index/package_run_dependencies/nautilus_bringup\n'}
[4.039133] (nautilus_bringup) StdoutLine: {'line': b'-- Installing: /home/nautilus/NautilusSW/nautilus_ws/install/nautilus_bringup/share/ament_index/resource_index/parent_prefix_path/nautilus_bringup\n'}
[4.039459] (nautilus_bringup) StdoutLine: {'line': b'-- Installing: /home/nautilus/NautilusSW/nautilus_ws/install/nautilus_bringup/share/nautilus_bringup/environment/ament_prefix_path.sh\n'}
[4.039765] (nautilus_bringup) StdoutLine: {'line': b'-- Installing: /home/nautilus/NautilusSW/nautilus_ws/install/nautilus_bringup/share/nautilus_bringup/environment/ament_prefix_path.dsv\n'}
[4.040096] (nautilus_bringup) StdoutLine: {'line': b'-- Installing: /home/nautilus/NautilusSW/nautilus_ws/install/nautilus_bringup/share/nautilus_bringup/environment/path.sh\n'}
[4.040433] (nautilus_bringup) StdoutLine: {'line': b'-- Installing: /home/nautilus/NautilusSW/nautilus_ws/install/nautilus_bringup/share/nautilus_bringup/environment/path.dsv\n'}
[4.040716] (nautilus_bringup) StdoutLine: {'line': b'-- Installing: /home/nautilus/NautilusSW/nautilus_ws/install/nautilus_bringup/share/nautilus_bringup/local_setup.bash\n'}
[4.041048] (nautilus_bringup) StdoutLine: {'line': b'-- Installing: /home/nautilus/NautilusSW/nautilus_ws/install/nautilus_bringup/share/nautilus_bringup/local_setup.sh\n'}
[4.041341] (nautilus_bringup) StdoutLine: {'line': b'-- Installing: /home/nautilus/NautilusSW/nautilus_ws/install/nautilus_bringup/share/nautilus_bringup/local_setup.zsh\n'}
[4.041629] (nautilus_bringup) StdoutLine: {'line': b'-- Installing: /home/nautilus/NautilusSW/nautilus_ws/install/nautilus_bringup/share/nautilus_bringup/local_setup.dsv\n'}
[4.041910] (nautilus_bringup) StdoutLine: {'line': b'-- Installing: /home/nautilus/NautilusSW/nautilus_ws/install/nautilus_bringup/share/nautilus_bringup/package.dsv\n'}
[4.042182] (nautilus_bringup) StdoutLine: {'line': b'-- Installing: /home/nautilus/NautilusSW/nautilus_ws/install/nautilus_bringup/share/ament_index/resource_index/packages/nautilus_bringup\n'}
[4.042473] (nautilus_bringup) StdoutLine: {'line': b'-- Installing: /home/nautilus/NautilusSW/nautilus_ws/install/nautilus_bringup/share/nautilus_bringup/cmake/nautilus_bringupConfig.cmake\n'}
[4.042754] (nautilus_bringup) StdoutLine: {'line': b'-- Installing: /home/nautilus/NautilusSW/nautilus_ws/install/nautilus_bringup/share/nautilus_bringup/cmake/nautilus_bringupConfig-version.cmake\n'}
[4.042982] (nautilus_bringup) StdoutLine: {'line': b'-- Installing: /home/nautilus/NautilusSW/nautilus_ws/install/nautilus_bringup/share/nautilus_bringup/package.xml\n'}
[4.047157] (nautilus_bringup) CommandEnded: {'returncode': 0}
[4.067620] (-) TimerEvent: {}
[4.168411] (-) TimerEvent: {}
[4.268934] (-) TimerEvent: {}
[4.369332] (-) TimerEvent: {}
[4.469742] (-) TimerEvent: {}
[4.570097] (-) TimerEvent: {}
[4.670545] (-) TimerEvent: {}
[4.771174] (-) TimerEvent: {}
[4.871589] (-) TimerEvent: {}
[4.971962] (-) TimerEvent: {}
[5.072330] (-) TimerEvent: {}
[5.172659] (-) TimerEvent: {}
[5.272996] (-) TimerEvent: {}
[5.373383] (-) TimerEvent: {}
[5.473740] (-) TimerEvent: {}
[5.532929] (nautilus_mission) StdoutLine: {'line': b'-- The C compiler identification is GNU 11.4.0\n'}
[5.573840] (-) TimerEvent: {}
[5.674265] (-) TimerEvent: {}
[5.774740] (-) TimerEvent: {}
[5.875102] (-) TimerEvent: {}
[5.975436] (-) TimerEvent: {}
[6.075761] (-) TimerEvent: {}
[6.176102] (-) TimerEvent: {}
[6.276447] (-) TimerEvent: {}
[6.376830] (-) TimerEvent: {}
[6.477216] (-) TimerEvent: {}
[6.577558] (-) TimerEvent: {}
[6.677919] (-) TimerEvent: {}
[6.712910] (nautilus_bringup) JobEnded: {'identifier': 'nautilus_bringup', 'rc': 0}
[6.716110] (nautilus_sensors) JobStarted: {'identifier': 'nautilus_sensors'}
[6.716265] (nautilus_mission) StdoutLine: {'line': b'-- The CXX compiler identification is GNU 11.4.0\n'}
[6.725676] (nautilus_sensors) JobProgress: {'identifier': 'nautilus_sensors', 'progress': 'cmake'}
[6.726765] (nautilus_sensors) Command: {'cmd': ['/usr/bin/cmake', '/home/nautilus/NautilusSW/nautilus_ws/src/nautilus_sensors', '-DCMAKE_INSTALL_PREFIX=/home/nautilus/NautilusSW/nautilus_ws/install/nautilus_sensors'], 'cwd': '/home/nautilus/NautilusSW/nautilus_ws/build/nautilus_sensors', 'env': OrderedDict([('LESSOPEN', '| /usr/bin/lesspipe %s'), ('USER', 'nautilus'), ('XDG_SESSION_TYPE', 'x11'), ('SHLVL', '1'), ('LD_LIBRARY_PATH', '/opt/ros/humble/opt/rviz_ogre_vendor/lib:/opt/ros/humble/lib/aarch64-linux-gnu:/opt/ros/humble/lib'), ('HOME', '/home/nautilus'), ('DESKTOP_SESSION', 'ubuntu'), ('ROS_PYTHON_VERSION', '3'), ('GNOME_SHELL_SESSION_MODE', 'ubuntu'), ('GTK_MODULES', 'gail:atk-bridge'), ('DBUS_STARTER_BUS_TYPE', 'session'), ('SYSTEMD_EXEC_PID', '1772'), ('DBUS_SESSION_BUS_ADDRESS', 'unix:path=/run/user/1000/bus,guid=74938106cd4c71d5d648881669ebbd10'), ('COLORTERM', 'truecolor'), ('IM_CONFIG_PHASE', '1'), ('ROS_DISTRO', 'humble'), ('GTK_IM_MODULE', 'ibus'), ('LOGNAME', 'nautilus'), ('_', '/usr/bin/colcon'), ('ROS_VERSION', '2'), ('XDG_SESSION_CLASS', 'user'), ('USERNAME', 'nautilus'), ('TERM', 'xterm-256color'), ('GNOME_DESKTOP_SESSION_ID', 'this-is-deprecated'), ('ROS_LOCALHOST_ONLY', '0'), ('WINDOWPATH', '2'), ('PATH', '/opt/ros/humble/bin:/home/nautilus/.local/bin:/home/nautilus/.local/bin:/usr/local/sbin:/usr/local/bin:/usr/sbin:/usr/bin:/sbin:/bin:/usr/games:/usr/local/games:/snap/bin:/home/nautilus/.local/bin'), ('SESSION_MANAGER', 'local/nautilus-desktop:@/tmp/.ICE-unix/1772,unix/nautilus-desktop:/tmp/.ICE-unix/1772'), ('XDG_MENU_PREFIX', 'gnome-'), ('GNOME_TERMINAL_SCREEN', '/org/gnome/Terminal/screen/6369f139_43ee_4edf_880e_cb00aef0d88f'), ('XDG_RUNTIME_DIR', '/run/user/1000'), ('DISPLAY', ':0'), ('LANG', 'en_US.UTF-8'), ('XDG_CURRENT_DESKTOP', 'ubuntu:GNOME'), ('XMODIFIERS', '@im=ibus'), ('XDG_SESSION_DESKTOP', 'ubuntu'), ('XAUTHORITY', '/run/user/1000/gdm/Xauthority'), ('LS_COLORS', 'rs=0:di=01;34:ln=01;36:mh=00:pi=40;33:so=01;35:do=01;35:bd=40;33;01:cd=40;33;01:or=40;31;01:mi=00:su=37;41:sg=30;43:ca=30;41:tw=30;42:ow=34;42:st=37;44:ex=01;32:*.tar=01;31:*.tgz=01;31:*.arc=01;31:*.arj=01;31:*.taz=01;31:*.lha=01;31:*.lz4=01;31:*.lzh=01;31:*.lzma=01;31:*.tlz=01;31:*.txz=01;31:*.tzo=01;31:*.t7z=01;31:*.zip=01;31:*.z=01;31:*.dz=01;31:*.gz=01;31:*.lrz=01;31:*.lz=01;31:*.lzo=01;31:*.xz=01;31:*.zst=01;31:*.tzst=01;31:*.bz2=01;31:*.bz=01;31:*.tbz=01;31:*.tbz2=01;31:*.tz=01;31:*.deb=01;31:*.rpm=01;31:*.jar=01;31:*.war=01;31:*.ear=01;31:*.sar=01;31:*.rar=01;31:*.alz=01;31:*.ace=01;31:*.zoo=01;31:*.cpio=01;31:*.7z=01;31:*.rz=01;31:*.cab=01;31:*.wim=01;31:*.swm=01;31:*.dwm=01;31:*.esd=01;31:*.jpg=01;35:*.jpeg=01;35:*.mjpg=01;35:*.mjpeg=01;35:*.gif=01;35:*.bmp=01;35:*.pbm=01;35:*.pgm=01;35:*.ppm=01;35:*.tga=01;35:*.xbm=01;35:*.xpm=01;35:*.tif=01;35:*.tiff=01;35:*.png=01;35:*.svg=01;35:*.svgz=01;35:*.mng=01;35:*.pcx=01;35:*.mov=01;35:*.mpg=01;35:*.mpeg=01;35:*.m2v=01;35:*.mkv=01;35:*.webm=01;35:*.webp=01;35:*.ogm=01;35:*.mp4=01;35:*.m4v=01;35:*.mp4v=01;35:*.vob=01;35:*.qt=01;35:*.nuv=01;35:*.wmv=01;35:*.asf=01;35:*.rm=01;35:*.rmvb=01;35:*.flc=01;35:*.avi=01;35:*.fli=01;35:*.flv=01;35:*.gl=01;35:*.dl=01;35:*.xcf=01;35:*.xwd=01;35:*.yuv=01;35:*.cgm=01;35:*.emf=01;35:*.ogv=01;35:*.ogx=01;35:*.aac=00;36:*.au=00;36:*.flac=00;36:*.m4a=00;36:*.mid=00;36:*.midi=00;36:*.mka=00;36:*.mp3=00;36:*.mpc=00;36:*.ogg=00;36:*.ra=00;36:*.wav=00;36:*.oga=00;36:*.opus=00;36:*.spx=00;36:*.xspf=00;36:'), ('GNOME_TERMINAL_SERVICE', ':1.101'), ('SSH_AGENT_LAUNCHER', 'gnome-keyring'), ('SSH_AUTH_SOCK', '/run/user/1000/keyring/ssh'), ('AMENT_PREFIX_PATH', '/home/nautilus/NautilusSW/nautilus_ws/install/nautilus_bringup:/opt/ros/humble'), ('SHELL', '/bin/bash'), ('QT_ACCESSIBILITY', '1'), ('GDMSESSION', 'ubuntu'), ('LESSCLOSE', '/usr/bin/lesspipe %s %s'), ('GPG_AGENT_INFO', '/run/user/1000/gnupg/S.gpg-agent:0:1'), ('QT_IM_MODULE', 'ibus'), ('PWD', '/home/nautilus/NautilusSW/nautilus_ws/build/nautilus_sensors'), ('LC_ALL', 'en_US.UTF-8'), ('XDG_CONFIG_DIRS', '/etc/xdg/xdg-ubuntu:/etc/xdg'), ('DBUS_STARTER_ADDRESS', 'unix:path=/run/user/1000/bus,guid=74938106cd4c71d5d648881669ebbd10'), ('XDG_DATA_DIRS', '/usr/share/ubuntu:/usr/share/gnome:/usr/local/share/:/usr/share/'), ('PYTHONPATH', '/home/nautilus/NautilusSW/nautilus_ws/install/nautilus_bringup/local/lib/python3.10/dist-packages:/opt/ros/humble/lib/python3.10/site-packages:/opt/ros/humble/local/lib/python3.10/dist-packages'), ('COLCON', '1'), ('VTE_VERSION', '6800'), ('CMAKE_PREFIX_PATH', '/home/nautilus/NautilusSW/nautilus_ws/install/nautilus_bringup:/opt/ros/humble')]), 'shell': False}
[6.732353] (nautilus_mission) StdoutLine: {'line': b'-- Detecting C compiler ABI info\n'}
[6.778135] (-) TimerEvent: {}
[6.823749] (nautilus_sensors) StdoutLine: {'line': b'-- The C compiler identification is GNU 11.4.0\n'}
[6.877220] (nautilus_mission) StdoutLine: {'line': b'-- Detecting C compiler ABI info - done\n'}
[6.878222] (-) TimerEvent: {}
[6.891147] (nautilus_mission) StdoutLine: {'line': b'-- Check for working C compiler: /usr/bin/cc - skipped\n'}
[6.891668] (nautilus_mission) StdoutLine: {'line': b'-- Detecting C compile features\n'}
[6.892428] (nautilus_mission) StdoutLine: {'line': b'-- Detecting C compile features - done\n'}
[6.897933] (nautilus_mission) StdoutLine: {'line': b'-- Detecting CXX compiler ABI info\n'}
[6.920447] (nautilus_sensors) StdoutLine: {'line': b'-- The CXX compiler identification is GNU 11.4.0\n'}
[6.932626] (nautilus_sensors) StdoutLine: {'line': b'-- Detecting C compiler ABI info\n'}
[6.978434] (-) TimerEvent: {}
[7.029149] (nautilus_mission) StdoutLine: {'line': b'-- Detecting CXX compiler ABI info - done\n'}
[7.042327] (nautilus_mission) StdoutLine: {'line': b'-- Check for working CXX compiler: /usr/bin/c++ - skipped\n'}
[7.042906] (nautilus_mission) StdoutLine: {'line': b'-- Detecting CXX compile features\n'}
[7.043850] (nautilus_mission) StdoutLine: {'line': b'-- Detecting CXX compile features - done\n'}
[7.047985] (nautilus_mission) StdoutLine: {'line': b'-- Found ament_cmake: 1.3.14 (/opt/ros/humble/share/ament_cmake/cmake)\n'}
[7.073638] (nautilus_sensors) StdoutLine: {'line': b'-- Detecting C compiler ABI info - done\n'}
[7.078556] (-) TimerEvent: {}
[7.088302] (nautilus_sensors) StdoutLine: {'line': b'-- Check for working C compiler: /usr/bin/cc - skipped\n'}
[7.088987] (nautilus_sensors) StdoutLine: {'line': b'-- Detecting C compile features\n'}
[7.089674] (nautilus_sensors) StdoutLine: {'line': b'-- Detecting C compile features - done\n'}
[7.096366] (nautilus_sensors) StdoutLine: {'line': b'-- Detecting CXX compiler ABI info\n'}
[7.178720] (-) TimerEvent: {}
[7.257710] (nautilus_sensors) StdoutLine: {'line': b'-- Detecting CXX compiler ABI info - done\n'}
[7.272059] (nautilus_sensors) StdoutLine: {'line': b'-- Check for working CXX compiler: /usr/bin/c++ - skipped\n'}
[7.272734] (nautilus_sensors) StdoutLine: {'line': b'-- Detecting CXX compile features\n'}
[7.273699] (nautilus_sensors) StdoutLine: {'line': b'-- Detecting CXX compile features - done\n'}
[7.278179] (nautilus_sensors) StdoutLine: {'line': b'-- Found ament_cmake: 1.3.14 (/opt/ros/humble/share/ament_cmake/cmake)\n'}
[7.278782] (-) TimerEvent: {}
[7.379355] (-) TimerEvent: {}
[7.480035] (-) TimerEvent: {}
[7.580472] (-) TimerEvent: {}
[7.680982] (-) TimerEvent: {}
[7.781610] (-) TimerEvent: {}
[7.848347] (nautilus_mission) StdoutLine: {'line': b'-- Found Python3: /usr/bin/python3 (found version "3.10.12") found components: Interpreter \n'}
[7.881719] (-) TimerEvent: {}
[7.982387] (-) TimerEvent: {}
[8.007159] (nautilus_sensors) StdoutLine: {'line': b'-- Found Python3: /usr/bin/python3 (found version "3.10.12") found components: Interpreter \n'}
[8.082568] (-) TimerEvent: {}
[8.181456] (nautilus_mission) StdoutLine: {'line': b'-- Found ament_lint_auto: 0.12.15 (/opt/ros/humble/share/ament_lint_auto/cmake)\n'}
[8.182664] (-) TimerEvent: {}
[8.198236] (nautilus_sensors) StdoutLine: {'line': b'-- Found rclpy: 3.3.21 (/opt/ros/humble/share/rclpy/cmake)\n'}
[8.282886] (-) TimerEvent: {}
[8.383762] (-) TimerEvent: {}
[8.412403] (nautilus_mission) StdoutLine: {'line': b'-- Configuring done\n'}
[8.419728] (nautilus_mission) StdoutLine: {'line': b'-- Generating done\n'}
[8.423741] (nautilus_mission) StdoutLine: {'line': b'-- Build files have been written to: /home/nautilus/NautilusSW/nautilus_ws/build/nautilus_mission\n'}
[8.432944] (nautilus_mission) CommandEnded: {'returncode': 0}
[8.434528] (nautilus_mission) JobProgress: {'identifier': 'nautilus_mission', 'progress': 'build'}
[8.435025] (nautilus_mission) Command: {'cmd': ['/usr/bin/cmake', '--build', '/home/nautilus/NautilusSW/nautilus_ws/build/nautilus_mission', '--', '-j6', '-l6'], 'cwd': '/home/nautilus/NautilusSW/nautilus_ws/build/nautilus_mission', 'env': OrderedDict([('LESSOPEN', '| /usr/bin/lesspipe %s'), ('USER', 'nautilus'), ('XDG_SESSION_TYPE', 'x11'), ('SHLVL', '1'), ('LD_LIBRARY_PATH', '/opt/ros/humble/opt/rviz_ogre_vendor/lib:/opt/ros/humble/lib/aarch64-linux-gnu:/opt/ros/humble/lib'), ('HOME', '/home/nautilus'), ('DESKTOP_SESSION', 'ubuntu'), ('ROS_PYTHON_VERSION', '3'), ('GNOME_SHELL_SESSION_MODE', 'ubuntu'), ('GTK_MODULES', 'gail:atk-bridge'), ('DBUS_STARTER_BUS_TYPE', 'session'), ('SYSTEMD_EXEC_PID', '1772'), ('DBUS_SESSION_BUS_ADDRESS', 'unix:path=/run/user/1000/bus,guid=74938106cd4c71d5d648881669ebbd10'), ('COLORTERM', 'truecolor'), ('IM_CONFIG_PHASE', '1'), ('ROS_DISTRO', 'humble'), ('GTK_IM_MODULE', 'ibus'), ('LOGNAME', 'nautilus'), ('_', '/usr/bin/colcon'), ('ROS_VERSION', '2'), ('XDG_SESSION_CLASS', 'user'), ('USERNAME', 'nautilus'), ('TERM', 'xterm-256color'), ('GNOME_DESKTOP_SESSION_ID', 'this-is-deprecated'), ('ROS_LOCALHOST_ONLY', '0'), ('WINDOWPATH', '2'), ('PATH', '/opt/ros/humble/bin:/home/nautilus/.local/bin:/home/nautilus/.local/bin:/usr/local/sbin:/usr/local/bin:/usr/sbin:/usr/bin:/sbin:/bin:/usr/games:/usr/local/games:/snap/bin:/home/nautilus/.local/bin'), ('SESSION_MANAGER', 'local/nautilus-desktop:@/tmp/.ICE-unix/1772,unix/nautilus-desktop:/tmp/.ICE-unix/1772'), ('XDG_MENU_PREFIX', 'gnome-'), ('GNOME_TERMINAL_SCREEN', '/org/gnome/Terminal/screen/6369f139_43ee_4edf_880e_cb00aef0d88f'), ('XDG_RUNTIME_DIR', '/run/user/1000'), ('DISPLAY', ':0'), ('LANG', 'en_US.UTF-8'), ('XDG_CURRENT_DESKTOP', 'ubuntu:GNOME'), ('XMODIFIERS', '@im=ibus'), ('XDG_SESSION_DESKTOP', 'ubuntu'), ('XAUTHORITY', '/run/user/1000/gdm/Xauthority'), ('LS_COLORS', 'rs=0:di=01;34:ln=01;36:mh=00:pi=40;33:so=01;35:do=01;35:bd=40;33;01:cd=40;33;01:or=40;31;01:mi=00:su=37;41:sg=30;43:ca=30;41:tw=30;42:ow=34;42:st=37;44:ex=01;32:*.tar=01;31:*.tgz=01;31:*.arc=01;31:*.arj=01;31:*.taz=01;31:*.lha=01;31:*.lz4=01;31:*.lzh=01;31:*.lzma=01;31:*.tlz=01;31:*.txz=01;31:*.tzo=01;31:*.t7z=01;31:*.zip=01;31:*.z=01;31:*.dz=01;31:*.gz=01;31:*.lrz=01;31:*.lz=01;31:*.lzo=01;31:*.xz=01;31:*.zst=01;31:*.tzst=01;31:*.bz2=01;31:*.bz=01;31:*.tbz=01;31:*.tbz2=01;31:*.tz=01;31:*.deb=01;31:*.rpm=01;31:*.jar=01;31:*.war=01;31:*.ear=01;31:*.sar=01;31:*.rar=01;31:*.alz=01;31:*.ace=01;31:*.zoo=01;31:*.cpio=01;31:*.7z=01;31:*.rz=01;31:*.cab=01;31:*.wim=01;31:*.swm=01;31:*.dwm=01;31:*.esd=01;31:*.jpg=01;35:*.jpeg=01;35:*.mjpg=01;35:*.mjpeg=01;35:*.gif=01;35:*.bmp=01;35:*.pbm=01;35:*.pgm=01;35:*.ppm=01;35:*.tga=01;35:*.xbm=01;35:*.xpm=01;35:*.tif=01;35:*.tiff=01;35:*.png=01;35:*.svg=01;35:*.svgz=01;35:*.mng=01;35:*.pcx=01;35:*.mov=01;35:*.mpg=01;35:*.mpeg=01;35:*.m2v=01;35:*.mkv=01;35:*.webm=01;35:*.webp=01;35:*.ogm=01;35:*.mp4=01;35:*.m4v=01;35:*.mp4v=01;35:*.vob=01;35:*.qt=01;35:*.nuv=01;35:*.wmv=01;35:*.asf=01;35:*.rm=01;35:*.rmvb=01;35:*.flc=01;35:*.avi=01;35:*.fli=01;35:*.flv=01;35:*.gl=01;35:*.dl=01;35:*.xcf=01;35:*.xwd=01;35:*.yuv=01;35:*.cgm=01;35:*.emf=01;35:*.ogv=01;35:*.ogx=01;35:*.aac=00;36:*.au=00;36:*.flac=00;36:*.m4a=00;36:*.mid=00;36:*.midi=00;36:*.mka=00;36:*.mp3=00;36:*.mpc=00;36:*.ogg=00;36:*.ra=00;36:*.wav=00;36:*.oga=00;36:*.opus=00;36:*.spx=00;36:*.xspf=00;36:'), ('GNOME_TERMINAL_SERVICE', ':1.101'), ('SSH_AGENT_LAUNCHER', 'gnome-keyring'), ('SSH_AUTH_SOCK', '/run/user/1000/keyring/ssh'), ('AMENT_PREFIX_PATH', '/home/nautilus/NautilusSW/nautilus_ws/install/nautilus_controls:/opt/ros/humble'), ('SHELL', '/bin/bash'), ('QT_ACCESSIBILITY', '1'), ('GDMSESSION', 'ubuntu'), ('LESSCLOSE', '/usr/bin/lesspipe %s %s'), ('GPG_AGENT_INFO', '/run/user/1000/gnupg/S.gpg-agent:0:1'), ('QT_IM_MODULE', 'ibus'), ('PWD', '/home/nautilus/NautilusSW/nautilus_ws/build/nautilus_mission'), ('LC_ALL', 'en_US.UTF-8'), ('XDG_CONFIG_DIRS', '/etc/xdg/xdg-ubuntu:/etc/xdg'), ('DBUS_STARTER_ADDRESS', 'unix:path=/run/user/1000/bus,guid=74938106cd4c71d5d648881669ebbd10'), ('XDG_DATA_DIRS', '/usr/share/ubuntu:/usr/share/gnome:/usr/local/share/:/usr/share/'), ('PYTHONPATH', '/home/nautilus/NautilusSW/nautilus_ws/install/nautilus_controls/local/lib/python3.10/dist-packages:/opt/ros/humble/lib/python3.10/site-packages:/opt/ros/humble/local/lib/python3.10/dist-packages'), ('COLCON', '1'), ('VTE_VERSION', '6800'), ('CMAKE_PREFIX_PATH', '/home/nautilus/NautilusSW/nautilus_ws/install/nautilus_controls:/opt/ros/humble')]), 'shell': False}
[8.483892] (-) TimerEvent: {}
[8.535278] (nautilus_mission) StdoutLine: {'line': b'Built target ament_cmake_python_copy_nautilus_mission\n'}
[8.584075] (-) TimerEvent: {}
[8.641531] (nautilus_sensors) StdoutLine: {'line': b'-- Configuring done\n'}
[8.658688] (nautilus_sensors) StdoutLine: {'line': b'-- Generating done\n'}
[8.667999] (nautilus_sensors) StdoutLine: {'line': b'-- Build files have been written to: /home/nautilus/NautilusSW/nautilus_ws/build/nautilus_sensors\n'}
[8.680939] (nautilus_sensors) CommandEnded: {'returncode': 0}
[8.682076] (nautilus_sensors) JobProgress: {'identifier': 'nautilus_sensors', 'progress': 'build'}
[8.682476] (nautilus_sensors) Command: {'cmd': ['/usr/bin/cmake', '--build', '/home/nautilus/NautilusSW/nautilus_ws/build/nautilus_sensors', '--', '-j6', '-l6'], 'cwd': '/home/nautilus/NautilusSW/nautilus_ws/build/nautilus_sensors', 'env': OrderedDict([('LESSOPEN', '| /usr/bin/lesspipe %s'), ('USER', 'nautilus'), ('XDG_SESSION_TYPE', 'x11'), ('SHLVL', '1'), ('LD_LIBRARY_PATH', '/opt/ros/humble/opt/rviz_ogre_vendor/lib:/opt/ros/humble/lib/aarch64-linux-gnu:/opt/ros/humble/lib'), ('HOME', '/home/nautilus'), ('DESKTOP_SESSION', 'ubuntu'), ('ROS_PYTHON_VERSION', '3'), ('GNOME_SHELL_SESSION_MODE', 'ubuntu'), ('GTK_MODULES', 'gail:atk-bridge'), ('DBUS_STARTER_BUS_TYPE', 'session'), ('SYSTEMD_EXEC_PID', '1772'), ('DBUS_SESSION_BUS_ADDRESS', 'unix:path=/run/user/1000/bus,guid=74938106cd4c71d5d648881669ebbd10'), ('COLORTERM', 'truecolor'), ('IM_CONFIG_PHASE', '1'), ('ROS_DISTRO', 'humble'), ('GTK_IM_MODULE', 'ibus'), ('LOGNAME', 'nautilus'), ('_', '/usr/bin/colcon'), ('ROS_VERSION', '2'), ('XDG_SESSION_CLASS', 'user'), ('USERNAME', 'nautilus'), ('TERM', 'xterm-256color'), ('GNOME_DESKTOP_SESSION_ID', 'this-is-deprecated'), ('ROS_LOCALHOST_ONLY', '0'), ('WINDOWPATH', '2'), ('PATH', '/opt/ros/humble/bin:/home/nautilus/.local/bin:/home/nautilus/.local/bin:/usr/local/sbin:/usr/local/bin:/usr/sbin:/usr/bin:/sbin:/bin:/usr/games:/usr/local/games:/snap/bin:/home/nautilus/.local/bin'), ('SESSION_MANAGER', 'local/nautilus-desktop:@/tmp/.ICE-unix/1772,unix/nautilus-desktop:/tmp/.ICE-unix/1772'), ('XDG_MENU_PREFIX', 'gnome-'), ('GNOME_TERMINAL_SCREEN', '/org/gnome/Terminal/screen/6369f139_43ee_4edf_880e_cb00aef0d88f'), ('XDG_RUNTIME_DIR', '/run/user/1000'), ('DISPLAY', ':0'), ('LANG', 'en_US.UTF-8'), ('XDG_CURRENT_DESKTOP', 'ubuntu:GNOME'), ('XMODIFIERS', '@im=ibus'), ('XDG_SESSION_DESKTOP', 'ubuntu'), ('XAUTHORITY', '/run/user/1000/gdm/Xauthority'), ('LS_COLORS', 'rs=0:di=01;34:ln=01;36:mh=00:pi=40;33:so=01;35:do=01;35:bd=40;33;01:cd=40;33;01:or=40;31;01:mi=00:su=37;41:sg=30;43:ca=30;41:tw=30;42:ow=34;42:st=37;44:ex=01;32:*.tar=01;31:*.tgz=01;31:*.arc=01;31:*.arj=01;31:*.taz=01;31:*.lha=01;31:*.lz4=01;31:*.lzh=01;31:*.lzma=01;31:*.tlz=01;31:*.txz=01;31:*.tzo=01;31:*.t7z=01;31:*.zip=01;31:*.z=01;31:*.dz=01;31:*.gz=01;31:*.lrz=01;31:*.lz=01;31:*.lzo=01;31:*.xz=01;31:*.zst=01;31:*.tzst=01;31:*.bz2=01;31:*.bz=01;31:*.tbz=01;31:*.tbz2=01;31:*.tz=01;31:*.deb=01;31:*.rpm=01;31:*.jar=01;31:*.war=01;31:*.ear=01;31:*.sar=01;31:*.rar=01;31:*.alz=01;31:*.ace=01;31:*.zoo=01;31:*.cpio=01;31:*.7z=01;31:*.rz=01;31:*.cab=01;31:*.wim=01;31:*.swm=01;31:*.dwm=01;31:*.esd=01;31:*.jpg=01;35:*.jpeg=01;35:*.mjpg=01;35:*.mjpeg=01;35:*.gif=01;35:*.bmp=01;35:*.pbm=01;35:*.pgm=01;35:*.ppm=01;35:*.tga=01;35:*.xbm=01;35:*.xpm=01;35:*.tif=01;35:*.tiff=01;35:*.png=01;35:*.svg=01;35:*.svgz=01;35:*.mng=01;35:*.pcx=01;35:*.mov=01;35:*.mpg=01;35:*.mpeg=01;35:*.m2v=01;35:*.mkv=01;35:*.webm=01;35:*.webp=01;35:*.ogm=01;35:*.mp4=01;35:*.m4v=01;35:*.mp4v=01;35:*.vob=01;35:*.qt=01;35:*.nuv=01;35:*.wmv=01;35:*.asf=01;35:*.rm=01;35:*.rmvb=01;35:*.flc=01;35:*.avi=01;35:*.fli=01;35:*.flv=01;35:*.gl=01;35:*.dl=01;35:*.xcf=01;35:*.xwd=01;35:*.yuv=01;35:*.cgm=01;35:*.emf=01;35:*.ogv=01;35:*.ogx=01;35:*.aac=00;36:*.au=00;36:*.flac=00;36:*.m4a=00;36:*.mid=00;36:*.midi=00;36:*.mka=00;36:*.mp3=00;36:*.mpc=00;36:*.ogg=00;36:*.ra=00;36:*.wav=00;36:*.oga=00;36:*.opus=00;36:*.spx=00;36:*.xspf=00;36:'), ('GNOME_TERMINAL_SERVICE', ':1.101'), ('SSH_AGENT_LAUNCHER', 'gnome-keyring'), ('SSH_AUTH_SOCK', '/run/user/1000/keyring/ssh'), ('AMENT_PREFIX_PATH', '/home/nautilus/NautilusSW/nautilus_ws/install/nautilus_bringup:/opt/ros/humble'), ('SHELL', '/bin/bash'), ('QT_ACCESSIBILITY', '1'), ('GDMSESSION', 'ubuntu'), ('LESSCLOSE', '/usr/bin/lesspipe %s %s'), ('GPG_AGENT_INFO', '/run/user/1000/gnupg/S.gpg-agent:0:1'), ('QT_IM_MODULE', 'ibus'), ('PWD', '/home/nautilus/NautilusSW/nautilus_ws/build/nautilus_sensors'), ('LC_ALL', 'en_US.UTF-8'), ('XDG_CONFIG_DIRS', '/etc/xdg/xdg-ubuntu:/etc/xdg'), ('DBUS_STARTER_ADDRESS', 'unix:path=/run/user/1000/bus,guid=74938106cd4c71d5d648881669ebbd10'), ('XDG_DATA_DIRS', '/usr/share/ubuntu:/usr/share/gnome:/usr/local/share/:/usr/share/'), ('PYTHONPATH', '/home/nautilus/NautilusSW/nautilus_ws/install/nautilus_bringup/local/lib/python3.10/dist-packages:/opt/ros/humble/lib/python3.10/site-packages:/opt/ros/humble/local/lib/python3.10/dist-packages'), ('COLCON', '1'), ('VTE_VERSION', '6800'), ('CMAKE_PREFIX_PATH', '/home/nautilus/NautilusSW/nautilus_ws/install/nautilus_bringup:/opt/ros/humble')]), 'shell': False}
[8.684486] (-) TimerEvent: {}
[8.779531] (nautilus_sensors) StdoutLine: {'line': b'Built target ament_cmake_python_copy_DVL\n'}
[8.855572] (-) TimerEvent: {}
[8.944803] (nautilus_sensors) StdoutLine: {'line': b'Built target ament_cmake_python_copy_vision\n'}
[8.955719] (-) TimerEvent: {}
[9.029790] (nautilus_mission) StdoutLine: {'line': b'running egg_info\n'}
[9.055860] (-) TimerEvent: {}
[9.062388] (nautilus_mission) StdoutLine: {'line': b'creating nautilus_mission.egg-info\n'}
[9.062800] (nautilus_mission) StdoutLine: {'line': b'writing nautilus_mission.egg-info/PKG-INFO\n'}
[9.063753] (nautilus_mission) StdoutLine: {'line': b'writing dependency_links to nautilus_mission.egg-info/dependency_links.txt\n'}
[9.064349] (nautilus_mission) StdoutLine: {'line': b'writing top-level names to nautilus_mission.egg-info/top_level.txt\n'}
[9.064681] (nautilus_mission) StdoutLine: {'line': b"writing manifest file 'nautilus_mission.egg-info/SOURCES.txt'\n"}
[9.156031] (-) TimerEvent: {}
[9.162316] (nautilus_mission) StdoutLine: {'line': b"reading manifest file 'nautilus_mission.egg-info/SOURCES.txt'\n"}
[9.164060] (nautilus_mission) StdoutLine: {'line': b"writing manifest file 'nautilus_mission.egg-info/SOURCES.txt'\n"}
[9.235541] (nautilus_mission) StdoutLine: {'line': b'Built target ament_cmake_python_build_nautilus_mission_egg\n'}
[9.256152] (-) TimerEvent: {}
[9.258229] (nautilus_mission) CommandEnded: {'returncode': 0}
[9.419161] (-) TimerEvent: {}
[9.419917] (nautilus_sensors) StdoutLine: {'line': b'running egg_info\n'}
[9.438862] (nautilus_mission) JobProgress: {'identifier': 'nautilus_mission', 'progress': 'install'}
[9.439714] (nautilus_mission) Command: {'cmd': ['/usr/bin/cmake', '--install', '/home/nautilus/NautilusSW/nautilus_ws/build/nautilus_mission'], 'cwd': '/home/nautilus/NautilusSW/nautilus_ws/build/nautilus_mission', 'env': OrderedDict([('LESSOPEN', '| /usr/bin/lesspipe %s'), ('USER', 'nautilus'), ('XDG_SESSION_TYPE', 'x11'), ('SHLVL', '1'), ('LD_LIBRARY_PATH', '/opt/ros/humble/opt/rviz_ogre_vendor/lib:/opt/ros/humble/lib/aarch64-linux-gnu:/opt/ros/humble/lib'), ('HOME', '/home/nautilus'), ('DESKTOP_SESSION', 'ubuntu'), ('ROS_PYTHON_VERSION', '3'), ('GNOME_SHELL_SESSION_MODE', 'ubuntu'), ('GTK_MODULES', 'gail:atk-bridge'), ('DBUS_STARTER_BUS_TYPE', 'session'), ('SYSTEMD_EXEC_PID', '1772'), ('DBUS_SESSION_BUS_ADDRESS', 'unix:path=/run/user/1000/bus,guid=74938106cd4c71d5d648881669ebbd10'), ('COLORTERM', 'truecolor'), ('IM_CONFIG_PHASE', '1'), ('ROS_DISTRO', 'humble'), ('GTK_IM_MODULE', 'ibus'), ('LOGNAME', 'nautilus'), ('_', '/usr/bin/colcon'), ('ROS_VERSION', '2'), ('XDG_SESSION_CLASS', 'user'), ('USERNAME', 'nautilus'), ('TERM', 'xterm-256color'), ('GNOME_DESKTOP_SESSION_ID', 'this-is-deprecated'), ('ROS_LOCALHOST_ONLY', '0'), ('WINDOWPATH', '2'), ('PATH', '/opt/ros/humble/bin:/home/nautilus/.local/bin:/home/nautilus/.local/bin:/usr/local/sbin:/usr/local/bin:/usr/sbin:/usr/bin:/sbin:/bin:/usr/games:/usr/local/games:/snap/bin:/home/nautilus/.local/bin'), ('SESSION_MANAGER', 'local/nautilus-desktop:@/tmp/.ICE-unix/1772,unix/nautilus-desktop:/tmp/.ICE-unix/1772'), ('XDG_MENU_PREFIX', 'gnome-'), ('GNOME_TERMINAL_SCREEN', '/org/gnome/Terminal/screen/6369f139_43ee_4edf_880e_cb00aef0d88f'), ('XDG_RUNTIME_DIR', '/run/user/1000'), ('DISPLAY', ':0'), ('LANG', 'en_US.UTF-8'), ('XDG_CURRENT_DESKTOP', 'ubuntu:GNOME'), ('XMODIFIERS', '@im=ibus'), ('XDG_SESSION_DESKTOP', 'ubuntu'), ('XAUTHORITY', '/run/user/1000/gdm/Xauthority'), ('LS_COLORS', 'rs=0:di=01;34:ln=01;36:mh=00:pi=40;33:so=01;35:do=01;35:bd=40;33;01:cd=40;33;01:or=40;31;01:mi=00:su=37;41:sg=30;43:ca=30;41:tw=30;42:ow=34;42:st=37;44:ex=01;32:*.tar=01;31:*.tgz=01;31:*.arc=01;31:*.arj=01;31:*.taz=01;31:*.lha=01;31:*.lz4=01;31:*.lzh=01;31:*.lzma=01;31:*.tlz=01;31:*.txz=01;31:*.tzo=01;31:*.t7z=01;31:*.zip=01;31:*.z=01;31:*.dz=01;31:*.gz=01;31:*.lrz=01;31:*.lz=01;31:*.lzo=01;31:*.xz=01;31:*.zst=01;31:*.tzst=01;31:*.bz2=01;31:*.bz=01;31:*.tbz=01;31:*.tbz2=01;31:*.tz=01;31:*.deb=01;31:*.rpm=01;31:*.jar=01;31:*.war=01;31:*.ear=01;31:*.sar=01;31:*.rar=01;31:*.alz=01;31:*.ace=01;31:*.zoo=01;31:*.cpio=01;31:*.7z=01;31:*.rz=01;31:*.cab=01;31:*.wim=01;31:*.swm=01;31:*.dwm=01;31:*.esd=01;31:*.jpg=01;35:*.jpeg=01;35:*.mjpg=01;35:*.mjpeg=01;35:*.gif=01;35:*.bmp=01;35:*.pbm=01;35:*.pgm=01;35:*.ppm=01;35:*.tga=01;35:*.xbm=01;35:*.xpm=01;35:*.tif=01;35:*.tiff=01;35:*.png=01;35:*.svg=01;35:*.svgz=01;35:*.mng=01;35:*.pcx=01;35:*.mov=01;35:*.mpg=01;35:*.mpeg=01;35:*.m2v=01;35:*.mkv=01;35:*.webm=01;35:*.webp=01;35:*.ogm=01;35:*.mp4=01;35:*.m4v=01;35:*.mp4v=01;35:*.vob=01;35:*.qt=01;35:*.nuv=01;35:*.wmv=01;35:*.asf=01;35:*.rm=01;35:*.rmvb=01;35:*.flc=01;35:*.avi=01;35:*.fli=01;35:*.flv=01;35:*.gl=01;35:*.dl=01;35:*.xcf=01;35:*.xwd=01;35:*.yuv=01;35:*.cgm=01;35:*.emf=01;35:*.ogv=01;35:*.ogx=01;35:*.aac=00;36:*.au=00;36:*.flac=00;36:*.m4a=00;36:*.mid=00;36:*.midi=00;36:*.mka=00;36:*.mp3=00;36:*.mpc=00;36:*.ogg=00;36:*.ra=00;36:*.wav=00;36:*.oga=00;36:*.opus=00;36:*.spx=00;36:*.xspf=00;36:'), ('GNOME_TERMINAL_SERVICE', ':1.101'), ('SSH_AGENT_LAUNCHER', 'gnome-keyring'), ('SSH_AUTH_SOCK', '/run/user/1000/keyring/ssh'), ('AMENT_PREFIX_PATH', '/home/nautilus/NautilusSW/nautilus_ws/install/nautilus_controls:/opt/ros/humble'), ('SHELL', '/bin/bash'), ('QT_ACCESSIBILITY', '1'), ('GDMSESSION', 'ubuntu'), ('LESSCLOSE', '/usr/bin/lesspipe %s %s'), ('GPG_AGENT_INFO', '/run/user/1000/gnupg/S.gpg-agent:0:1'), ('QT_IM_MODULE', 'ibus'), ('PWD', '/home/nautilus/NautilusSW/nautilus_ws/build/nautilus_mission'), ('LC_ALL', 'en_US.UTF-8'), ('XDG_CONFIG_DIRS', '/etc/xdg/xdg-ubuntu:/etc/xdg'), ('DBUS_STARTER_ADDRESS', 'unix:path=/run/user/1000/bus,guid=74938106cd4c71d5d648881669ebbd10'), ('XDG_DATA_DIRS', '/usr/share/ubuntu:/usr/share/gnome:/usr/local/share/:/usr/share/'), ('PYTHONPATH', '/home/nautilus/NautilusSW/nautilus_ws/install/nautilus_controls/local/lib/python3.10/dist-packages:/opt/ros/humble/lib/python3.10/site-packages:/opt/ros/humble/local/lib/python3.10/dist-packages'), ('COLCON', '1'), ('VTE_VERSION', '6800'), ('CMAKE_PREFIX_PATH', '/home/nautilus/NautilusSW/nautilus_ws/install/nautilus_controls:/opt/ros/humble')]), 'shell': False}
[9.462359] (nautilus_mission) StdoutLine: {'line': b'-- Install configuration: ""\n'}
[9.462930] (nautilus_mission) StdoutLine: {'line': b'-- Installing: /home/nautilus/NautilusSW/nautilus_ws/install/nautilus_mission/share/nautilus_mission/launch\n'}
[9.503066] (nautilus_mission) StdoutLine: {'line': b'-- Installing: /home/nautilus/NautilusSW/nautilus_ws/install/nautilus_mission/share/nautilus_mission/launch/mission.launch.py\n'}
[9.503707] (nautilus_mission) StdoutLine: {'line': b'-- Installing: /home/nautilus/NautilusSW/nautilus_ws/install/nautilus_mission/lib/nautilus_mission/state_machine\n'}
[9.504118] (nautilus_mission) StdoutLine: {'line': b'-- Installing: /home/nautilus/NautilusSW/nautilus_ws/install/nautilus_mission/share/nautilus_mission/environment/pythonpath.sh\n'}
[9.504476] (nautilus_mission) StdoutLine: {'line': b'-- Installing: /home/nautilus/NautilusSW/nautilus_ws/install/nautilus_mission/share/nautilus_mission/environment/pythonpath.dsv\n'}
[9.504814] (nautilus_mission) StdoutLine: {'line': b'-- Installing: /home/nautilus/NautilusSW/nautilus_ws/install/nautilus_mission/local/lib/python3.10/dist-packages/nautilus_mission-0.0.0-py3.10.egg-info\n'}
[9.505148] (nautilus_mission) StdoutLine: {'line': b'-- Installing: /home/nautilus/NautilusSW/nautilus_ws/install/nautilus_mission/local/lib/python3.10/dist-packages/nautilus_mission-0.0.0-py3.10.egg-info/SOURCES.txt\n'}
[9.505519] (nautilus_mission) StdoutLine: {'line': b'-- Installing: /home/nautilus/NautilusSW/nautilus_ws/install/nautilus_mission/local/lib/python3.10/dist-packages/nautilus_mission-0.0.0-py3.10.egg-info/PKG-INFO\n'}
[9.505859] (nautilus_mission) StdoutLine: {'line': b'-- Installing: /home/nautilus/NautilusSW/nautilus_ws/install/nautilus_mission/local/lib/python3.10/dist-packages/nautilus_mission-0.0.0-py3.10.egg-info/dependency_links.txt\n'}
[9.506155] (nautilus_mission) StdoutLine: {'line': b'-- Installing: /home/nautilus/NautilusSW/nautilus_ws/install/nautilus_mission/local/lib/python3.10/dist-packages/nautilus_mission-0.0.0-py3.10.egg-info/top_level.txt\n'}
[9.506461] (nautilus_mission) StdoutLine: {'line': b'-- Installing: /home/nautilus/NautilusSW/nautilus_ws/install/nautilus_mission/local/lib/python3.10/dist-packages/nautilus_mission\n'}
[9.506749] (nautilus_mission) StdoutLine: {'line': b'-- Installing: /home/nautilus/NautilusSW/nautilus_ws/install/nautilus_mission/local/lib/python3.10/dist-packages/nautilus_mission/state_machine.py\n'}
[9.506983] (nautilus_mission) StdoutLine: {'line': b'-- Installing: /home/nautilus/NautilusSW/nautilus_ws/install/nautilus_mission/local/lib/python3.10/dist-packages/nautilus_mission/__init__.py\n'}
[9.519222] (-) TimerEvent: {}
[9.528079] (nautilus_sensors) StdoutLine: {'line': b'creating DVL.egg-info\n'}
[9.528885] (nautilus_sensors) StdoutLine: {'line': b'writing DVL.egg-info/PKG-INFO\n'}
[9.529633] (nautilus_sensors) StdoutLine: {'line': b'writing dependency_links to DVL.egg-info/dependency_links.txt\n'}
[9.530352] (nautilus_sensors) StdoutLine: {'line': b'writing top-level names to DVL.egg-info/top_level.txt\n'}
[9.530583] (nautilus_sensors) StdoutLine: {'line': b"writing manifest file 'DVL.egg-info/SOURCES.txt'\n"}
[9.572261] (nautilus_sensors) StdoutLine: {'line': b'running egg_info\n'}
[9.577566] (nautilus_mission) StdoutLine: {'line': b"Listing '/home/nautilus/NautilusSW/nautilus_ws/install/nautilus_mission/local/lib/python3.10/dist-packages/nautilus_mission'...\n"}
[9.577786] (nautilus_mission) StdoutLine: {'line': b"Compiling '/home/nautilus/NautilusSW/nautilus_ws/install/nautilus_mission/local/lib/python3.10/dist-packages/nautilus_mission/__init__.py'...\n"}
[9.577911] (nautilus_mission) StdoutLine: {'line': b"Compiling '/home/nautilus/NautilusSW/nautilus_ws/install/nautilus_mission/local/lib/python3.10/dist-packages/nautilus_mission/state_machine.py'...\n"}
[9.589676] (nautilus_mission) StdoutLine: {'line': b'-- Installing: /home/nautilus/NautilusSW/nautilus_ws/install/nautilus_mission/share/ament_index/resource_index/package_run_dependencies/nautilus_mission\n'}
[9.590103] (nautilus_mission) StdoutLine: {'line': b'-- Installing: /home/nautilus/NautilusSW/nautilus_ws/install/nautilus_mission/share/ament_index/resource_index/parent_prefix_path/nautilus_mission\n'}
[9.590368] (nautilus_mission) StdoutLine: {'line': b'-- Installing: /home/nautilus/NautilusSW/nautilus_ws/install/nautilus_mission/share/nautilus_mission/environment/ament_prefix_path.sh\n'}
[9.590623] (nautilus_mission) StdoutLine: {'line': b'-- Installing: /home/nautilus/NautilusSW/nautilus_ws/install/nautilus_mission/share/nautilus_mission/environment/ament_prefix_path.dsv\n'}
[9.590878] (nautilus_mission) StdoutLine: {'line': b'-- Installing: /home/nautilus/NautilusSW/nautilus_ws/install/nautilus_mission/share/nautilus_mission/environment/path.sh\n'}
[9.591099] (nautilus_mission) StdoutLine: {'line': b'-- Installing: /home/nautilus/NautilusSW/nautilus_ws/install/nautilus_mission/share/nautilus_mission/environment/path.dsv\n'}
[9.591326] (nautilus_mission) StdoutLine: {'line': b'-- Installing: /home/nautilus/NautilusSW/nautilus_ws/install/nautilus_mission/share/nautilus_mission/local_setup.bash\n'}
[9.591553] (nautilus_mission) StdoutLine: {'line': b'-- Installing: /home/nautilus/NautilusSW/nautilus_ws/install/nautilus_mission/share/nautilus_mission/local_setup.sh\n'}
[9.591787] (nautilus_mission) StdoutLine: {'line': b'-- Installing: /home/nautilus/NautilusSW/nautilus_ws/install/nautilus_mission/share/nautilus_mission/local_setup.zsh\n'}
[9.592032] (nautilus_mission) StdoutLine: {'line': b'-- Installing: /home/nautilus/NautilusSW/nautilus_ws/install/nautilus_mission/share/nautilus_mission/local_setup.dsv\n'}
[9.592261] (nautilus_mission) StdoutLine: {'line': b'-- Installing: /home/nautilus/NautilusSW/nautilus_ws/install/nautilus_mission/share/nautilus_mission/package.dsv\n'}
[9.592591] (nautilus_mission) StdoutLine: {'line': b'-- Installing: /home/nautilus/NautilusSW/nautilus_ws/install/nautilus_mission/share/ament_index/resource_index/packages/nautilus_mission\n'}
[9.592882] (nautilus_mission) StdoutLine: {'line': b'-- Installing: /home/nautilus/NautilusSW/nautilus_ws/install/nautilus_mission/share/nautilus_mission/cmake/nautilus_missionConfig.cmake\n'}
[9.593103] (nautilus_mission) StdoutLine: {'line': b'-- Installing: /home/nautilus/NautilusSW/nautilus_ws/install/nautilus_mission/share/nautilus_mission/cmake/nautilus_missionConfig-version.cmake\n'}
[9.593323] (nautilus_mission) StdoutLine: {'line': b'-- Installing: /home/nautilus/NautilusSW/nautilus_ws/install/nautilus_mission/share/nautilus_mission/package.xml\n'}
[9.598387] (nautilus_mission) CommandEnded: {'returncode': 0}
[9.605926] (nautilus_sensors) StdoutLine: {'line': b'creating vision.egg-info\n'}
[9.606954] (nautilus_sensors) StdoutLine: {'line': b'writing vision.egg-info/PKG-INFO\n'}
[9.607196] (nautilus_sensors) StdoutLine: {'line': b'writing dependency_links to vision.egg-info/dependency_links.txt\n'}
[9.607796] (nautilus_sensors) StdoutLine: {'line': b'writing top-level names to vision.egg-info/top_level.txt\n'}
[9.608069] (nautilus_sensors) StdoutLine: {'line': b"writing manifest file 'vision.egg-info/SOURCES.txt'\n"}
[9.619553] (-) TimerEvent: {}
[9.629156] (nautilus_sensors) StdoutLine: {'line': b"reading manifest file 'DVL.egg-info/SOURCES.txt'\n"}
[9.630873] (nautilus_sensors) StdoutLine: {'line': b"writing manifest file 'DVL.egg-info/SOURCES.txt'\n"}
[9.698456] (nautilus_sensors) StdoutLine: {'line': b'Built target ament_cmake_python_build_DVL_egg\n'}
[9.705447] (nautilus_sensors) StdoutLine: {'line': b"reading manifest file 'vision.egg-info/SOURCES.txt'\n"}
[9.707208] (nautilus_sensors) StdoutLine: {'line': b"writing manifest file 'vision.egg-info/SOURCES.txt'\n"}
[9.719690] (-) TimerEvent: {}
[9.780479] (nautilus_sensors) StdoutLine: {'line': b'Built target ament_cmake_python_build_vision_egg\n'}
[9.819954] (-) TimerEvent: {}
[9.921045] (-) TimerEvent: {}
[10.021768] (-) TimerEvent: {}
[10.122770] (-) TimerEvent: {}
[10.223656] (-) TimerEvent: {}
[10.324525] (-) TimerEvent: {}
[10.425286] (-) TimerEvent: {}
[10.526049] (-) TimerEvent: {}
[10.626800] (-) TimerEvent: {}
[10.727530] (-) TimerEvent: {}
[10.828275] (-) TimerEvent: {}
[10.870401] (nautilus_mission) JobEnded: {'identifier': 'nautilus_mission', 'rc': 0}
[10.873580] (nautilus_sensors) CommandEnded: {'returncode': 0}
[10.875909] (nautilus_sensors) JobProgress: {'identifier': 'nautilus_sensors', 'progress': 'install'}
[10.876783] (nautilus_sensors) Command: {'cmd': ['/usr/bin/cmake', '--install', '/home/nautilus/NautilusSW/nautilus_ws/build/nautilus_sensors'], 'cwd': '/home/nautilus/NautilusSW/nautilus_ws/build/nautilus_sensors', 'env': OrderedDict([('LESSOPEN', '| /usr/bin/lesspipe %s'), ('USER', 'nautilus'), ('XDG_SESSION_TYPE', 'x11'), ('SHLVL', '1'), ('LD_LIBRARY_PATH', '/opt/ros/humble/opt/rviz_ogre_vendor/lib:/opt/ros/humble/lib/aarch64-linux-gnu:/opt/ros/humble/lib'), ('HOME', '/home/nautilus'), ('DESKTOP_SESSION', 'ubuntu'), ('ROS_PYTHON_VERSION', '3'), ('GNOME_SHELL_SESSION_MODE', 'ubuntu'), ('GTK_MODULES', 'gail:atk-bridge'), ('DBUS_STARTER_BUS_TYPE', 'session'), ('SYSTEMD_EXEC_PID', '1772'), ('DBUS_SESSION_BUS_ADDRESS', 'unix:path=/run/user/1000/bus,guid=74938106cd4c71d5d648881669ebbd10'), ('COLORTERM', 'truecolor'), ('IM_CONFIG_PHASE', '1'), ('ROS_DISTRO', 'humble'), ('GTK_IM_MODULE', 'ibus'), ('LOGNAME', 'nautilus'), ('_', '/usr/bin/colcon'), ('ROS_VERSION', '2'), ('XDG_SESSION_CLASS', 'user'), ('USERNAME', 'nautilus'), ('TERM', 'xterm-256color'), ('GNOME_DESKTOP_SESSION_ID', 'this-is-deprecated'), ('ROS_LOCALHOST_ONLY', '0'), ('WINDOWPATH', '2'), ('PATH', '/opt/ros/humble/bin:/home/nautilus/.local/bin:/home/nautilus/.local/bin:/usr/local/sbin:/usr/local/bin:/usr/sbin:/usr/bin:/sbin:/bin:/usr/games:/usr/local/games:/snap/bin:/home/nautilus/.local/bin'), ('SESSION_MANAGER', 'local/nautilus-desktop:@/tmp/.ICE-unix/1772,unix/nautilus-desktop:/tmp/.ICE-unix/1772'), ('XDG_MENU_PREFIX', 'gnome-'), ('GNOME_TERMINAL_SCREEN', '/org/gnome/Terminal/screen/6369f139_43ee_4edf_880e_cb00aef0d88f'), ('XDG_RUNTIME_DIR', '/run/user/1000'), ('DISPLAY', ':0'), ('LANG', 'en_US.UTF-8'), ('XDG_CURRENT_DESKTOP', 'ubuntu:GNOME'), ('XMODIFIERS', '@im=ibus'), ('XDG_SESSION_DESKTOP', 'ubuntu'), ('XAUTHORITY', '/run/user/1000/gdm/Xauthority'), ('LS_COLORS', 'rs=0:di=01;34:ln=01;36:mh=00:pi=40;33:so=01;35:do=01;35:bd=40;33;01:cd=40;33;01:or=40;31;01:mi=00:su=37;41:sg=30;43:ca=30;41:tw=30;42:ow=34;42:st=37;44:ex=01;32:*.tar=01;31:*.tgz=01;31:*.arc=01;31:*.arj=01;31:*.taz=01;31:*.lha=01;31:*.lz4=01;31:*.lzh=01;31:*.lzma=01;31:*.tlz=01;31:*.txz=01;31:*.tzo=01;31:*.t7z=01;31:*.zip=01;31:*.z=01;31:*.dz=01;31:*.gz=01;31:*.lrz=01;31:*.lz=01;31:*.lzo=01;31:*.xz=01;31:*.zst=01;31:*.tzst=01;31:*.bz2=01;31:*.bz=01;31:*.tbz=01;31:*.tbz2=01;31:*.tz=01;31:*.deb=01;31:*.rpm=01;31:*.jar=01;31:*.war=01;31:*.ear=01;31:*.sar=01;31:*.rar=01;31:*.alz=01;31:*.ace=01;31:*.zoo=01;31:*.cpio=01;31:*.7z=01;31:*.rz=01;31:*.cab=01;31:*.wim=01;31:*.swm=01;31:*.dwm=01;31:*.esd=01;31:*.jpg=01;35:*.jpeg=01;35:*.mjpg=01;35:*.mjpeg=01;35:*.gif=01;35:*.bmp=01;35:*.pbm=01;35:*.pgm=01;35:*.ppm=01;35:*.tga=01;35:*.xbm=01;35:*.xpm=01;35:*.tif=01;35:*.tiff=01;35:*.png=01;35:*.svg=01;35:*.svgz=01;35:*.mng=01;35:*.pcx=01;35:*.mov=01;35:*.mpg=01;35:*.mpeg=01;35:*.m2v=01;35:*.mkv=01;35:*.webm=01;35:*.webp=01;35:*.ogm=01;35:*.mp4=01;35:*.m4v=01;35:*.mp4v=01;35:*.vob=01;35:*.qt=01;35:*.nuv=01;35:*.wmv=01;35:*.asf=01;35:*.rm=01;35:*.rmvb=01;35:*.flc=01;35:*.avi=01;35:*.fli=01;35:*.flv=01;35:*.gl=01;35:*.dl=01;35:*.xcf=01;35:*.xwd=01;35:*.yuv=01;35:*.cgm=01;35:*.emf=01;35:*.ogv=01;35:*.ogx=01;35:*.aac=00;36:*.au=00;36:*.flac=00;36:*.m4a=00;36:*.mid=00;36:*.midi=00;36:*.mka=00;36:*.mp3=00;36:*.mpc=00;36:*.ogg=00;36:*.ra=00;36:*.wav=00;36:*.oga=00;36:*.opus=00;36:*.spx=00;36:*.xspf=00;36:'), ('GNOME_TERMINAL_SERVICE', ':1.101'), ('SSH_AGENT_LAUNCHER', 'gnome-keyring'), ('SSH_AUTH_SOCK', '/run/user/1000/keyring/ssh'), ('AMENT_PREFIX_PATH', '/home/nautilus/NautilusSW/nautilus_ws/install/nautilus_bringup:/opt/ros/humble'), ('SHELL', '/bin/bash'), ('QT_ACCESSIBILITY', '1'), ('GDMSESSION', 'ubuntu'), ('LESSCLOSE', '/usr/bin/lesspipe %s %s'), ('GPG_AGENT_INFO', '/run/user/1000/gnupg/S.gpg-agent:0:1'), ('QT_IM_MODULE', 'ibus'), ('PWD', '/home/nautilus/NautilusSW/nautilus_ws/build/nautilus_sensors'), ('LC_ALL', 'en_US.UTF-8'), ('XDG_CONFIG_DIRS', '/etc/xdg/xdg-ubuntu:/etc/xdg'), ('DBUS_STARTER_ADDRESS', 'unix:path=/run/user/1000/bus,guid=74938106cd4c71d5d648881669ebbd10'), ('XDG_DATA_DIRS', '/usr/share/ubuntu:/usr/share/gnome:/usr/local/share/:/usr/share/'), ('PYTHONPATH', '/home/nautilus/NautilusSW/nautilus_ws/install/nautilus_bringup/local/lib/python3.10/dist-packages:/opt/ros/humble/lib/python3.10/site-packages:/opt/ros/humble/local/lib/python3.10/dist-packages'), ('COLCON', '1'), ('VTE_VERSION', '6800'), ('CMAKE_PREFIX_PATH', '/home/nautilus/NautilusSW/nautilus_ws/install/nautilus_bringup:/opt/ros/humble')]), 'shell': False}
[10.899893] (nautilus_sensors) StdoutLine: {'line': b'-- Install configuration: ""\n'}
[10.900632] (nautilus_sensors) StdoutLine: {'line': b'-- Installing: /home/nautilus/NautilusSW/nautilus_ws/install/nautilus_sensors/share/nautilus_sensors/environment/pythonpath.sh\n'}
[10.901001] (nautilus_sensors) StdoutLine: {'line': b'-- Installing: /home/nautilus/NautilusSW/nautilus_ws/install/nautilus_sensors/share/nautilus_sensors/environment/pythonpath.dsv\n'}
[10.901330] (nautilus_sensors) StdoutLine: {'line': b'-- Installing: /home/nautilus/NautilusSW/nautilus_ws/install/nautilus_sensors/local/lib/python3.10/dist-packages/DVL-0.0.0-py3.10.egg-info\n'}
[10.901689] (nautilus_sensors) StdoutLine: {'line': b'-- Installing: /home/nautilus/NautilusSW/nautilus_ws/install/nautilus_sensors/local/lib/python3.10/dist-packages/DVL-0.0.0-py3.10.egg-info/SOURCES.txt\n'}
[10.902036] (nautilus_sensors) StdoutLine: {'line': b'-- Installing: /home/nautilus/NautilusSW/nautilus_ws/install/nautilus_sensors/local/lib/python3.10/dist-packages/DVL-0.0.0-py3.10.egg-info/PKG-INFO\n'}
[10.902345] (nautilus_sensors) StdoutLine: {'line': b'-- Installing: /home/nautilus/NautilusSW/nautilus_ws/install/nautilus_sensors/local/lib/python3.10/dist-packages/DVL-0.0.0-py3.10.egg-info/dependency_links.txt\n'}
[10.902647] (nautilus_sensors) StdoutLine: {'line': b'-- Installing: /home/nautilus/NautilusSW/nautilus_ws/install/nautilus_sensors/local/lib/python3.10/dist-packages/DVL-0.0.0-py3.10.egg-info/top_level.txt\n'}
[10.902931] (nautilus_sensors) StdoutLine: {'line': b'-- Installing: /home/nautilus/NautilusSW/nautilus_ws/install/nautilus_sensors/local/lib/python3.10/dist-packages/DVL\n'}
[10.903257] (nautilus_sensors) StdoutLine: {'line': b'-- Installing: /home/nautilus/NautilusSW/nautilus_ws/install/nautilus_sensors/local/lib/python3.10/dist-packages/DVL/fake_dvl.py\n'}
[10.903548] (nautilus_sensors) StdoutLine: {'line': b'-- Installing: /home/nautilus/NautilusSW/nautilus_ws/install/nautilus_sensors/local/lib/python3.10/dist-packages/DVL/README.md\n'}
[10.903778] (nautilus_sensors) StdoutLine: {'line': b'-- Installing: /home/nautilus/NautilusSW/nautilus_ws/install/nautilus_sensors/local/lib/python3.10/dist-packages/DVL/dvl_sensor_node.py\n'}
[10.904043] (nautilus_sensors) StdoutLine: {'line': b'-- Installing: /home/nautilus/NautilusSW/nautilus_ws/install/nautilus_sensors/local/lib/python3.10/dist-packages/DVL/__init__.py\n'}
[10.928392] (-) TimerEvent: {}
[10.978701] (nautilus_sensors) StdoutLine: {'line': b"Listing '/home/nautilus/NautilusSW/nautilus_ws/install/nautilus_sensors/local/lib/python3.10/dist-packages/DVL'...\n"}
[10.979313] (nautilus_sensors) StdoutLine: {'line': b"Compiling '/home/nautilus/NautilusSW/nautilus_ws/install/nautilus_sensors/local/lib/python3.10/dist-packages/DVL/__init__.py'...\n"}
[10.979605] (nautilus_sensors) StdoutLine: {'line': b"Compiling '/home/nautilus/NautilusSW/nautilus_ws/install/nautilus_sensors/local/lib/python3.10/dist-packages/DVL/dvl_sensor_node.py'...\n"}
[10.979865] (nautilus_sensors) StdoutLine: {'line': b"Compiling '/home/nautilus/NautilusSW/nautilus_ws/install/nautilus_sensors/local/lib/python3.10/dist-packages/DVL/fake_dvl.py'...\n"}
[10.990252] (nautilus_sensors) StdoutLine: {'line': b'-- Installing: /home/nautilus/NautilusSW/nautilus_ws/install/nautilus_sensors/local/lib/python3.10/dist-packages/vision-0.0.0-py3.10.egg-info\n'}
[10.990597] (nautilus_sensors) StdoutLine: {'line': b'-- Installing: /home/nautilus/NautilusSW/nautilus_ws/install/nautilus_sensors/local/lib/python3.10/dist-packages/vision-0.0.0-py3.10.egg-info/SOURCES.txt\n'}
[10.990937] (nautilus_sensors) StdoutLine: {'line': b'-- Installing: /home/nautilus/NautilusSW/nautilus_ws/install/nautilus_sensors/local/lib/python3.10/dist-packages/vision-0.0.0-py3.10.egg-info/PKG-INFO\n'}
[10.991274] (nautilus_sensors) StdoutLine: {'line': b'-- Installing: /home/nautilus/NautilusSW/nautilus_ws/install/nautilus_sensors/local/lib/python3.10/dist-packages/vision-0.0.0-py3.10.egg-info/dependency_links.txt\n'}
[10.991607] (nautilus_sensors) StdoutLine: {'line': b'-- Installing: /home/nautilus/NautilusSW/nautilus_ws/install/nautilus_sensors/local/lib/python3.10/dist-packages/vision-0.0.0-py3.10.egg-info/top_level.txt\n'}
[10.991891] (nautilus_sensors) StdoutLine: {'line': b'-- Installing: /home/nautilus/NautilusSW/nautilus_ws/install/nautilus_sensors/local/lib/python3.10/dist-packages/vision\n'}
[10.992178] (nautilus_sensors) StdoutLine: {'line': b'-- Installing: /home/nautilus/NautilusSW/nautilus_ws/install/nautilus_sensors/local/lib/python3.10/dist-packages/vision/yolo_models\n'}
[10.992409] (nautilus_sensors) StdoutLine: {'line': b'-- Installing: /home/nautilus/NautilusSW/nautilus_ws/install/nautilus_sensors/local/lib/python3.10/dist-packages/vision/yolo_models/model_sim.pt\n'}
[11.009892] (nautilus_sensors) StdoutLine: {'line': b'-- Installing: /home/nautilus/NautilusSW/nautilus_ws/install/nautilus_sensors/local/lib/python3.10/dist-packages/vision/yolo_models/Model_Realtime_18_mars.pt\n'}
[11.028482] (-) TimerEvent: {}
[11.029815] (nautilus_sensors) StdoutLine: {'line': b'-- Installing: /home/nautilus/NautilusSW/nautilus_ws/install/nautilus_sensors/local/lib/python3.10/dist-packages/vision/yolo_models/model_sim_low_res_openvino_model\n'}
[11.030191] (nautilus_sensors) StdoutLine: {'line': b'-- Installing: /home/nautilus/NautilusSW/nautilus_ws/install/nautilus_sensors/local/lib/python3.10/dist-packages/vision/yolo_models/model_sim_low_res_openvino_model/model_sim_low_res.bin\n'}
[11.059882] (nautilus_sensors) StdoutLine: {'line': b'-- Installing: /home/nautilus/NautilusSW/nautilus_ws/install/nautilus_sensors/local/lib/python3.10/dist-packages/vision/yolo_models/model_sim_low_res_openvino_model/model_sim_low_res.xml\n'}
[11.061090] (nautilus_sensors) StdoutLine: {'line': b'-- Installing: /home/nautilus/NautilusSW/nautilus_ws/install/nautilus_sensors/local/lib/python3.10/dist-packages/vision/yolo_models/model_sim_low_res_openvino_model/metadata.yaml\n'}
[11.061403] (nautilus_sensors) StdoutLine: {'line': b'-- Installing: /home/nautilus/NautilusSW/nautilus_ws/install/nautilus_sensors/local/lib/python3.10/dist-packages/vision/yolo_models/model_sim_low_res.pt\n'}
[11.073343] (nautilus_sensors) StdoutLine: {'line': b'-- Installing: /home/nautilus/NautilusSW/nautilus_ws/install/nautilus_sensors/local/lib/python3.10/dist-packages/vision/yolo_models/best.pt\n'}
[11.084480] (nautilus_sensors) StdoutLine: {'line': b'-- Installing: /home/nautilus/NautilusSW/nautilus_ws/install/nautilus_sensors/local/lib/python3.10/dist-packages/vision/yolo_models/model_sim_openvino_model\n'}
[11.084806] (nautilus_sensors) StdoutLine: {'line': b'-- Installing: /home/nautilus/NautilusSW/nautilus_ws/install/nautilus_sensors/local/lib/python3.10/dist-packages/vision/yolo_models/model_sim_openvino_model/metadata.yaml\n'}
[11.085105] (nautilus_sensors) StdoutLine: {'line': b'-- Installing: /home/nautilus/NautilusSW/nautilus_ws/install/nautilus_sensors/local/lib/python3.10/dist-packages/vision/yolo_models/model_sim_openvino_model/model_sim.bin\n'}
[11.103439] (nautilus_sensors) StdoutLine: {'line': b'-- Installing: /home/nautilus/NautilusSW/nautilus_ws/install/nautilus_sensors/local/lib/python3.10/dist-packages/vision/yolo_models/model_sim_openvino_model/model_sim.xml\n'}
[11.104098] (nautilus_sensors) StdoutLine: {'line': b'-- Installing: /home/nautilus/NautilusSW/nautilus_ws/install/nautilus_sensors/local/lib/python3.10/dist-packages/vision/stream.py\n'}
[11.104399] (nautilus_sensors) StdoutLine: {'line': b'-- Installing: /home/nautilus/NautilusSW/nautilus_ws/install/nautilus_sensors/local/lib/python3.10/dist-packages/vision/Pixel_and_depth.py\n'}
[11.104732] (nautilus_sensors) StdoutLine: {'line': b'-- Installing: /home/nautilus/NautilusSW/nautilus_ws/install/nautilus_sensors/local/lib/python3.10/dist-packages/vision/__init__.py\n'}
[11.105017] (nautilus_sensors) StdoutLine: {'line': b'-- Installing: /home/nautilus/NautilusSW/nautilus_ws/install/nautilus_sensors/local/lib/python3.10/dist-packages/vision/Angle_between_object.py\n'}
[11.105240] (nautilus_sensors) StdoutLine: {'line': b'-- Installing: /home/nautilus/NautilusSW/nautilus_ws/install/nautilus_sensors/local/lib/python3.10/dist-packages/vision/yolo_pipeline.py\n'}
[11.128574] (-) TimerEvent: {}
[11.179151] (nautilus_sensors) StdoutLine: {'line': b"Listing '/home/nautilus/NautilusSW/nautilus_ws/install/nautilus_sensors/local/lib/python3.10/dist-packages/vision'...\n"}
[11.179501] (nautilus_sensors) StdoutLine: {'line': b"Compiling '/home/nautilus/NautilusSW/nautilus_ws/install/nautilus_sensors/local/lib/python3.10/dist-packages/vision/Angle_between_object.py'...\n"}
[11.179742] (nautilus_sensors) StdoutLine: {'line': b"Compiling '/home/nautilus/NautilusSW/nautilus_ws/install/nautilus_sensors/local/lib/python3.10/dist-packages/vision/Pixel_and_depth.py'...\n"}
[11.180037] (nautilus_sensors) StdoutLine: {'line': b"Compiling '/home/nautilus/NautilusSW/nautilus_ws/install/nautilus_sensors/local/lib/python3.10/dist-packages/vision/__init__.py'...\n"}
[11.180278] (nautilus_sensors) StdoutLine: {'line': b"Compiling '/home/nautilus/NautilusSW/nautilus_ws/install/nautilus_sensors/local/lib/python3.10/dist-packages/vision/stream.py'...\n"}
[11.180543] (nautilus_sensors) StdoutLine: {'line': b"Listing '/home/nautilus/NautilusSW/nautilus_ws/install/nautilus_sensors/local/lib/python3.10/dist-packages/vision/yolo_models'...\n"}
[11.180768] (nautilus_sensors) StdoutLine: {'line': b"Listing '/home/nautilus/NautilusSW/nautilus_ws/install/nautilus_sensors/local/lib/python3.10/dist-packages/vision/yolo_models/model_sim_low_res_openvino_model'...\n"}
[11.180985] (nautilus_sensors) StdoutLine: {'line': b"Listing '/home/nautilus/NautilusSW/nautilus_ws/install/nautilus_sensors/local/lib/python3.10/dist-packages/vision/yolo_models/model_sim_openvino_model'...\n"}
[11.181204] (nautilus_sensors) StdoutLine: {'line': b"Compiling '/home/nautilus/NautilusSW/nautilus_ws/install/nautilus_sensors/local/lib/python3.10/dist-packages/vision/yolo_pipeline.py'...\n"}
[11.190002] (nautilus_sensors) StdoutLine: {'line': b'-- Installing: /home/nautilus/NautilusSW/nautilus_ws/install/nautilus_sensors/lib/nautilus_sensors/fake_dvl\n'}
[11.190369] (nautilus_sensors) StdoutLine: {'line': b'-- Installing: /home/nautilus/NautilusSW/nautilus_ws/install/nautilus_sensors/lib/nautilus_sensors/dvl_sensor_node\n'}
[11.190671] (nautilus_sensors) StdoutLine: {'line': b'-- Installing: /home/nautilus/NautilusSW/nautilus_ws/install/nautilus_sensors/lib/nautilus_sensors/stream\n'}
[11.190952] (nautilus_sensors) StdoutLine: {'line': b'-- Installing: /home/nautilus/NautilusSW/nautilus_ws/install/nautilus_sensors/lib/nautilus_sensors/yolo_pipeline\n'}
[11.191240] (nautilus_sensors) StdoutLine: {'line': b'-- Installing: /home/nautilus/NautilusSW/nautilus_ws/install/nautilus_sensors/share/nautilus_sensors/DVl\n'}
[11.191557] (nautilus_sensors) StdoutLine: {'line': b'-- Installing: /home/nautilus/NautilusSW/nautilus_ws/install/nautilus_sensors/share/nautilus_sensors/DVl/fake_dvl.py\n'}
[11.191864] (nautilus_sensors) StdoutLine: {'line': b'-- Installing: /home/nautilus/NautilusSW/nautilus_ws/install/nautilus_sensors/share/nautilus_sensors/DVl/README.md\n'}
[11.192191] (nautilus_sensors) StdoutLine: {'line': b'-- Installing: /home/nautilus/NautilusSW/nautilus_ws/install/nautilus_sensors/share/nautilus_sensors/DVl/dvl_sensor_node.py\n'}
[11.192459] (nautilus_sensors) StdoutLine: {'line': b'-- Installing: /home/nautilus/NautilusSW/nautilus_ws/install/nautilus_sensors/share/nautilus_sensors/DVl/__init__.py\n'}
[11.192744] (nautilus_sensors) StdoutLine: {'line': b'-- Installing: /home/nautilus/NautilusSW/nautilus_ws/install/nautilus_sensors/share/nautilus_sensors/vision\n'}
[11.192970] (nautilus_sensors) StdoutLine: {'line': b'-- Installing: /home/nautilus/NautilusSW/nautilus_ws/install/nautilus_sensors/share/nautilus_sensors/vision/yolo_models\n'}
[11.193189] (nautilus_sensors) StdoutLine: {'line': b'-- Installing: /home/nautilus/NautilusSW/nautilus_ws/install/nautilus_sensors/share/nautilus_sensors/vision/yolo_models/model_sim.pt\n'}
[11.205221] (nautilus_sensors) StdoutLine: {'line': b'-- Installing: /home/nautilus/NautilusSW/nautilus_ws/install/nautilus_sensors/share/nautilus_sensors/vision/yolo_models/Model_Realtime_18_mars.pt\n'}
[11.219000] (nautilus_sensors) StdoutLine: {'line': b'-- Installing: /home/nautilus/NautilusSW/nautilus_ws/install/nautilus_sensors/share/nautilus_sensors/vision/yolo_models/model_sim_low_res_openvino_model\n'}
[11.219348] (nautilus_sensors) StdoutLine: {'line': b'-- Installing: /home/nautilus/NautilusSW/nautilus_ws/install/nautilus_sensors/share/nautilus_sensors/vision/yolo_models/model_sim_low_res_openvino_model/model_sim_low_res.bin\n'}
[11.228663] (-) TimerEvent: {}
[11.245600] (nautilus_sensors) StdoutLine: {'line': b'-- Installing: /home/nautilus/NautilusSW/nautilus_ws/install/nautilus_sensors/share/nautilus_sensors/vision/yolo_models/model_sim_low_res_openvino_model/model_sim_low_res.xml\n'}
[11.246512] (nautilus_sensors) StdoutLine: {'line': b'-- Installing: /home/nautilus/NautilusSW/nautilus_ws/install/nautilus_sensors/share/nautilus_sensors/vision/yolo_models/model_sim_low_res_openvino_model/metadata.yaml\n'}
[11.246832] (nautilus_sensors) StdoutLine: {'line': b'-- Installing: /home/nautilus/NautilusSW/nautilus_ws/install/nautilus_sensors/share/nautilus_sensors/vision/yolo_models/model_sim_low_res.pt\n'}
[11.259749] (nautilus_sensors) StdoutLine: {'line': b'-- Installing: /home/nautilus/NautilusSW/nautilus_ws/install/nautilus_sensors/share/nautilus_sensors/vision/yolo_models/best.pt\n'}
[11.270122] (nautilus_sensors) StdoutLine: {'line': b'-- Installing: /home/nautilus/NautilusSW/nautilus_ws/install/nautilus_sensors/share/nautilus_sensors/vision/yolo_models/model_sim_openvino_model\n'}
[11.270536] (nautilus_sensors) StdoutLine: {'line': b'-- Installing: /home/nautilus/NautilusSW/nautilus_ws/install/nautilus_sensors/share/nautilus_sensors/vision/yolo_models/model_sim_openvino_model/metadata.yaml\n'}
[11.270827] (nautilus_sensors) StdoutLine: {'line': b'-- Installing: /home/nautilus/NautilusSW/nautilus_ws/install/nautilus_sensors/share/nautilus_sensors/vision/yolo_models/model_sim_openvino_model/model_sim.bin\n'}
[11.289171] (nautilus_sensors) StdoutLine: {'line': b'-- Installing: /home/nautilus/NautilusSW/nautilus_ws/install/nautilus_sensors/share/nautilus_sensors/vision/yolo_models/model_sim_openvino_model/model_sim.xml\n'}
[11.289773] (nautilus_sensors) StdoutLine: {'line': b'-- Installing: /home/nautilus/NautilusSW/nautilus_ws/install/nautilus_sensors/share/nautilus_sensors/vision/stream.py\n'}
[11.290074] (nautilus_sensors) StdoutLine: {'line': b'-- Installing: /home/nautilus/NautilusSW/nautilus_ws/install/nautilus_sensors/share/nautilus_sensors/vision/Pixel_and_depth.py\n'}
[11.290395] (nautilus_sensors) StdoutLine: {'line': b'-- Installing: /home/nautilus/NautilusSW/nautilus_ws/install/nautilus_sensors/share/nautilus_sensors/vision/__init__.py\n'}
[11.290719] (nautilus_sensors) StdoutLine: {'line': b'-- Installing: /home/nautilus/NautilusSW/nautilus_ws/install/nautilus_sensors/share/nautilus_sensors/vision/Angle_between_object.py\n'}
[11.290995] (nautilus_sensors) StdoutLine: {'line': b'-- Installing: /home/nautilus/NautilusSW/nautilus_ws/install/nautilus_sensors/share/nautilus_sensors/vision/yolo_pipeline.py\n'}
[11.291223] (nautilus_sensors) StdoutLine: {'line': b'-- Installing: /home/nautilus/NautilusSW/nautilus_ws/install/nautilus_sensors/share/nautilus_sensors/package.xml\n'}
[11.291523] (nautilus_sensors) StdoutLine: {'line': b'-- Installing: /home/nautilus/NautilusSW/nautilus_ws/install/nautilus_sensors/share/ament_index/resource_index/package_run_dependencies/nautilus_sensors\n'}
[11.291811] (nautilus_sensors) StdoutLine: {'line': b'-- Installing: /home/nautilus/NautilusSW/nautilus_ws/install/nautilus_sensors/share/ament_index/resource_index/parent_prefix_path/nautilus_sensors\n'}
[11.292174] (nautilus_sensors) StdoutLine: {'line': b'-- Installing: /home/nautilus/NautilusSW/nautilus_ws/install/nautilus_sensors/share/nautilus_sensors/environment/ament_prefix_path.sh\n'}
[11.292453] (nautilus_sensors) StdoutLine: {'line': b'-- Installing: /home/nautilus/NautilusSW/nautilus_ws/install/nautilus_sensors/share/nautilus_sensors/environment/ament_prefix_path.dsv\n'}
[11.292734] (nautilus_sensors) StdoutLine: {'line': b'-- Installing: /home/nautilus/NautilusSW/nautilus_ws/install/nautilus_sensors/share/nautilus_sensors/environment/path.sh\n'}
[11.293040] (nautilus_sensors) StdoutLine: {'line': b'-- Installing: /home/nautilus/NautilusSW/nautilus_ws/install/nautilus_sensors/share/nautilus_sensors/environment/path.dsv\n'}
[11.293318] (nautilus_sensors) StdoutLine: {'line': b'-- Installing: /home/nautilus/NautilusSW/nautilus_ws/install/nautilus_sensors/share/nautilus_sensors/local_setup.bash\n'}
[11.293619] (nautilus_sensors) StdoutLine: {'line': b'-- Installing: /home/nautilus/NautilusSW/nautilus_ws/install/nautilus_sensors/share/nautilus_sensors/local_setup.sh\n'}
[11.293894] (nautilus_sensors) StdoutLine: {'line': b'-- Installing: /home/nautilus/NautilusSW/nautilus_ws/install/nautilus_sensors/share/nautilus_sensors/local_setup.zsh\n'}
[11.294167] (nautilus_sensors) StdoutLine: {'line': b'-- Installing: /home/nautilus/NautilusSW/nautilus_ws/install/nautilus_sensors/share/nautilus_sensors/local_setup.dsv\n'}
[11.294475] (nautilus_sensors) StdoutLine: {'line': b'-- Installing: /home/nautilus/NautilusSW/nautilus_ws/install/nautilus_sensors/share/nautilus_sensors/package.dsv\n'}
[11.294751] (nautilus_sensors) StdoutLine: {'line': b'-- Installing: /home/nautilus/NautilusSW/nautilus_ws/install/nautilus_sensors/share/ament_index/resource_index/packages/nautilus_sensors\n'}
[11.294976] (nautilus_sensors) StdoutLine: {'line': b'-- Installing: /home/nautilus/NautilusSW/nautilus_ws/install/nautilus_sensors/share/nautilus_sensors/cmake/nautilus_sensorsConfig.cmake\n'}
[11.295194] (nautilus_sensors) StdoutLine: {'line': b'-- Installing: /home/nautilus/NautilusSW/nautilus_ws/install/nautilus_sensors/share/nautilus_sensors/cmake/nautilus_sensorsConfig-version.cmake\n'}
[11.295411] (nautilus_sensors) StdoutLine: {'line': b'-- Up-to-date: /home/nautilus/NautilusSW/nautilus_ws/install/nautilus_sensors/share/nautilus_sensors/package.xml\n'}
[11.298852] (nautilus_sensors) CommandEnded: {'returncode': 0}
[11.328861] (-) TimerEvent: {}
[11.351475] (nautilus_sensors) JobEnded: {'identifier': 'nautilus_sensors', 'rc': 0}
[11.354532] (-) EventReactorShutdown: {}
