[0.000000] (-) TimerEvent: {}
[0.000933] (nautilus_bringup) JobQueued: {'identifier': 'nautilus_bringup', 'dependencies': OrderedDict()}
[0.001176] (nautilus_controls) JobQueued: {'identifier': 'nautilus_controls', 'dependencies': OrderedDict()}
[0.001457] (nautilus_mission) JobQueued: {'identifier': 'nautilus_mission', 'dependencies': OrderedDict([('nautilus_controls', '/home/nautilus/NautilusSW/nautilus_ws/install/nautilus_controls')])}
[0.001557] (nautilus_sensors) JobQueued: {'identifier': 'nautilus_sensors', 'dependencies': OrderedDict([('nautilus_bringup', '/home/nautilus/NautilusSW/nautilus_ws/install/nautilus_bringup')])}
[0.001631] (nautilus_bringup) JobStarted: {'identifier': 'nautilus_bringup'}
[0.012493] (nautilus_controls) JobStarted: {'identifier': 'nautilus_controls'}
[0.021947] (nautilus_bringup) JobProgress: {'identifier': 'nautilus_bringup', 'progress': 'cmake'}
[0.023182] (nautilus_bringup) JobProgress: {'identifier': 'nautilus_bringup', 'progress': 'build'}
[0.024425] (nautilus_bringup) Command: {'cmd': ['/usr/bin/cmake', '--build', '/home/nautilus/NautilusSW/nautilus_ws/build/nautilus_bringup', '--', '-j6', '-l6'], 'cwd': '/home/nautilus/NautilusSW/nautilus_ws/build/nautilus_bringup', 'env': OrderedDict([('LESSOPEN', '| /usr/bin/lesspipe %s'), ('USER', 'nautilus'), ('XDG_SESSION_TYPE', 'x11'), ('SHLVL', '1'), ('LD_LIBRARY_PATH', '/opt/ros/humble/opt/rviz_ogre_vendor/lib:/opt/ros/humble/lib/aarch64-linux-gnu:/opt/ros/humble/lib'), ('HOME', '/home/nautilus'), ('DESKTOP_SESSION', 'ubuntu'), ('ROS_PYTHON_VERSION', '3'), ('GNOME_SHELL_SESSION_MODE', 'ubuntu'), ('GTK_MODULES', 'gail:atk-bridge'), ('DBUS_STARTER_BUS_TYPE', 'session'), ('SYSTEMD_EXEC_PID', '1772'), ('DBUS_SESSION_BUS_ADDRESS', 'unix:path=/run/user/1000/bus,guid=a767aa9cac47f1981b18af2d69efe150'), ('COLORTERM', 'truecolor'), ('IM_CONFIG_PHASE', '1'), ('COLCON_PREFIX_PATH', '/home/nautilus/NautilusSW/nautilus_ws/install'), ('ROS_DISTRO', 'humble'), ('GTK_IM_MODULE', 'ibus'), ('LOGNAME', 'nautilus'), ('_', '/usr/bin/colcon'), ('ROS_VERSION', '2'), ('XDG_SESSION_CLASS', 'user'), ('USERNAME', 'nautilus'), ('TERM', 'xterm-256color'), ('GNOME_DESKTOP_SESSION_ID', 'this-is-deprecated'), ('ROS_LOCALHOST_ONLY', '0'), ('WINDOWPATH', '2'), ('PATH', '/opt/ros/humble/bin:/home/nautilus/.local/bin:/home/nautilus/.local/bin:/usr/local/sbin:/usr/local/bin:/usr/sbin:/usr/bin:/sbin:/bin:/usr/games:/usr/local/games:/snap/bin:/home/nautilus/.local/bin'), ('SESSION_MANAGER', 'local/nautilus-desktop:@/tmp/.ICE-unix/1772,unix/nautilus-desktop:/tmp/.ICE-unix/1772'), ('XDG_MENU_PREFIX', 'gnome-'), ('GNOME_TERMINAL_SCREEN', '/org/gnome/Terminal/screen/e6bb6f9b_2563_442e_906a_1242c48a9a8a'), ('XDG_RUNTIME_DIR', '/run/user/1000'), ('DISPLAY', ':0'), ('LANG', 'en_US.UTF-8'), ('XDG_CURRENT_DESKTOP', 'ubuntu:GNOME'), ('XMODIFIERS', '@im=ibus'), ('XDG_SESSION_DESKTOP', 'ubuntu'), ('XAUTHORITY', '/run/user/1000/gdm/Xauthority'), ('LS_COLORS', 'rs=0:di=01;34:ln=01;36:mh=00:pi=40;33:so=01;35:do=01;35:bd=40;33;01:cd=40;33;01:or=40;31;01:mi=00:su=37;41:sg=30;43:ca=30;41:tw=30;42:ow=34;42:st=37;44:ex=01;32:*.tar=01;31:*.tgz=01;31:*.arc=01;31:*.arj=01;31:*.taz=01;31:*.lha=01;31:*.lz4=01;31:*.lzh=01;31:*.lzma=01;31:*.tlz=01;31:*.txz=01;31:*.tzo=01;31:*.t7z=01;31:*.zip=01;31:*.z=01;31:*.dz=01;31:*.gz=01;31:*.lrz=01;31:*.lz=01;31:*.lzo=01;31:*.xz=01;31:*.zst=01;31:*.tzst=01;31:*.bz2=01;31:*.bz=01;31:*.tbz=01;31:*.tbz2=01;31:*.tz=01;31:*.deb=01;31:*.rpm=01;31:*.jar=01;31:*.war=01;31:*.ear=01;31:*.sar=01;31:*.rar=01;31:*.alz=01;31:*.ace=01;31:*.zoo=01;31:*.cpio=01;31:*.7z=01;31:*.rz=01;31:*.cab=01;31:*.wim=01;31:*.swm=01;31:*.dwm=01;31:*.esd=01;31:*.jpg=01;35:*.jpeg=01;35:*.mjpg=01;35:*.mjpeg=01;35:*.gif=01;35:*.bmp=01;35:*.pbm=01;35:*.pgm=01;35:*.ppm=01;35:*.tga=01;35:*.xbm=01;35:*.xpm=01;35:*.tif=01;35:*.tiff=01;35:*.png=01;35:*.svg=01;35:*.svgz=01;35:*.mng=01;35:*.pcx=01;35:*.mov=01;35:*.mpg=01;35:*.mpeg=01;35:*.m2v=01;35:*.mkv=01;35:*.webm=01;35:*.webp=01;35:*.ogm=01;35:*.mp4=01;35:*.m4v=01;35:*.mp4v=01;35:*.vob=01;35:*.qt=01;35:*.nuv=01;35:*.wmv=01;35:*.asf=01;35:*.rm=01;35:*.rmvb=01;35:*.flc=01;35:*.avi=01;35:*.fli=01;35:*.flv=01;35:*.gl=01;35:*.dl=01;35:*.xcf=01;35:*.xwd=01;35:*.yuv=01;35:*.cgm=01;35:*.emf=01;35:*.ogv=01;35:*.ogx=01;35:*.aac=00;36:*.au=00;36:*.flac=00;36:*.m4a=00;36:*.mid=00;36:*.midi=00;36:*.mka=00;36:*.mp3=00;36:*.mpc=00;36:*.ogg=00;36:*.ra=00;36:*.wav=00;36:*.oga=00;36:*.opus=00;36:*.spx=00;36:*.xspf=00;36:'), ('GNOME_TERMINAL_SERVICE', ':1.92'), ('SSH_AGENT_LAUNCHER', 'gnome-keyring'), ('SSH_AUTH_SOCK', '/run/user/1000/keyring/ssh'), ('AMENT_PREFIX_PATH', '/home/nautilus/NautilusSW/nautilus_ws/install/nautilus_sensors:/home/nautilus/NautilusSW/nautilus_ws/install/nautilus_mission:/home/nautilus/NautilusSW/nautilus_ws/install/nautilus_controls:/home/nautilus/NautilusSW/nautilus_ws/install/nautilus_bringup:/opt/ros/humble'), ('SHELL', '/bin/bash'), ('QT_ACCESSIBILITY', '1'), ('GDMSESSION', 'ubuntu'), ('LESSCLOSE', '/usr/bin/lesspipe %s %s'), ('GPG_AGENT_INFO', '/run/user/1000/gnupg/S.gpg-agent:0:1'), ('QT_IM_MODULE', 'ibus'), ('PWD', '/home/nautilus/NautilusSW/nautilus_ws/build/nautilus_bringup'), ('LC_ALL', 'en_US.UTF-8'), ('XDG_CONFIG_DIRS', '/etc/xdg/xdg-ubuntu:/etc/xdg'), ('DBUS_STARTER_ADDRESS', 'unix:path=/run/user/1000/bus,guid=a767aa9cac47f1981b18af2d69efe150'), ('XDG_DATA_DIRS', '/usr/share/ubuntu:/usr/share/gnome:/usr/local/share/:/usr/share/'), ('PYTHONPATH', '/home/nautilus/NautilusSW/nautilus_ws/install/nautilus_sensors/local/lib/python3.10/dist-packages:/home/nautilus/NautilusSW/nautilus_ws/install/nautilus_mission/local/lib/python3.10/dist-packages:/home/nautilus/NautilusSW/nautilus_ws/install/nautilus_controls/local/lib/python3.10/dist-packages:/home/nautilus/NautilusSW/nautilus_ws/install/nautilus_bringup/local/lib/python3.10/dist-packages:/opt/ros/humble/lib/python3.10/site-packages:/opt/ros/humble/local/lib/python3.10/dist-packages'), ('COLCON', '1'), ('VTE_VERSION', '6800'), ('CMAKE_PREFIX_PATH', '/home/nautilus/NautilusSW/nautilus_ws/install/nautilus_sensors:/home/nautilus/NautilusSW/nautilus_ws/install/nautilus_mission:/home/nautilus/NautilusSW/nautilus_ws/install/nautilus_controls:/home/nautilus/NautilusSW/nautilus_ws/install/nautilus_bringup:/opt/ros/humble')]), 'shell': False}
[0.032402] (nautilus_controls) JobProgress: {'identifier': 'nautilus_controls', 'progress': 'cmake'}
[0.033644] (nautilus_controls) JobProgress: {'identifier': 'nautilus_controls', 'progress': 'build'}
[0.034087] (nautilus_controls) Command: {'cmd': ['/usr/bin/cmake', '--build', '/home/nautilus/NautilusSW/nautilus_ws/build/nautilus_controls', '--', '-j6', '-l6'], 'cwd': '/home/nautilus/NautilusSW/nautilus_ws/build/nautilus_controls', 'env': OrderedDict([('LESSOPEN', '| /usr/bin/lesspipe %s'), ('USER', 'nautilus'), ('XDG_SESSION_TYPE', 'x11'), ('SHLVL', '1'), ('LD_LIBRARY_PATH', '/opt/ros/humble/opt/rviz_ogre_vendor/lib:/opt/ros/humble/lib/aarch64-linux-gnu:/opt/ros/humble/lib'), ('HOME', '/home/nautilus'), ('DESKTOP_SESSION', 'ubuntu'), ('ROS_PYTHON_VERSION', '3'), ('GNOME_SHELL_SESSION_MODE', 'ubuntu'), ('GTK_MODULES', 'gail:atk-bridge'), ('DBUS_STARTER_BUS_TYPE', 'session'), ('SYSTEMD_EXEC_PID', '1772'), ('DBUS_SESSION_BUS_ADDRESS', 'unix:path=/run/user/1000/bus,guid=a767aa9cac47f1981b18af2d69efe150'), ('COLORTERM', 'truecolor'), ('IM_CONFIG_PHASE', '1'), ('COLCON_PREFIX_PATH', '/home/nautilus/NautilusSW/nautilus_ws/install'), ('ROS_DISTRO', 'humble'), ('GTK_IM_MODULE', 'ibus'), ('LOGNAME', 'nautilus'), ('_', '/usr/bin/colcon'), ('ROS_VERSION', '2'), ('XDG_SESSION_CLASS', 'user'), ('USERNAME', 'nautilus'), ('TERM', 'xterm-256color'), ('GNOME_DESKTOP_SESSION_ID', 'this-is-deprecated'), ('ROS_LOCALHOST_ONLY', '0'), ('WINDOWPATH', '2'), ('PATH', '/opt/ros/humble/bin:/home/nautilus/.local/bin:/home/nautilus/.local/bin:/usr/local/sbin:/usr/local/bin:/usr/sbin:/usr/bin:/sbin:/bin:/usr/games:/usr/local/games:/snap/bin:/home/nautilus/.local/bin'), ('SESSION_MANAGER', 'local/nautilus-desktop:@/tmp/.ICE-unix/1772,unix/nautilus-desktop:/tmp/.ICE-unix/1772'), ('XDG_MENU_PREFIX', 'gnome-'), ('GNOME_TERMINAL_SCREEN', '/org/gnome/Terminal/screen/e6bb6f9b_2563_442e_906a_1242c48a9a8a'), ('XDG_RUNTIME_DIR', '/run/user/1000'), ('DISPLAY', ':0'), ('LANG', 'en_US.UTF-8'), ('XDG_CURRENT_DESKTOP', 'ubuntu:GNOME'), ('XMODIFIERS', '@im=ibus'), ('XDG_SESSION_DESKTOP', 'ubuntu'), ('XAUTHORITY', '/run/user/1000/gdm/Xauthority'), ('LS_COLORS', 'rs=0:di=01;34:ln=01;36:mh=00:pi=40;33:so=01;35:do=01;35:bd=40;33;01:cd=40;33;01:or=40;31;01:mi=00:su=37;41:sg=30;43:ca=30;41:tw=30;42:ow=34;42:st=37;44:ex=01;32:*.tar=01;31:*.tgz=01;31:*.arc=01;31:*.arj=01;31:*.taz=01;31:*.lha=01;31:*.lz4=01;31:*.lzh=01;31:*.lzma=01;31:*.tlz=01;31:*.txz=01;31:*.tzo=01;31:*.t7z=01;31:*.zip=01;31:*.z=01;31:*.dz=01;31:*.gz=01;31:*.lrz=01;31:*.lz=01;31:*.lzo=01;31:*.xz=01;31:*.zst=01;31:*.tzst=01;31:*.bz2=01;31:*.bz=01;31:*.tbz=01;31:*.tbz2=01;31:*.tz=01;31:*.deb=01;31:*.rpm=01;31:*.jar=01;31:*.war=01;31:*.ear=01;31:*.sar=01;31:*.rar=01;31:*.alz=01;31:*.ace=01;31:*.zoo=01;31:*.cpio=01;31:*.7z=01;31:*.rz=01;31:*.cab=01;31:*.wim=01;31:*.swm=01;31:*.dwm=01;31:*.esd=01;31:*.jpg=01;35:*.jpeg=01;35:*.mjpg=01;35:*.mjpeg=01;35:*.gif=01;35:*.bmp=01;35:*.pbm=01;35:*.pgm=01;35:*.ppm=01;35:*.tga=01;35:*.xbm=01;35:*.xpm=01;35:*.tif=01;35:*.tiff=01;35:*.png=01;35:*.svg=01;35:*.svgz=01;35:*.mng=01;35:*.pcx=01;35:*.mov=01;35:*.mpg=01;35:*.mpeg=01;35:*.m2v=01;35:*.mkv=01;35:*.webm=01;35:*.webp=01;35:*.ogm=01;35:*.mp4=01;35:*.m4v=01;35:*.mp4v=01;35:*.vob=01;35:*.qt=01;35:*.nuv=01;35:*.wmv=01;35:*.asf=01;35:*.rm=01;35:*.rmvb=01;35:*.flc=01;35:*.avi=01;35:*.fli=01;35:*.flv=01;35:*.gl=01;35:*.dl=01;35:*.xcf=01;35:*.xwd=01;35:*.yuv=01;35:*.cgm=01;35:*.emf=01;35:*.ogv=01;35:*.ogx=01;35:*.aac=00;36:*.au=00;36:*.flac=00;36:*.m4a=00;36:*.mid=00;36:*.midi=00;36:*.mka=00;36:*.mp3=00;36:*.mpc=00;36:*.ogg=00;36:*.ra=00;36:*.wav=00;36:*.oga=00;36:*.opus=00;36:*.spx=00;36:*.xspf=00;36:'), ('GNOME_TERMINAL_SERVICE', ':1.92'), ('SSH_AGENT_LAUNCHER', 'gnome-keyring'), ('SSH_AUTH_SOCK', '/run/user/1000/keyring/ssh'), ('AMENT_PREFIX_PATH', '/home/nautilus/NautilusSW/nautilus_ws/install/nautilus_sensors:/home/nautilus/NautilusSW/nautilus_ws/install/nautilus_mission:/home/nautilus/NautilusSW/nautilus_ws/install/nautilus_controls:/home/nautilus/NautilusSW/nautilus_ws/install/nautilus_bringup:/opt/ros/humble'), ('SHELL', '/bin/bash'), ('QT_ACCESSIBILITY', '1'), ('GDMSESSION', 'ubuntu'), ('LESSCLOSE', '/usr/bin/lesspipe %s %s'), ('GPG_AGENT_INFO', '/run/user/1000/gnupg/S.gpg-agent:0:1'), ('QT_IM_MODULE', 'ibus'), ('PWD', '/home/nautilus/NautilusSW/nautilus_ws/build/nautilus_controls'), ('LC_ALL', 'en_US.UTF-8'), ('XDG_CONFIG_DIRS', '/etc/xdg/xdg-ubuntu:/etc/xdg'), ('DBUS_STARTER_ADDRESS', 'unix:path=/run/user/1000/bus,guid=a767aa9cac47f1981b18af2d69efe150'), ('XDG_DATA_DIRS', '/usr/share/ubuntu:/usr/share/gnome:/usr/local/share/:/usr/share/'), ('PYTHONPATH', '/home/nautilus/NautilusSW/nautilus_ws/install/nautilus_sensors/local/lib/python3.10/dist-packages:/home/nautilus/NautilusSW/nautilus_ws/install/nautilus_mission/local/lib/python3.10/dist-packages:/home/nautilus/NautilusSW/nautilus_ws/install/nautilus_controls/local/lib/python3.10/dist-packages:/home/nautilus/NautilusSW/nautilus_ws/install/nautilus_bringup/local/lib/python3.10/dist-packages:/opt/ros/humble/lib/python3.10/site-packages:/opt/ros/humble/local/lib/python3.10/dist-packages'), ('COLCON', '1'), ('VTE_VERSION', '6800'), ('CMAKE_PREFIX_PATH', '/home/nautilus/NautilusSW/nautilus_ws/install/nautilus_sensors:/home/nautilus/NautilusSW/nautilus_ws/install/nautilus_mission:/home/nautilus/NautilusSW/nautilus_ws/install/nautilus_controls:/home/nautilus/NautilusSW/nautilus_ws/install/nautilus_bringup:/opt/ros/humble')]), 'shell': False}
[0.099400] (-) TimerEvent: {}
[0.112705] (nautilus_bringup) StdoutLine: {'line': b'Built target ament_cmake_python_copy_nautilus_bringup\n'}
[0.131564] (nautilus_controls) StdoutLine: {'line': b'Built target ament_cmake_python_copy_nautilus_controls\n'}
[0.199574] (-) TimerEvent: {}
[0.300192] (-) TimerEvent: {}
[0.400780] (-) TimerEvent: {}
[0.501417] (-) TimerEvent: {}
[0.552220] (nautilus_bringup) StdoutLine: {'line': b'running egg_info\n'}
[0.584638] (nautilus_bringup) StdoutLine: {'line': b'writing nautilus_bringup.egg-info/PKG-INFO\n'}
[0.585666] (nautilus_bringup) StdoutLine: {'line': b'writing dependency_links to nautilus_bringup.egg-info/dependency_links.txt\n'}
[0.586247] (nautilus_bringup) StdoutLine: {'line': b'writing top-level names to nautilus_bringup.egg-info/top_level.txt\n'}
[0.591955] (nautilus_controls) StdoutLine: {'line': b'running egg_info\n'}
[0.601486] (-) TimerEvent: {}
[0.623945] (nautilus_controls) StdoutLine: {'line': b'writing nautilus_controls.egg-info/PKG-INFO\n'}
[0.624994] (nautilus_controls) StdoutLine: {'line': b'writing dependency_links to nautilus_controls.egg-info/dependency_links.txt\n'}
[0.625663] (nautilus_controls) StdoutLine: {'line': b'writing top-level names to nautilus_controls.egg-info/top_level.txt\n'}
[0.684572] (nautilus_bringup) StdoutLine: {'line': b"reading manifest file 'nautilus_bringup.egg-info/SOURCES.txt'\n"}
[0.686579] (nautilus_bringup) StdoutLine: {'line': b"writing manifest file 'nautilus_bringup.egg-info/SOURCES.txt'\n"}
[0.701620] (-) TimerEvent: {}
[0.722189] (nautilus_controls) StdoutLine: {'line': b"reading manifest file 'nautilus_controls.egg-info/SOURCES.txt'\n"}
[0.724240] (nautilus_controls) StdoutLine: {'line': b"writing manifest file 'nautilus_controls.egg-info/SOURCES.txt'\n"}
[0.762774] (nautilus_bringup) StdoutLine: {'line': b'Built target ament_cmake_python_build_nautilus_bringup_egg\n'}
[0.784618] (nautilus_bringup) CommandEnded: {'returncode': 0}
[0.786675] (nautilus_bringup) JobProgress: {'identifier': 'nautilus_bringup', 'progress': 'install'}
[0.799804] (nautilus_controls) StdoutLine: {'line': b'Built target ament_cmake_python_build_nautilus_controls_egg\n'}
[0.802042] (-) TimerEvent: {}
[0.802813] (nautilus_bringup) Command: {'cmd': ['/usr/bin/cmake', '--install', '/home/nautilus/NautilusSW/nautilus_ws/build/nautilus_bringup'], 'cwd': '/home/nautilus/NautilusSW/nautilus_ws/build/nautilus_bringup', 'env': OrderedDict([('LESSOPEN', '| /usr/bin/lesspipe %s'), ('USER', 'nautilus'), ('XDG_SESSION_TYPE', 'x11'), ('SHLVL', '1'), ('LD_LIBRARY_PATH', '/opt/ros/humble/opt/rviz_ogre_vendor/lib:/opt/ros/humble/lib/aarch64-linux-gnu:/opt/ros/humble/lib'), ('HOME', '/home/nautilus'), ('DESKTOP_SESSION', 'ubuntu'), ('ROS_PYTHON_VERSION', '3'), ('GNOME_SHELL_SESSION_MODE', 'ubuntu'), ('GTK_MODULES', 'gail:atk-bridge'), ('DBUS_STARTER_BUS_TYPE', 'session'), ('SYSTEMD_EXEC_PID', '1772'), ('DBUS_SESSION_BUS_ADDRESS', 'unix:path=/run/user/1000/bus,guid=a767aa9cac47f1981b18af2d69efe150'), ('COLORTERM', 'truecolor'), ('IM_CONFIG_PHASE', '1'), ('COLCON_PREFIX_PATH', '/home/nautilus/NautilusSW/nautilus_ws/install'), ('ROS_DISTRO', 'humble'), ('GTK_IM_MODULE', 'ibus'), ('LOGNAME', 'nautilus'), ('_', '/usr/bin/colcon'), ('ROS_VERSION', '2'), ('XDG_SESSION_CLASS', 'user'), ('USERNAME', 'nautilus'), ('TERM', 'xterm-256color'), ('GNOME_DESKTOP_SESSION_ID', 'this-is-deprecated'), ('ROS_LOCALHOST_ONLY', '0'), ('WINDOWPATH', '2'), ('PATH', '/opt/ros/humble/bin:/home/nautilus/.local/bin:/home/nautilus/.local/bin:/usr/local/sbin:/usr/local/bin:/usr/sbin:/usr/bin:/sbin:/bin:/usr/games:/usr/local/games:/snap/bin:/home/nautilus/.local/bin'), ('SESSION_MANAGER', 'local/nautilus-desktop:@/tmp/.ICE-unix/1772,unix/nautilus-desktop:/tmp/.ICE-unix/1772'), ('XDG_MENU_PREFIX', 'gnome-'), ('GNOME_TERMINAL_SCREEN', '/org/gnome/Terminal/screen/e6bb6f9b_2563_442e_906a_1242c48a9a8a'), ('XDG_RUNTIME_DIR', '/run/user/1000'), ('DISPLAY', ':0'), ('LANG', 'en_US.UTF-8'), ('XDG_CURRENT_DESKTOP', 'ubuntu:GNOME'), ('XMODIFIERS', '@im=ibus'), ('XDG_SESSION_DESKTOP', 'ubuntu'), ('XAUTHORITY', '/run/user/1000/gdm/Xauthority'), ('LS_COLORS', 'rs=0:di=01;34:ln=01;36:mh=00:pi=40;33:so=01;35:do=01;35:bd=40;33;01:cd=40;33;01:or=40;31;01:mi=00:su=37;41:sg=30;43:ca=30;41:tw=30;42:ow=34;42:st=37;44:ex=01;32:*.tar=01;31:*.tgz=01;31:*.arc=01;31:*.arj=01;31:*.taz=01;31:*.lha=01;31:*.lz4=01;31:*.lzh=01;31:*.lzma=01;31:*.tlz=01;31:*.txz=01;31:*.tzo=01;31:*.t7z=01;31:*.zip=01;31:*.z=01;31:*.dz=01;31:*.gz=01;31:*.lrz=01;31:*.lz=01;31:*.lzo=01;31:*.xz=01;31:*.zst=01;31:*.tzst=01;31:*.bz2=01;31:*.bz=01;31:*.tbz=01;31:*.tbz2=01;31:*.tz=01;31:*.deb=01;31:*.rpm=01;31:*.jar=01;31:*.war=01;31:*.ear=01;31:*.sar=01;31:*.rar=01;31:*.alz=01;31:*.ace=01;31:*.zoo=01;31:*.cpio=01;31:*.7z=01;31:*.rz=01;31:*.cab=01;31:*.wim=01;31:*.swm=01;31:*.dwm=01;31:*.esd=01;31:*.jpg=01;35:*.jpeg=01;35:*.mjpg=01;35:*.mjpeg=01;35:*.gif=01;35:*.bmp=01;35:*.pbm=01;35:*.pgm=01;35:*.ppm=01;35:*.tga=01;35:*.xbm=01;35:*.xpm=01;35:*.tif=01;35:*.tiff=01;35:*.png=01;35:*.svg=01;35:*.svgz=01;35:*.mng=01;35:*.pcx=01;35:*.mov=01;35:*.mpg=01;35:*.mpeg=01;35:*.m2v=01;35:*.mkv=01;35:*.webm=01;35:*.webp=01;35:*.ogm=01;35:*.mp4=01;35:*.m4v=01;35:*.mp4v=01;35:*.vob=01;35:*.qt=01;35:*.nuv=01;35:*.wmv=01;35:*.asf=01;35:*.rm=01;35:*.rmvb=01;35:*.flc=01;35:*.avi=01;35:*.fli=01;35:*.flv=01;35:*.gl=01;35:*.dl=01;35:*.xcf=01;35:*.xwd=01;35:*.yuv=01;35:*.cgm=01;35:*.emf=01;35:*.ogv=01;35:*.ogx=01;35:*.aac=00;36:*.au=00;36:*.flac=00;36:*.m4a=00;36:*.mid=00;36:*.midi=00;36:*.mka=00;36:*.mp3=00;36:*.mpc=00;36:*.ogg=00;36:*.ra=00;36:*.wav=00;36:*.oga=00;36:*.opus=00;36:*.spx=00;36:*.xspf=00;36:'), ('GNOME_TERMINAL_SERVICE', ':1.92'), ('SSH_AGENT_LAUNCHER', 'gnome-keyring'), ('SSH_AUTH_SOCK', '/run/user/1000/keyring/ssh'), ('AMENT_PREFIX_PATH', '/home/nautilus/NautilusSW/nautilus_ws/install/nautilus_sensors:/home/nautilus/NautilusSW/nautilus_ws/install/nautilus_mission:/home/nautilus/NautilusSW/nautilus_ws/install/nautilus_controls:/home/nautilus/NautilusSW/nautilus_ws/install/nautilus_bringup:/opt/ros/humble'), ('SHELL', '/bin/bash'), ('QT_ACCESSIBILITY', '1'), ('GDMSESSION', 'ubuntu'), ('LESSCLOSE', '/usr/bin/lesspipe %s %s'), ('GPG_AGENT_INFO', '/run/user/1000/gnupg/S.gpg-agent:0:1'), ('QT_IM_MODULE', 'ibus'), ('PWD', '/home/nautilus/NautilusSW/nautilus_ws/build/nautilus_bringup'), ('LC_ALL', 'en_US.UTF-8'), ('XDG_CONFIG_DIRS', '/etc/xdg/xdg-ubuntu:/etc/xdg'), ('DBUS_STARTER_ADDRESS', 'unix:path=/run/user/1000/bus,guid=a767aa9cac47f1981b18af2d69efe150'), ('XDG_DATA_DIRS', '/usr/share/ubuntu:/usr/share/gnome:/usr/local/share/:/usr/share/'), ('PYTHONPATH', '/home/nautilus/NautilusSW/nautilus_ws/install/nautilus_sensors/local/lib/python3.10/dist-packages:/home/nautilus/NautilusSW/nautilus_ws/install/nautilus_mission/local/lib/python3.10/dist-packages:/home/nautilus/NautilusSW/nautilus_ws/install/nautilus_controls/local/lib/python3.10/dist-packages:/home/nautilus/NautilusSW/nautilus_ws/install/nautilus_bringup/local/lib/python3.10/dist-packages:/opt/ros/humble/lib/python3.10/site-packages:/opt/ros/humble/local/lib/python3.10/dist-packages'), ('COLCON', '1'), ('VTE_VERSION', '6800'), ('CMAKE_PREFIX_PATH', '/home/nautilus/NautilusSW/nautilus_ws/install/nautilus_sensors:/home/nautilus/NautilusSW/nautilus_ws/install/nautilus_mission:/home/nautilus/NautilusSW/nautilus_ws/install/nautilus_controls:/home/nautilus/NautilusSW/nautilus_ws/install/nautilus_bringup:/opt/ros/humble')]), 'shell': False}
[0.822898] (nautilus_bringup) StdoutLine: {'line': b'-- Install configuration: ""\n'}
[0.823720] (nautilus_bringup) StdoutLine: {'line': b'-- Up-to-date: /home/nautilus/NautilusSW/nautilus_ws/install/nautilus_bringup/share/nautilus_bringup/launch\n'}
[0.823881] (nautilus_bringup) StdoutLine: {'line': b'-- Up-to-date: /home/nautilus/NautilusSW/nautilus_ws/install/nautilus_bringup/share/nautilus_bringup/launch/robots\n'}
[0.824081] (nautilus_bringup) StdoutLine: {'line': b'-- Up-to-date: /home/nautilus/NautilusSW/nautilus_ws/install/nautilus_bringup/share/nautilus_bringup/launch/robots/orca_auv.launch.py\n'}
[0.824229] (nautilus_bringup) StdoutLine: {'line': b'-- Up-to-date: /home/nautilus/NautilusSW/nautilus_ws/install/nautilus_bringup/share/nautilus_bringup/launch/robots/nautilus_auv.launch.py\n'}
[0.824350] (nautilus_bringup) StdoutLine: {'line': b'-- Up-to-date: /home/nautilus/NautilusSW/nautilus_ws/install/nautilus_bringup/share/nautilus_bringup/launch/orca.launch.py\n'}
[0.824464] (nautilus_bringup) StdoutLine: {'line': b'-- Up-to-date: /home/nautilus/NautilusSW/nautilus_ws/install/nautilus_bringup/share/nautilus_bringup/launch/orca_comp.launch.py\n'}
[0.824574] (nautilus_bringup) StdoutLine: {'line': b'-- Up-to-date: /home/nautilus/NautilusSW/nautilus_ws/install/nautilus_bringup/share/nautilus_bringup/launch/mavproxy_router.launch.py\n'}
[0.824732] (nautilus_bringup) StdoutLine: {'line': b'-- Up-to-date: /home/nautilus/NautilusSW/nautilus_ws/install/nautilus_bringup/share/nautilus_bringup/config\n'}
[0.824840] (nautilus_bringup) StdoutLine: {'line': b'-- Up-to-date: /home/nautilus/NautilusSW/nautilus_ws/install/nautilus_bringup/share/nautilus_bringup/config/nautilus_auv_bridge.yaml\n'}
[0.824946] (nautilus_bringup) StdoutLine: {'line': b'-- Up-to-date: /home/nautilus/NautilusSW/nautilus_ws/install/nautilus_bringup/share/nautilus_bringup/nautilus_auv\n'}
[0.825230] (nautilus_bringup) StdoutLine: {'line': b'-- Up-to-date: /home/nautilus/NautilusSW/nautilus_ws/install/nautilus_bringup/share/nautilus_bringup/nautilus_auv/BlueRov2.sdf\n'}
[0.825460] (nautilus_bringup) StdoutLine: {'line': b'-- Up-to-date: /home/nautilus/NautilusSW/nautilus_ws/install/nautilus_bringup/share/nautilus_bringup/nautilus_auv/BlueRov2.urdf\n'}
[0.825780] (nautilus_bringup) StdoutLine: {'line': b'-- Up-to-date: /home/nautilus/NautilusSW/nautilus_ws/install/nautilus_bringup/share/nautilus_bringup/nautilus_auv/BlueRov2.urdf.xacro\n'}
[0.826030] (nautilus_bringup) StdoutLine: {'line': b'-- Up-to-date: /home/nautilus/NautilusSW/nautilus_ws/install/nautilus_bringup/share/nautilus_bringup/nautilus_auv/Part\n'}
[0.826314] (nautilus_bringup) StdoutLine: {'line': b'-- Up-to-date: /home/nautilus/NautilusSW/nautilus_ws/install/nautilus_bringup/share/nautilus_bringup/nautilus_auv/Part/Thruster\n'}
[0.826596] (nautilus_bringup) StdoutLine: {'line': b'-- Up-to-date: /home/nautilus/NautilusSW/nautilus_ws/install/nautilus_bringup/share/nautilus_bringup/nautilus_auv/Part/Thruster/T200.urdf.xacro\n'}
[0.826835] (nautilus_bringup) StdoutLine: {'line': b'-- Up-to-date: /home/nautilus/NautilusSW/nautilus_ws/install/nautilus_bringup/share/nautilus_bringup/nautilus_auv/Part/Camera\n'}
[0.827413] (nautilus_bringup) StdoutLine: {'line': b'-- Up-to-date: /home/nautilus/NautilusSW/nautilus_ws/install/nautilus_bringup/share/nautilus_bringup/nautilus_auv/Part/Camera/Camera.urdf.xacro\n'}
[0.829542] (nautilus_bringup) StdoutLine: {'line': b'-- Up-to-date: /home/nautilus/NautilusSW/nautilus_ws/install/nautilus_bringup/share/nautilus_bringup/nautilus_auv/Part/Camera/CameraDepth.urdf.xacro\n'}
[0.829892] (nautilus_bringup) StdoutLine: {'line': b'-- Up-to-date: /home/nautilus/NautilusSW/nautilus_ws/install/nautilus_bringup/share/nautilus_bringup/nautilus_auv/Part/Camera/CameraMonoDepth.urdf.xacro\n'}
[0.830156] (nautilus_bringup) StdoutLine: {'line': b'-- Up-to-date: /home/nautilus/NautilusSW/nautilus_ws/install/nautilus_bringup/share/nautilus_bringup/nautilus_auv/Part/Camera/CameraStereo.urdf.xacro\n'}
[0.830886] (nautilus_bringup) StdoutLine: {'line': b'-- Up-to-date: /home/nautilus/NautilusSW/nautilus_ws/install/nautilus_bringup/share/nautilus_bringup/nautilus_auv/Part/DepthSensor\n'}
[0.834408] (nautilus_bringup) StdoutLine: {'line': b'-- Up-to-date: /home/nautilus/NautilusSW/nautilus_ws/install/nautilus_bringup/share/nautilus_bringup/nautilus_auv/Part/DepthSensor/DepthSensor.urdf.xacro\n'}
[0.834891] (nautilus_bringup) StdoutLine: {'line': b'-- Up-to-date: /home/nautilus/NautilusSW/nautilus_ws/install/nautilus_bringup/share/nautilus_bringup/nautilus_auv/Part/DVL\n'}
[0.835052] (nautilus_bringup) StdoutLine: {'line': b'-- Up-to-date: /home/nautilus/NautilusSW/nautilus_ws/install/nautilus_bringup/share/nautilus_bringup/nautilus_auv/Part/DVL/DVL.urdf.xacro\n'}
[0.835182] (nautilus_bringup) StdoutLine: {'line': b'-- Up-to-date: /home/nautilus/NautilusSW/nautilus_ws/install/nautilus_bringup/share/nautilus_bringup/nautilus_auv/Part/IMU\n'}
[0.835301] (nautilus_bringup) StdoutLine: {'line': b'-- Up-to-date: /home/nautilus/NautilusSW/nautilus_ws/install/nautilus_bringup/share/nautilus_bringup/nautilus_auv/Part/IMU/IMU.urdf.xacro\n'}
[0.835417] (nautilus_bringup) StdoutLine: {'line': b'-- Up-to-date: /home/nautilus/NautilusSW/nautilus_ws/install/nautilus_bringup/share/nautilus_bringup/nautilus_auv/Part/P3D\n'}
[0.835773] (nautilus_bringup) StdoutLine: {'line': b'-- Up-to-date: /home/nautilus/NautilusSW/nautilus_ws/install/nautilus_bringup/share/nautilus_bringup/nautilus_auv/Part/P3D/P3D.urdf.xacro\n'}
[0.835893] (nautilus_bringup) StdoutLine: {'line': b'-- Up-to-date: /home/nautilus/NautilusSW/nautilus_ws/install/nautilus_bringup/share/nautilus_bringup/worlds\n'}
[0.836005] (nautilus_bringup) StdoutLine: {'line': b'-- Up-to-date: /home/nautilus/NautilusSW/nautilus_ws/install/nautilus_bringup/share/nautilus_bringup/worlds/artisticHouse.world\n'}
[0.836114] (nautilus_bringup) StdoutLine: {'line': b'-- Up-to-date: /home/nautilus/NautilusSW/nautilus_ws/install/nautilus_bringup/share/nautilus_bringup/worlds/sand.world\n'}
[0.836222] (nautilus_bringup) StdoutLine: {'line': b'-- Up-to-date: /home/nautilus/NautilusSW/nautilus_ws/install/nautilus_bringup/share/nautilus_bringup/worlds/terrain.dae\n'}
[0.836330] (nautilus_bringup) StdoutLine: {'line': b'-- Up-to-date: /home/nautilus/NautilusSW/nautilus_ws/install/nautilus_bringup/share/nautilus_bringup/worlds/iris_runway.sdf\n'}
[0.836436] (nautilus_bringup) StdoutLine: {'line': b'-- Up-to-date: /home/nautilus/NautilusSW/nautilus_ws/install/nautilus_bringup/share/nautilus_bringup/worlds/terrain.sdf\n'}
[0.836542] (nautilus_bringup) StdoutLine: {'line': b'-- Up-to-date: /home/nautilus/NautilusSW/nautilus_ws/install/nautilus_bringup/share/nautilus_bringup/worlds/semi_final_pool.world\n'}
[0.836647] (nautilus_bringup) StdoutLine: {'line': b'-- Up-to-date: /home/nautilus/NautilusSW/nautilus_ws/install/nautilus_bringup/share/nautilus_bringup/worlds/inf_pool.world\n'}
[0.836752] (nautilus_bringup) StdoutLine: {'line': b'-- Up-to-date: /home/nautilus/NautilusSW/nautilus_ws/install/nautilus_bringup/share/nautilus_bringup/worlds/basic_comp_pool.world\n'}
[0.836858] (nautilus_bringup) StdoutLine: {'line': b'-- Up-to-date: /home/nautilus/NautilusSW/nautilus_ws/install/nautilus_bringup/share/nautilus_bringup/worlds/wildthumper_playpen.sdf\n'}
[0.836963] (nautilus_bringup) StdoutLine: {'line': b'-- Up-to-date: /home/nautilus/NautilusSW/nautilus_ws/install/nautilus_bringup/share/nautilus_bringup/worlds/underwater.world\n'}
[0.837069] (nautilus_bringup) StdoutLine: {'line': b'-- Up-to-date: /home/nautilus/NautilusSW/nautilus_ws/install/nautilus_bringup/share/nautilus_bringup/worlds/iris_maze.sdf\n'}
[0.837173] (nautilus_bringup) StdoutLine: {'line': b'-- Up-to-date: /home/nautilus/NautilusSW/nautilus_ws/install/nautilus_bringup/share/nautilus_bringup/worlds/pool_corner.world\n'}
[0.837277] (nautilus_bringup) StdoutLine: {'line': b'-- Up-to-date: /home/nautilus/NautilusSW/nautilus_ws/install/nautilus_bringup/share/nautilus_bringup/models\n'}
[0.837411] (nautilus_bringup) StdoutLine: {'line': b'-- Up-to-date: /home/nautilus/NautilusSW/nautilus_ws/install/nautilus_bringup/share/nautilus_bringup/models/sand_heightmap\n'}
[0.837526] (nautilus_bringup) StdoutLine: {'line': b'-- Up-to-date: /home/nautilus/NautilusSW/nautilus_ws/install/nautilus_bringup/share/nautilus_bringup/models/sand_heightmap/meshes\n'}
[0.837633] (nautilus_bringup) StdoutLine: {'line': b'-- Up-to-date: /home/nautilus/NautilusSW/nautilus_ws/install/nautilus_bringup/share/nautilus_bringup/models/sand_heightmap/meshes/sandseabed.dae\n'}
[0.837740] (nautilus_bringup) StdoutLine: {'line': b'-- Up-to-date: /home/nautilus/NautilusSW/nautilus_ws/install/nautilus_bringup/share/nautilus_bringup/models/sand_heightmap/meshes/License and source for textures.txt\n'}
[0.837846] (nautilus_bringup) StdoutLine: {'line': b'-- Up-to-date: /home/nautilus/NautilusSW/nautilus_ws/install/nautilus_bringup/share/nautilus_bringup/models/sand_heightmap/meshes/soil_sand_0045_01.jpg\n'}
[0.837952] (nautilus_bringup) StdoutLine: {'line': b'-- Up-to-date: /home/nautilus/NautilusSW/nautilus_ws/install/nautilus_bringup/share/nautilus_bringup/models/sand_heightmap/meshes/heightmap.dae\n'}
[0.838058] (nautilus_bringup) StdoutLine: {'line': b'-- Up-to-date: /home/nautilus/NautilusSW/nautilus_ws/install/nautilus_bringup/share/nautilus_bringup/models/sand_heightmap/model.sdf\n'}
[0.838192] (nautilus_bringup) StdoutLine: {'line': b'-- Up-to-date: /home/nautilus/NautilusSW/nautilus_ws/install/nautilus_bringup/share/nautilus_bringup/models/sand_heightmap/materials\n'}
[0.838303] (nautilus_bringup) StdoutLine: {'line': b'-- Up-to-date: /home/nautilus/NautilusSW/nautilus_ws/install/nautilus_bringup/share/nautilus_bringup/models/sand_heightmap/materials/flat_normal.png\n'}
[0.838411] (nautilus_bringup) StdoutLine: {'line': b'-- Up-to-date: /home/nautilus/NautilusSW/nautilus_ws/install/nautilus_bringup/share/nautilus_bringup/models/sand_heightmap/materials/soil_sand_0045_01.jpg\n'}
[0.838518] (nautilus_bringup) StdoutLine: {'line': b'-- Up-to-date: /home/nautilus/NautilusSW/nautilus_ws/install/nautilus_bringup/share/nautilus_bringup/models/sand_heightmap/model.config\n'}
[0.838625] (nautilus_bringup) StdoutLine: {'line': b'-- Up-to-date: /home/nautilus/NautilusSW/nautilus_ws/install/nautilus_bringup/share/nautilus_bringup/models/robosub_buoy\n'}
[0.838731] (nautilus_bringup) StdoutLine: {'line': b'-- Up-to-date: /home/nautilus/NautilusSW/nautilus_ws/install/nautilus_bringup/share/nautilus_bringup/models/robosub_buoy/meshes\n'}
[0.838837] (nautilus_bringup) StdoutLine: {'line': b'-- Up-to-date: /home/nautilus/NautilusSW/nautilus_ws/install/nautilus_bringup/share/nautilus_bringup/models/robosub_buoy/meshes/buoy.dae\n'}
[0.838940] (nautilus_bringup) StdoutLine: {'line': b'-- Up-to-date: /home/nautilus/NautilusSW/nautilus_ws/install/nautilus_bringup/share/nautilus_bringup/models/robosub_buoy/model.sdf\n'}
[0.839039] (nautilus_bringup) StdoutLine: {'line': b'-- Up-to-date: /home/nautilus/NautilusSW/nautilus_ws/install/nautilus_bringup/share/nautilus_bringup/models/robosub_buoy/model.config\n'}
[0.839163] (nautilus_bringup) StdoutLine: {'line': b'-- Up-to-date: /home/nautilus/NautilusSW/nautilus_ws/install/nautilus_bringup/share/nautilus_bringup/models/robosub_torpedo\n'}
[0.839264] (nautilus_bringup) StdoutLine: {'line': b'-- Up-to-date: /home/nautilus/NautilusSW/nautilus_ws/install/nautilus_bringup/share/nautilus_bringup/models/robosub_torpedo/meshes\n'}
[0.839365] (nautilus_bringup) StdoutLine: {'line': b'-- Up-to-date: /home/nautilus/NautilusSW/nautilus_ws/install/nautilus_bringup/share/nautilus_bringup/models/robosub_torpedo/meshes/torpedo.dae\n'}
[0.839466] (nautilus_bringup) StdoutLine: {'line': b'-- Up-to-date: /home/nautilus/NautilusSW/nautilus_ws/install/nautilus_bringup/share/nautilus_bringup/models/robosub_torpedo/model.sdf\n'}
[0.839566] (nautilus_bringup) StdoutLine: {'line': b'-- Up-to-date: /home/nautilus/NautilusSW/nautilus_ws/install/nautilus_bringup/share/nautilus_bringup/models/robosub_torpedo/materials\n'}
[0.839666] (nautilus_bringup) StdoutLine: {'line': b'-- Up-to-date: /home/nautilus/NautilusSW/nautilus_ws/install/nautilus_bringup/share/nautilus_bringup/models/robosub_torpedo/materials/textures\n'}
[0.839769] (nautilus_bringup) StdoutLine: {'line': b'-- Up-to-date: /home/nautilus/NautilusSW/nautilus_ws/install/nautilus_bringup/share/nautilus_bringup/models/robosub_torpedo/materials/textures/torpedo_map.png\n'}
[0.839871] (nautilus_bringup) StdoutLine: {'line': b'-- Up-to-date: /home/nautilus/NautilusSW/nautilus_ws/install/nautilus_bringup/share/nautilus_bringup/models/robosub_torpedo/torpedo.sdf\n'}
[0.839969] (nautilus_bringup) StdoutLine: {'line': b'-- Up-to-date: /home/nautilus/NautilusSW/nautilus_ws/install/nautilus_bringup/share/nautilus_bringup/models/robosub_torpedo/model.config\n'}
[0.840067] (nautilus_bringup) StdoutLine: {'line': b'-- Up-to-date: /home/nautilus/NautilusSW/nautilus_ws/install/nautilus_bringup/share/nautilus_bringup/models/bluerov2_heavy\n'}
[0.840168] (nautilus_bringup) StdoutLine: {'line': b'-- Up-to-date: /home/nautilus/NautilusSW/nautilus_ws/install/nautilus_bringup/share/nautilus_bringup/models/bluerov2_heavy/meshes\n'}
[0.840269] (nautilus_bringup) StdoutLine: {'line': b'-- Up-to-date: /home/nautilus/NautilusSW/nautilus_ws/install/nautilus_bringup/share/nautilus_bringup/models/bluerov2_heavy/meshes/bluerov2_heavy.dae\n'}
[0.840370] (nautilus_bringup) StdoutLine: {'line': b'-- Up-to-date: /home/nautilus/NautilusSW/nautilus_ws/install/nautilus_bringup/share/nautilus_bringup/models/bluerov2_heavy/meshes/t200_cw_prop.dae\n'}
[0.840489] (nautilus_bringup) StdoutLine: {'line': b'-- Up-to-date: /home/nautilus/NautilusSW/nautilus_ws/install/nautilus_bringup/share/nautilus_bringup/models/bluerov2_heavy/meshes/t200_ccw_prop.dae\n'}
[0.840592] (nautilus_bringup) StdoutLine: {'line': b'-- Up-to-date: /home/nautilus/NautilusSW/nautilus_ws/install/nautilus_bringup/share/nautilus_bringup/models/bluerov2_heavy/model.sdf\n'}
[0.840693] (nautilus_bringup) StdoutLine: {'line': b'-- Up-to-date: /home/nautilus/NautilusSW/nautilus_ws/install/nautilus_bringup/share/nautilus_bringup/models/bluerov2_heavy/model.sdf.in\n'}
[0.840792] (nautilus_bringup) StdoutLine: {'line': b'-- Up-to-date: /home/nautilus/NautilusSW/nautilus_ws/install/nautilus_bringup/share/nautilus_bringup/models/bluerov2_heavy/configs.yaml\n'}
[0.840892] (nautilus_bringup) StdoutLine: {'line': b'-- Up-to-date: /home/nautilus/NautilusSW/nautilus_ws/install/nautilus_bringup/share/nautilus_bringup/models/bluerov2_heavy/model.config\n'}
[0.840993] (nautilus_bringup) StdoutLine: {'line': b'-- Up-to-date: /home/nautilus/NautilusSW/nautilus_ws/install/nautilus_bringup/share/nautilus_bringup/models/bluerov2_heavy/BlueROV2Heavy.md\n'}
[0.841104] (nautilus_bringup) StdoutLine: {'line': b'-- Up-to-date: /home/nautilus/NautilusSW/nautilus_ws/install/nautilus_bringup/share/nautilus_bringup/models/robosub_octagon\n'}
[0.841208] (nautilus_bringup) StdoutLine: {'line': b'-- Up-to-date: /home/nautilus/NautilusSW/nautilus_ws/install/nautilus_bringup/share/nautilus_bringup/models/robosub_octagon/meshes\n'}
[0.841308] (nautilus_bringup) StdoutLine: {'line': b'-- Up-to-date: /home/nautilus/NautilusSW/nautilus_ws/install/nautilus_bringup/share/nautilus_bringup/models/robosub_octagon/meshes/octagon.dae\n'}
[0.841461] (nautilus_bringup) StdoutLine: {'line': b'-- Up-to-date: /home/nautilus/NautilusSW/nautilus_ws/install/nautilus_bringup/share/nautilus_bringup/models/robosub_octagon/model.sdf\n'}
[0.841567] (nautilus_bringup) StdoutLine: {'line': b'-- Up-to-date: /home/nautilus/NautilusSW/nautilus_ws/install/nautilus_bringup/share/nautilus_bringup/models/robosub_octagon/model.config\n'}
[0.841670] (nautilus_bringup) StdoutLine: {'line': b'-- Up-to-date: /home/nautilus/NautilusSW/nautilus_ws/install/nautilus_bringup/share/nautilus_bringup/models/bluerov2_ping\n'}
[0.841772] (nautilus_bringup) StdoutLine: {'line': b'-- Up-to-date: /home/nautilus/NautilusSW/nautilus_ws/install/nautilus_bringup/share/nautilus_bringup/models/bluerov2_ping/model.sdf\n'}
[0.841874] (nautilus_bringup) StdoutLine: {'line': b'-- Up-to-date: /home/nautilus/NautilusSW/nautilus_ws/install/nautilus_bringup/share/nautilus_bringup/models/bluerov2_ping/model.sdf.in\n'}
[0.841976] (nautilus_bringup) StdoutLine: {'line': b'-- Up-to-date: /home/nautilus/NautilusSW/nautilus_ws/install/nautilus_bringup/share/nautilus_bringup/models/bluerov2_ping/configs.yaml\n'}
[0.842076] (nautilus_bringup) StdoutLine: {'line': b'-- Up-to-date: /home/nautilus/NautilusSW/nautilus_ws/install/nautilus_bringup/share/nautilus_bringup/models/bluerov2_ping/model.config\n'}
[0.842175] (nautilus_bringup) StdoutLine: {'line': b'-- Up-to-date: /home/nautilus/NautilusSW/nautilus_ws/install/nautilus_bringup/share/nautilus_bringup/models/bluerov2_ping/BlueROV2Ping.md\n'}
[0.842303] (nautilus_bringup) StdoutLine: {'line': b'-- Up-to-date: /home/nautilus/NautilusSW/nautilus_ws/install/nautilus_bringup/share/nautilus_bringup/models/robosub_path\n'}
[0.842408] (nautilus_bringup) StdoutLine: {'line': b'-- Up-to-date: /home/nautilus/NautilusSW/nautilus_ws/install/nautilus_bringup/share/nautilus_bringup/models/robosub_path/meshes\n'}
[0.842509] (nautilus_bringup) StdoutLine: {'line': b'-- Up-to-date: /home/nautilus/NautilusSW/nautilus_ws/install/nautilus_bringup/share/nautilus_bringup/models/robosub_path/meshes/path.dae\n'}
[0.842611] (nautilus_bringup) StdoutLine: {'line': b'-- Up-to-date: /home/nautilus/NautilusSW/nautilus_ws/install/nautilus_bringup/share/nautilus_bringup/models/robosub_path/model.sdf\n'}
[0.842726] (nautilus_bringup) StdoutLine: {'line': b'-- Up-to-date: /home/nautilus/NautilusSW/nautilus_ws/install/nautilus_bringup/share/nautilus_bringup/models/robosub_path/model.config\n'}
[0.842827] (nautilus_bringup) StdoutLine: {'line': b'-- Up-to-date: /home/nautilus/NautilusSW/nautilus_ws/install/nautilus_bringup/share/nautilus_bringup/models/robosub_bin\n'}
[0.842928] (nautilus_bringup) StdoutLine: {'line': b'-- Up-to-date: /home/nautilus/NautilusSW/nautilus_ws/install/nautilus_bringup/share/nautilus_bringup/models/robosub_bin/meshes\n'}
[0.843029] (nautilus_bringup) StdoutLine: {'line': b'-- Up-to-date: /home/nautilus/NautilusSW/nautilus_ws/install/nautilus_bringup/share/nautilus_bringup/models/robosub_bin/meshes/bin.dae\n'}
[0.843129] (nautilus_bringup) StdoutLine: {'line': b'-- Up-to-date: /home/nautilus/NautilusSW/nautilus_ws/install/nautilus_bringup/share/nautilus_bringup/models/robosub_bin/model.sdf\n'}
[0.843231] (nautilus_bringup) StdoutLine: {'line': b'-- Up-to-date: /home/nautilus/NautilusSW/nautilus_ws/install/nautilus_bringup/share/nautilus_bringup/models/robosub_bin/materials\n'}
[0.843333] (nautilus_bringup) StdoutLine: {'line': b'-- Up-to-date: /home/nautilus/NautilusSW/nautilus_ws/install/nautilus_bringup/share/nautilus_bringup/models/robosub_bin/materials/textures\n'}
[0.843437] (nautilus_bringup) StdoutLine: {'line': b'-- Up-to-date: /home/nautilus/NautilusSW/nautilus_ws/install/nautilus_bringup/share/nautilus_bringup/models/robosub_bin/materials/textures/DropBRUVS.png\n'}
[0.843540] (nautilus_bringup) StdoutLine: {'line': b'-- Up-to-date: /home/nautilus/NautilusSW/nautilus_ws/install/nautilus_bringup/share/nautilus_bringup/models/robosub_bin/model.config\n'}
[0.843643] (nautilus_bringup) StdoutLine: {'line': b'-- Up-to-date: /home/nautilus/NautilusSW/nautilus_ws/install/nautilus_bringup/share/nautilus_bringup/models/robosub_bin/ball.sdf\n'}
[0.843744] (nautilus_bringup) StdoutLine: {'line': b'-- Up-to-date: /home/nautilus/NautilusSW/nautilus_ws/install/nautilus_bringup/share/nautilus_bringup/models/pool\n'}
[0.843845] (nautilus_bringup) StdoutLine: {'line': b'-- Up-to-date: /home/nautilus/NautilusSW/nautilus_ws/install/nautilus_bringup/share/nautilus_bringup/models/pool/meshes\n'}
[0.843947] (nautilus_bringup) StdoutLine: {'line': b'-- Up-to-date: /home/nautilus/NautilusSW/nautilus_ws/install/nautilus_bringup/share/nautilus_bringup/models/pool/meshes/pool.dae\n'}
[0.844054] (nautilus_controls) CommandEnded: {'returncode': 0}
[0.844765] (nautilus_bringup) StdoutLine: {'line': b'-- Up-to-date: /home/nautilus/NautilusSW/nautilus_ws/install/nautilus_bringup/share/nautilus_bringup/models/pool/model.sdf\n'}
[0.844941] (nautilus_bringup) StdoutLine: {'line': b'-- Up-to-date: /home/nautilus/NautilusSW/nautilus_ws/install/nautilus_bringup/share/nautilus_bringup/models/pool/materials\n'}
[0.845064] (nautilus_bringup) StdoutLine: {'line': b'-- Up-to-date: /home/nautilus/NautilusSW/nautilus_ws/install/nautilus_bringup/share/nautilus_bringup/models/pool/materials/textures\n'}
[0.845176] (nautilus_bringup) StdoutLine: {'line': b'-- Up-to-date: /home/nautilus/NautilusSW/nautilus_ws/install/nautilus_bringup/share/nautilus_bringup/models/pool/materials/textures/pool_material.jpg\n'}
[0.845286] (nautilus_bringup) StdoutLine: {'line': b'-- Up-to-date: /home/nautilus/NautilusSW/nautilus_ws/install/nautilus_bringup/share/nautilus_bringup/models/pool/model.config\n'}
[0.845476] (nautilus_bringup) StdoutLine: {'line': b'-- Up-to-date: /home/nautilus/NautilusSW/nautilus_ws/install/nautilus_bringup/share/nautilus_bringup/models/teknofest\n'}
[0.845615] (nautilus_bringup) StdoutLine: {'line': b'-- Up-to-date: /home/nautilus/NautilusSW/nautilus_ws/install/nautilus_bringup/share/nautilus_bringup/models/teknofest/pipeline.sdf\n'}
[0.845748] (nautilus_bringup) StdoutLine: {'line': b'-- Up-to-date: /home/nautilus/NautilusSW/nautilus_ws/install/nautilus_bringup/share/nautilus_bringup/models/teknofest/model.config\n'}
[0.846152] (nautilus_bringup) StdoutLine: {'line': b'-- Up-to-date: /home/nautilus/NautilusSW/nautilus_ws/install/nautilus_bringup/share/nautilus_bringup/models/axes\n'}
[0.846359] (nautilus_bringup) StdoutLine: {'line': b'-- Up-to-date: /home/nautilus/NautilusSW/nautilus_ws/install/nautilus_bringup/share/nautilus_bringup/models/axes/model.sdf\n'}
[0.846498] (nautilus_bringup) StdoutLine: {'line': b'-- Up-to-date: /home/nautilus/NautilusSW/nautilus_ws/install/nautilus_bringup/share/nautilus_bringup/models/axes/model.config\n'}
[0.846629] (nautilus_bringup) StdoutLine: {'line': b'-- Up-to-date: /home/nautilus/NautilusSW/nautilus_ws/install/nautilus_bringup/share/nautilus_bringup/models/robosub_gate\n'}
[0.846758] (nautilus_bringup) StdoutLine: {'line': b'-- Up-to-date: /home/nautilus/NautilusSW/nautilus_ws/install/nautilus_bringup/share/nautilus_bringup/models/robosub_gate/meshes\n'}
[0.846885] (nautilus_bringup) StdoutLine: {'line': b'-- Up-to-date: /home/nautilus/NautilusSW/nautilus_ws/install/nautilus_bringup/share/nautilus_bringup/models/robosub_gate/meshes/gate.dae\n'}
[0.847079] (nautilus_bringup) StdoutLine: {'line': b'-- Up-to-date: /home/nautilus/NautilusSW/nautilus_ws/install/nautilus_bringup/share/nautilus_bringup/models/robosub_gate/model.sdf\n'}
[0.847281] (nautilus_bringup) StdoutLine: {'line': b'-- Up-to-date: /home/nautilus/NautilusSW/nautilus_ws/install/nautilus_bringup/share/nautilus_bringup/models/robosub_gate/materials\n'}
[0.847420] (nautilus_bringup) StdoutLine: {'line': b'-- Up-to-date: /home/nautilus/NautilusSW/nautilus_ws/install/nautilus_bringup/share/nautilus_bringup/models/robosub_gate/materials/textures\n'}
[0.847585] (nautilus_bringup) StdoutLine: {'line': b'-- Up-to-date: /home/nautilus/NautilusSW/nautilus_ws/install/nautilus_bringup/share/nautilus_bringup/models/robosub_gate/materials/textures/reefshark.png\n'}
[0.847718] (nautilus_bringup) StdoutLine: {'line': b'-- Up-to-date: /home/nautilus/NautilusSW/nautilus_ws/install/nautilus_bringup/share/nautilus_bringup/models/robosub_gate/materials/textures/sawfish.png\n'}
[0.847876] (nautilus_bringup) StdoutLine: {'line': b'-- Up-to-date: /home/nautilus/NautilusSW/nautilus_ws/install/nautilus_bringup/share/nautilus_bringup/models/robosub_gate/model.config\n'}
[0.848049] (nautilus_bringup) StdoutLine: {'line': b'-- Up-to-date: /home/nautilus/NautilusSW/nautilus_ws/install/nautilus_bringup/share/nautilus_bringup/models/robosub_slalom\n'}
[0.848284] (nautilus_bringup) StdoutLine: {'line': b'-- Up-to-date: /home/nautilus/NautilusSW/nautilus_ws/install/nautilus_bringup/share/nautilus_bringup/models/robosub_slalom/model.sdf\n'}
[0.848417] (nautilus_bringup) StdoutLine: {'line': b'-- Up-to-date: /home/nautilus/NautilusSW/nautilus_ws/install/nautilus_bringup/share/nautilus_bringup/models/robosub_slalom/model.config\n'}
[0.848543] (nautilus_bringup) StdoutLine: {'line': b'-- Up-to-date: /home/nautilus/NautilusSW/nautilus_ws/install/nautilus_bringup/share/nautilus_bringup/models/bluerov2\n'}
[0.848669] (nautilus_bringup) StdoutLine: {'line': b'-- Up-to-date: /home/nautilus/NautilusSW/nautilus_ws/install/nautilus_bringup/share/nautilus_bringup/models/bluerov2/meshes\n'}
[0.848795] (nautilus_bringup) StdoutLine: {'line': b'-- Up-to-date: /home/nautilus/NautilusSW/nautilus_ws/install/nautilus_bringup/share/nautilus_bringup/models/bluerov2/meshes/t200_cw_prop.dae\n'}
[0.848921] (nautilus_bringup) StdoutLine: {'line': b'-- Up-to-date: /home/nautilus/NautilusSW/nautilus_ws/install/nautilus_bringup/share/nautilus_bringup/models/bluerov2/meshes/bluerov2.dae\n'}
[0.849045] (nautilus_bringup) StdoutLine: {'line': b'-- Up-to-date: /home/nautilus/NautilusSW/nautilus_ws/install/nautilus_bringup/share/nautilus_bringup/models/bluerov2/meshes/t200_ccw_prop.dae\n'}
[0.849171] (nautilus_bringup) StdoutLine: {'line': b'-- Up-to-date: /home/nautilus/NautilusSW/nautilus_ws/install/nautilus_bringup/share/nautilus_bringup/models/bluerov2/model.sdf\n'}
[0.849296] (nautilus_bringup) StdoutLine: {'line': b'-- Up-to-date: /home/nautilus/NautilusSW/nautilus_ws/install/nautilus_bringup/share/nautilus_bringup/models/bluerov2/model.sdf.in\n'}
[0.849471] (nautilus_bringup) StdoutLine: {'line': b'-- Up-to-date: /home/nautilus/NautilusSW/nautilus_ws/install/nautilus_bringup/share/nautilus_bringup/models/bluerov2/BlueROV2.md\n'}
[0.849615] (nautilus_bringup) StdoutLine: {'line': b'-- Up-to-date: /home/nautilus/NautilusSW/nautilus_ws/install/nautilus_bringup/share/nautilus_bringup/models/bluerov2/configs.yaml\n'}
[0.849745] (nautilus_bringup) StdoutLine: {'line': b'-- Up-to-date: /home/nautilus/NautilusSW/nautilus_ws/install/nautilus_bringup/share/nautilus_bringup/models/bluerov2/model.config\n'}
[0.849870] (nautilus_bringup) StdoutLine: {'line': b'-- Up-to-date: /home/nautilus/NautilusSW/nautilus_ws/install/nautilus_bringup/share/nautilus_bringup/models/robosub_octagon_animals\n'}
[0.849995] (nautilus_bringup) StdoutLine: {'line': b'-- Up-to-date: /home/nautilus/NautilusSW/nautilus_ws/install/nautilus_bringup/share/nautilus_bringup/models/robosub_octagon_animals/model.sdf\n'}
[0.850120] (nautilus_bringup) StdoutLine: {'line': b'-- Up-to-date: /home/nautilus/NautilusSW/nautilus_ws/install/nautilus_bringup/share/nautilus_bringup/models/robosub_octagon_animals/materials\n'}
[0.850245] (nautilus_bringup) StdoutLine: {'line': b'-- Up-to-date: /home/nautilus/NautilusSW/nautilus_ws/install/nautilus_bringup/share/nautilus_bringup/models/robosub_octagon_animals/materials/textures\n'}
[0.850370] (nautilus_bringup) StdoutLine: {'line': b'-- Up-to-date: /home/nautilus/NautilusSW/nautilus_ws/install/nautilus_bringup/share/nautilus_bringup/models/robosub_octagon_animals/materials/textures/reefshark.png\n'}
[0.850496] (nautilus_bringup) StdoutLine: {'line': b'-- Up-to-date: /home/nautilus/NautilusSW/nautilus_ws/install/nautilus_bringup/share/nautilus_bringup/models/robosub_octagon_animals/materials/textures/sawfish.png\n'}
[0.850620] (nautilus_bringup) StdoutLine: {'line': b'-- Up-to-date: /home/nautilus/NautilusSW/nautilus_ws/install/nautilus_bringup/share/nautilus_bringup/models/robosub_octagon_animals/materials/scripts\n'}
[0.850746] (nautilus_bringup) StdoutLine: {'line': b'-- Up-to-date: /home/nautilus/NautilusSW/nautilus_ws/install/nautilus_bringup/share/nautilus_bringup/models/robosub_octagon_animals/materials/scripts/billboard.material\n'}
[0.850870] (nautilus_bringup) StdoutLine: {'line': b'-- Up-to-date: /home/nautilus/NautilusSW/nautilus_ws/install/nautilus_bringup/share/nautilus_bringup/models/robosub_octagon_animals/model.config\n'}
[0.850994] (nautilus_bringup) StdoutLine: {'line': b'-- Up-to-date: /home/nautilus/NautilusSW/nautilus_ws/install/nautilus_bringup/share/nautilus_bringup/environment/pythonpath.sh\n'}
[0.851121] (nautilus_controls) JobProgress: {'identifier': 'nautilus_controls', 'progress': 'install'}
[0.851176] (nautilus_controls) Command: {'cmd': ['/usr/bin/cmake', '--install', '/home/nautilus/NautilusSW/nautilus_ws/build/nautilus_controls'], 'cwd': '/home/nautilus/NautilusSW/nautilus_ws/build/nautilus_controls', 'env': OrderedDict([('LESSOPEN', '| /usr/bin/lesspipe %s'), ('USER', 'nautilus'), ('XDG_SESSION_TYPE', 'x11'), ('SHLVL', '1'), ('LD_LIBRARY_PATH', '/opt/ros/humble/opt/rviz_ogre_vendor/lib:/opt/ros/humble/lib/aarch64-linux-gnu:/opt/ros/humble/lib'), ('HOME', '/home/nautilus'), ('DESKTOP_SESSION', 'ubuntu'), ('ROS_PYTHON_VERSION', '3'), ('GNOME_SHELL_SESSION_MODE', 'ubuntu'), ('GTK_MODULES', 'gail:atk-bridge'), ('DBUS_STARTER_BUS_TYPE', 'session'), ('SYSTEMD_EXEC_PID', '1772'), ('DBUS_SESSION_BUS_ADDRESS', 'unix:path=/run/user/1000/bus,guid=a767aa9cac47f1981b18af2d69efe150'), ('COLORTERM', 'truecolor'), ('IM_CONFIG_PHASE', '1'), ('COLCON_PREFIX_PATH', '/home/nautilus/NautilusSW/nautilus_ws/install'), ('ROS_DISTRO', 'humble'), ('GTK_IM_MODULE', 'ibus'), ('LOGNAME', 'nautilus'), ('_', '/usr/bin/colcon'), ('ROS_VERSION', '2'), ('XDG_SESSION_CLASS', 'user'), ('USERNAME', 'nautilus'), ('TERM', 'xterm-256color'), ('GNOME_DESKTOP_SESSION_ID', 'this-is-deprecated'), ('ROS_LOCALHOST_ONLY', '0'), ('WINDOWPATH', '2'), ('PATH', '/opt/ros/humble/bin:/home/nautilus/.local/bin:/home/nautilus/.local/bin:/usr/local/sbin:/usr/local/bin:/usr/sbin:/usr/bin:/sbin:/bin:/usr/games:/usr/local/games:/snap/bin:/home/nautilus/.local/bin'), ('SESSION_MANAGER', 'local/nautilus-desktop:@/tmp/.ICE-unix/1772,unix/nautilus-desktop:/tmp/.ICE-unix/1772'), ('XDG_MENU_PREFIX', 'gnome-'), ('GNOME_TERMINAL_SCREEN', '/org/gnome/Terminal/screen/e6bb6f9b_2563_442e_906a_1242c48a9a8a'), ('XDG_RUNTIME_DIR', '/run/user/1000'), ('DISPLAY', ':0'), ('LANG', 'en_US.UTF-8'), ('XDG_CURRENT_DESKTOP', 'ubuntu:GNOME'), ('XMODIFIERS', '@im=ibus'), ('XDG_SESSION_DESKTOP', 'ubuntu'), ('XAUTHORITY', '/run/user/1000/gdm/Xauthority'), ('LS_COLORS', 'rs=0:di=01;34:ln=01;36:mh=00:pi=40;33:so=01;35:do=01;35:bd=40;33;01:cd=40;33;01:or=40;31;01:mi=00:su=37;41:sg=30;43:ca=30;41:tw=30;42:ow=34;42:st=37;44:ex=01;32:*.tar=01;31:*.tgz=01;31:*.arc=01;31:*.arj=01;31:*.taz=01;31:*.lha=01;31:*.lz4=01;31:*.lzh=01;31:*.lzma=01;31:*.tlz=01;31:*.txz=01;31:*.tzo=01;31:*.t7z=01;31:*.zip=01;31:*.z=01;31:*.dz=01;31:*.gz=01;31:*.lrz=01;31:*.lz=01;31:*.lzo=01;31:*.xz=01;31:*.zst=01;31:*.tzst=01;31:*.bz2=01;31:*.bz=01;31:*.tbz=01;31:*.tbz2=01;31:*.tz=01;31:*.deb=01;31:*.rpm=01;31:*.jar=01;31:*.war=01;31:*.ear=01;31:*.sar=01;31:*.rar=01;31:*.alz=01;31:*.ace=01;31:*.zoo=01;31:*.cpio=01;31:*.7z=01;31:*.rz=01;31:*.cab=01;31:*.wim=01;31:*.swm=01;31:*.dwm=01;31:*.esd=01;31:*.jpg=01;35:*.jpeg=01;35:*.mjpg=01;35:*.mjpeg=01;35:*.gif=01;35:*.bmp=01;35:*.pbm=01;35:*.pgm=01;35:*.ppm=01;35:*.tga=01;35:*.xbm=01;35:*.xpm=01;35:*.tif=01;35:*.tiff=01;35:*.png=01;35:*.svg=01;35:*.svgz=01;35:*.mng=01;35:*.pcx=01;35:*.mov=01;35:*.mpg=01;35:*.mpeg=01;35:*.m2v=01;35:*.mkv=01;35:*.webm=01;35:*.webp=01;35:*.ogm=01;35:*.mp4=01;35:*.m4v=01;35:*.mp4v=01;35:*.vob=01;35:*.qt=01;35:*.nuv=01;35:*.wmv=01;35:*.asf=01;35:*.rm=01;35:*.rmvb=01;35:*.flc=01;35:*.avi=01;35:*.fli=01;35:*.flv=01;35:*.gl=01;35:*.dl=01;35:*.xcf=01;35:*.xwd=01;35:*.yuv=01;35:*.cgm=01;35:*.emf=01;35:*.ogv=01;35:*.ogx=01;35:*.aac=00;36:*.au=00;36:*.flac=00;36:*.m4a=00;36:*.mid=00;36:*.midi=00;36:*.mka=00;36:*.mp3=00;36:*.mpc=00;36:*.ogg=00;36:*.ra=00;36:*.wav=00;36:*.oga=00;36:*.opus=00;36:*.spx=00;36:*.xspf=00;36:'), ('GNOME_TERMINAL_SERVICE', ':1.92'), ('SSH_AGENT_LAUNCHER', 'gnome-keyring'), ('SSH_AUTH_SOCK', '/run/user/1000/keyring/ssh'), ('AMENT_PREFIX_PATH', '/home/nautilus/NautilusSW/nautilus_ws/install/nautilus_sensors:/home/nautilus/NautilusSW/nautilus_ws/install/nautilus_mission:/home/nautilus/NautilusSW/nautilus_ws/install/nautilus_controls:/home/nautilus/NautilusSW/nautilus_ws/install/nautilus_bringup:/opt/ros/humble'), ('SHELL', '/bin/bash'), ('QT_ACCESSIBILITY', '1'), ('GDMSESSION', 'ubuntu'), ('LESSCLOSE', '/usr/bin/lesspipe %s %s'), ('GPG_AGENT_INFO', '/run/user/1000/gnupg/S.gpg-agent:0:1'), ('QT_IM_MODULE', 'ibus'), ('PWD', '/home/nautilus/NautilusSW/nautilus_ws/build/nautilus_controls'), ('LC_ALL', 'en_US.UTF-8'), ('XDG_CONFIG_DIRS', '/etc/xdg/xdg-ubuntu:/etc/xdg'), ('DBUS_STARTER_ADDRESS', 'unix:path=/run/user/1000/bus,guid=a767aa9cac47f1981b18af2d69efe150'), ('XDG_DATA_DIRS', '/usr/share/ubuntu:/usr/share/gnome:/usr/local/share/:/usr/share/'), ('PYTHONPATH', '/home/nautilus/NautilusSW/nautilus_ws/install/nautilus_sensors/local/lib/python3.10/dist-packages:/home/nautilus/NautilusSW/nautilus_ws/install/nautilus_mission/local/lib/python3.10/dist-packages:/home/nautilus/NautilusSW/nautilus_ws/install/nautilus_controls/local/lib/python3.10/dist-packages:/home/nautilus/NautilusSW/nautilus_ws/install/nautilus_bringup/local/lib/python3.10/dist-packages:/opt/ros/humble/lib/python3.10/site-packages:/opt/ros/humble/local/lib/python3.10/dist-packages'), ('COLCON', '1'), ('VTE_VERSION', '6800'), ('CMAKE_PREFIX_PATH', '/home/nautilus/NautilusSW/nautilus_ws/install/nautilus_sensors:/home/nautilus/NautilusSW/nautilus_ws/install/nautilus_mission:/home/nautilus/NautilusSW/nautilus_ws/install/nautilus_controls:/home/nautilus/NautilusSW/nautilus_ws/install/nautilus_bringup:/opt/ros/humble')]), 'shell': False}
[0.851952] (nautilus_bringup) StdoutLine: {'line': b'-- Up-to-date: /home/nautilus/NautilusSW/nautilus_ws/install/nautilus_bringup/share/nautilus_bringup/environment/pythonpath.dsv\n'}
[0.852130] (nautilus_bringup) StdoutLine: {'line': b'-- Up-to-date: /home/nautilus/NautilusSW/nautilus_ws/install/nautilus_bringup/local/lib/python3.10/dist-packages/nautilus_bringup-0.0.0-py3.10.egg-info\n'}
[0.852304] (nautilus_bringup) StdoutLine: {'line': b'-- Installing: /home/nautilus/NautilusSW/nautilus_ws/install/nautilus_bringup/local/lib/python3.10/dist-packages/nautilus_bringup-0.0.0-py3.10.egg-info/SOURCES.txt\n'}
[0.852442] (nautilus_bringup) StdoutLine: {'line': b'-- Installing: /home/nautilus/NautilusSW/nautilus_ws/install/nautilus_bringup/local/lib/python3.10/dist-packages/nautilus_bringup-0.0.0-py3.10.egg-info/PKG-INFO\n'}
[0.852577] (nautilus_bringup) StdoutLine: {'line': b'-- Installing: /home/nautilus/NautilusSW/nautilus_ws/install/nautilus_bringup/local/lib/python3.10/dist-packages/nautilus_bringup-0.0.0-py3.10.egg-info/dependency_links.txt\n'}
[0.852708] (nautilus_bringup) StdoutLine: {'line': b'-- Installing: /home/nautilus/NautilusSW/nautilus_ws/install/nautilus_bringup/local/lib/python3.10/dist-packages/nautilus_bringup-0.0.0-py3.10.egg-info/top_level.txt\n'}
[0.852837] (nautilus_bringup) StdoutLine: {'line': b'-- Up-to-date: /home/nautilus/NautilusSW/nautilus_ws/install/nautilus_bringup/local/lib/python3.10/dist-packages/nautilus_bringup\n'}
[0.852963] (nautilus_bringup) StdoutLine: {'line': b'-- Up-to-date: /home/nautilus/NautilusSW/nautilus_ws/install/nautilus_bringup/local/lib/python3.10/dist-packages/nautilus_bringup/RobotState.py\n'}
[0.853091] (nautilus_bringup) StdoutLine: {'line': b'-- Up-to-date: /home/nautilus/NautilusSW/nautilus_ws/install/nautilus_bringup/local/lib/python3.10/dist-packages/nautilus_bringup/ObjectID.py\n'}
[0.853220] (nautilus_bringup) StdoutLine: {'line': b'-- Up-to-date: /home/nautilus/NautilusSW/nautilus_ws/install/nautilus_bringup/local/lib/python3.10/dist-packages/nautilus_bringup/__init__.py\n'}
[0.853368] (nautilus_controls) StdoutLine: {'line': b'-- Install configuration: ""\n'}
[0.853532] (nautilus_controls) StdoutLine: {'line': b'-- Up-to-date: /home/nautilus/NautilusSW/nautilus_ws/install/nautilus_controls/share/nautilus_controls/environment/pythonpath.sh\n'}
[0.853654] (nautilus_controls) StdoutLine: {'line': b'-- Up-to-date: /home/nautilus/NautilusSW/nautilus_ws/install/nautilus_controls/share/nautilus_controls/environment/pythonpath.dsv\n'}
[0.853767] (nautilus_controls) StdoutLine: {'line': b'-- Up-to-date: /home/nautilus/NautilusSW/nautilus_ws/install/nautilus_controls/local/lib/python3.10/dist-packages/nautilus_controls-0.0.0-py3.10.egg-info\n'}
[0.853880] (nautilus_controls) StdoutLine: {'line': b'-- Installing: /home/nautilus/NautilusSW/nautilus_ws/install/nautilus_controls/local/lib/python3.10/dist-packages/nautilus_controls-0.0.0-py3.10.egg-info/SOURCES.txt\n'}
[0.853995] (nautilus_controls) StdoutLine: {'line': b'-- Installing: /home/nautilus/NautilusSW/nautilus_ws/install/nautilus_controls/local/lib/python3.10/dist-packages/nautilus_controls-0.0.0-py3.10.egg-info/PKG-INFO\n'}
[0.854107] (nautilus_controls) StdoutLine: {'line': b'-- Installing: /home/nautilus/NautilusSW/nautilus_ws/install/nautilus_controls/local/lib/python3.10/dist-packages/nautilus_controls-0.0.0-py3.10.egg-info/dependency_links.txt\n'}
[0.854221] (nautilus_controls) StdoutLine: {'line': b'-- Installing: /home/nautilus/NautilusSW/nautilus_ws/install/nautilus_controls/local/lib/python3.10/dist-packages/nautilus_controls-0.0.0-py3.10.egg-info/top_level.txt\n'}
[0.854335] (nautilus_controls) StdoutLine: {'line': b'-- Up-to-date: /home/nautilus/NautilusSW/nautilus_ws/install/nautilus_controls/local/lib/python3.10/dist-packages/nautilus_controls\n'}
[0.854446] (nautilus_controls) StdoutLine: {'line': b'-- Up-to-date: /home/nautilus/NautilusSW/nautilus_ws/install/nautilus_controls/local/lib/python3.10/dist-packages/nautilus_controls/vision_controller.py\n'}
[0.854558] (nautilus_controls) StdoutLine: {'line': b'-- Up-to-date: /home/nautilus/NautilusSW/nautilus_ws/install/nautilus_controls/local/lib/python3.10/dist-packages/nautilus_controls/pid_node.py\n'}
[0.854694] (nautilus_controls) StdoutLine: {'line': b'-- Up-to-date: /home/nautilus/NautilusSW/nautilus_ws/install/nautilus_controls/local/lib/python3.10/dist-packages/nautilus_controls/cube_interface.py\n'}
[0.854807] (nautilus_controls) StdoutLine: {'line': b'-- Up-to-date: /home/nautilus/NautilusSW/nautilus_ws/install/nautilus_controls/local/lib/python3.10/dist-packages/nautilus_controls/auv_pymavlink.py\n'}
[0.854918] (nautilus_controls) StdoutLine: {'line': b'-- Up-to-date: /home/nautilus/NautilusSW/nautilus_ws/install/nautilus_controls/local/lib/python3.10/dist-packages/nautilus_controls/__init__.py\n'}
[0.902224] (-) TimerEvent: {}
[0.906640] (nautilus_bringup) StdoutLine: {'line': b"Listing '/home/nautilus/NautilusSW/nautilus_ws/install/nautilus_bringup/local/lib/python3.10/dist-packages/nautilus_bringup'...\n"}
[0.912253] (nautilus_controls) StdoutLine: {'line': b"Listing '/home/nautilus/NautilusSW/nautilus_ws/install/nautilus_controls/local/lib/python3.10/dist-packages/nautilus_controls'...\n"}
[0.917303] (nautilus_bringup) StdoutLine: {'line': b'-- Up-to-date: /home/nautilus/NautilusSW/nautilus_ws/install/nautilus_bringup/share/ament_index/resource_index/package_run_dependencies/nautilus_bringup\n'}
[0.917703] (nautilus_bringup) StdoutLine: {'line': b'-- Up-to-date: /home/nautilus/NautilusSW/nautilus_ws/install/nautilus_bringup/share/ament_index/resource_index/parent_prefix_path/nautilus_bringup\n'}
[0.917921] (nautilus_bringup) StdoutLine: {'line': b'-- Up-to-date: /home/nautilus/NautilusSW/nautilus_ws/install/nautilus_bringup/share/nautilus_bringup/environment/ament_prefix_path.sh\n'}
[0.918138] (nautilus_bringup) StdoutLine: {'line': b'-- Up-to-date: /home/nautilus/NautilusSW/nautilus_ws/install/nautilus_bringup/share/nautilus_bringup/environment/ament_prefix_path.dsv\n'}
[0.918271] (nautilus_bringup) StdoutLine: {'line': b'-- Up-to-date: /home/nautilus/NautilusSW/nautilus_ws/install/nautilus_bringup/share/nautilus_bringup/environment/path.sh\n'}
[0.918394] (nautilus_bringup) StdoutLine: {'line': b'-- Up-to-date: /home/nautilus/NautilusSW/nautilus_ws/install/nautilus_bringup/share/nautilus_bringup/environment/path.dsv\n'}
[0.918511] (nautilus_bringup) StdoutLine: {'line': b'-- Up-to-date: /home/nautilus/NautilusSW/nautilus_ws/install/nautilus_bringup/share/nautilus_bringup/local_setup.bash\n'}
[0.918647] (nautilus_bringup) StdoutLine: {'line': b'-- Up-to-date: /home/nautilus/NautilusSW/nautilus_ws/install/nautilus_bringup/share/nautilus_bringup/local_setup.sh\n'}
[0.918794] (nautilus_bringup) StdoutLine: {'line': b'-- Up-to-date: /home/nautilus/NautilusSW/nautilus_ws/install/nautilus_bringup/share/nautilus_bringup/local_setup.zsh\n'}
[0.918925] (nautilus_bringup) StdoutLine: {'line': b'-- Up-to-date: /home/nautilus/NautilusSW/nautilus_ws/install/nautilus_bringup/share/nautilus_bringup/local_setup.dsv\n'}
[0.919034] (nautilus_bringup) StdoutLine: {'line': b'-- Installing: /home/nautilus/NautilusSW/nautilus_ws/install/nautilus_bringup/share/nautilus_bringup/package.dsv\n'}
[0.919139] (nautilus_bringup) StdoutLine: {'line': b'-- Up-to-date: /home/nautilus/NautilusSW/nautilus_ws/install/nautilus_bringup/share/ament_index/resource_index/packages/nautilus_bringup\n'}
[0.919245] (nautilus_bringup) StdoutLine: {'line': b'-- Up-to-date: /home/nautilus/NautilusSW/nautilus_ws/install/nautilus_bringup/share/nautilus_bringup/cmake/nautilus_bringupConfig.cmake\n'}
[0.919349] (nautilus_bringup) StdoutLine: {'line': b'-- Up-to-date: /home/nautilus/NautilusSW/nautilus_ws/install/nautilus_bringup/share/nautilus_bringup/cmake/nautilus_bringupConfig-version.cmake\n'}
[0.919452] (nautilus_bringup) StdoutLine: {'line': b'-- Up-to-date: /home/nautilus/NautilusSW/nautilus_ws/install/nautilus_bringup/share/nautilus_bringup/package.xml\n'}
[0.923456] (nautilus_bringup) CommandEnded: {'returncode': 0}
[0.925119] (nautilus_controls) StdoutLine: {'line': b'-- Up-to-date: /home/nautilus/NautilusSW/nautilus_ws/install/nautilus_controls/lib/nautilus_controls/cube_interface\n'}
[0.925730] (nautilus_controls) StdoutLine: {'line': b'-- Up-to-date: /home/nautilus/NautilusSW/nautilus_ws/install/nautilus_controls/lib/nautilus_controls/vision_controller\n'}
[0.926271] (nautilus_controls) StdoutLine: {'line': b'-- Up-to-date: /home/nautilus/NautilusSW/nautilus_ws/install/nautilus_controls/lib/nautilus_controls/pid_node\n'}
[0.927157] (nautilus_controls) StdoutLine: {'line': b'-- Up-to-date: /home/nautilus/NautilusSW/nautilus_ws/install/nautilus_controls/share/nautilus_controls/launch\n'}
[0.927408] (nautilus_controls) StdoutLine: {'line': b'-- Up-to-date: /home/nautilus/NautilusSW/nautilus_ws/install/nautilus_controls/share/nautilus_controls/launch/vision_controller.launch.py\n'}
[0.928167] (nautilus_controls) StdoutLine: {'line': b'-- Up-to-date: /home/nautilus/NautilusSW/nautilus_ws/install/nautilus_controls/share/nautilus_controls/nautilus_controls\n'}
[0.928519] (nautilus_controls) StdoutLine: {'line': b'-- Up-to-date: /home/nautilus/NautilusSW/nautilus_ws/install/nautilus_controls/share/nautilus_controls/nautilus_controls/vision_controller.py\n'}
[0.929929] (nautilus_controls) StdoutLine: {'line': b'-- Up-to-date: /home/nautilus/NautilusSW/nautilus_ws/install/nautilus_controls/share/nautilus_controls/nautilus_controls/pid_node.py\n'}
[0.930266] (nautilus_controls) StdoutLine: {'line': b'-- Up-to-date: /home/nautilus/NautilusSW/nautilus_ws/install/nautilus_controls/share/nautilus_controls/nautilus_controls/cube_interface.py\n'}
[0.931359] (nautilus_controls) StdoutLine: {'line': b'-- Up-to-date: /home/nautilus/NautilusSW/nautilus_ws/install/nautilus_controls/share/nautilus_controls/nautilus_controls/auv_pymavlink.py\n'}
[0.931759] (nautilus_controls) StdoutLine: {'line': b'-- Up-to-date: /home/nautilus/NautilusSW/nautilus_ws/install/nautilus_controls/share/nautilus_controls/nautilus_controls/__init__.py\n'}
[0.932071] (nautilus_controls) StdoutLine: {'line': b'-- Up-to-date: /home/nautilus/NautilusSW/nautilus_ws/install/nautilus_controls/share/nautilus_controls/package.xml\n'}
[0.932974] (nautilus_controls) StdoutLine: {'line': b'-- Up-to-date: /home/nautilus/NautilusSW/nautilus_ws/install/nautilus_controls/share/ament_index/resource_index/package_run_dependencies/nautilus_controls\n'}
[0.934070] (nautilus_controls) StdoutLine: {'line': b'-- Up-to-date: /home/nautilus/NautilusSW/nautilus_ws/install/nautilus_controls/share/ament_index/resource_index/parent_prefix_path/nautilus_controls\n'}
[0.934679] (nautilus_controls) StdoutLine: {'line': b'-- Up-to-date: /home/nautilus/NautilusSW/nautilus_ws/install/nautilus_controls/share/nautilus_controls/environment/ament_prefix_path.sh\n'}
[0.934993] (nautilus_controls) StdoutLine: {'line': b'-- Up-to-date: /home/nautilus/NautilusSW/nautilus_ws/install/nautilus_controls/share/nautilus_controls/environment/ament_prefix_path.dsv\n'}
[0.935433] (nautilus_controls) StdoutLine: {'line': b'-- Up-to-date: /home/nautilus/NautilusSW/nautilus_ws/install/nautilus_controls/share/nautilus_controls/environment/path.sh\n'}
[0.935675] (nautilus_controls) StdoutLine: {'line': b'-- Up-to-date: /home/nautilus/NautilusSW/nautilus_ws/install/nautilus_controls/share/nautilus_controls/environment/path.dsv\n'}
[0.935968] (nautilus_controls) StdoutLine: {'line': b'-- Up-to-date: /home/nautilus/NautilusSW/nautilus_ws/install/nautilus_controls/share/nautilus_controls/local_setup.bash\n'}
[0.936335] (nautilus_controls) StdoutLine: {'line': b'-- Up-to-date: /home/nautilus/NautilusSW/nautilus_ws/install/nautilus_controls/share/nautilus_controls/local_setup.sh\n'}
[0.936675] (nautilus_controls) StdoutLine: {'line': b'-- Up-to-date: /home/nautilus/NautilusSW/nautilus_ws/install/nautilus_controls/share/nautilus_controls/local_setup.zsh\n'}
[0.936970] (nautilus_controls) StdoutLine: {'line': b'-- Up-to-date: /home/nautilus/NautilusSW/nautilus_ws/install/nautilus_controls/share/nautilus_controls/local_setup.dsv\n'}
[0.937314] (nautilus_controls) StdoutLine: {'line': b'-- Installing: /home/nautilus/NautilusSW/nautilus_ws/install/nautilus_controls/share/nautilus_controls/package.dsv\n'}
[0.937612] (nautilus_controls) StdoutLine: {'line': b'-- Up-to-date: /home/nautilus/NautilusSW/nautilus_ws/install/nautilus_controls/share/ament_index/resource_index/packages/nautilus_controls\n'}
[0.938290] (nautilus_controls) StdoutLine: {'line': b'-- Up-to-date: /home/nautilus/NautilusSW/nautilus_ws/install/nautilus_controls/share/nautilus_controls/cmake/nautilus_controlsConfig.cmake\n'}
[0.938650] (nautilus_controls) StdoutLine: {'line': b'-- Up-to-date: /home/nautilus/NautilusSW/nautilus_ws/install/nautilus_controls/share/nautilus_controls/cmake/nautilus_controlsConfig-version.cmake\n'}
[0.938978] (nautilus_controls) StdoutLine: {'line': b'-- Up-to-date: /home/nautilus/NautilusSW/nautilus_ws/install/nautilus_controls/share/nautilus_controls/package.xml\n'}
[0.979334] (nautilus_bringup) JobEnded: {'identifier': 'nautilus_bringup', 'rc': 0}
[0.982447] (nautilus_sensors) JobStarted: {'identifier': 'nautilus_sensors'}
[0.991734] (nautilus_controls) CommandEnded: {'returncode': 0}
[1.002482] (-) TimerEvent: {}
[1.025207] (nautilus_controls) JobEnded: {'identifier': 'nautilus_controls', 'rc': 0}
[1.028940] (nautilus_mission) JobStarted: {'identifier': 'nautilus_mission'}
[1.036071] (nautilus_sensors) JobProgress: {'identifier': 'nautilus_sensors', 'progress': 'cmake'}
[1.037133] (nautilus_sensors) JobProgress: {'identifier': 'nautilus_sensors', 'progress': 'build'}
[1.037635] (nautilus_sensors) Command: {'cmd': ['/usr/bin/cmake', '--build', '/home/nautilus/NautilusSW/nautilus_ws/build/nautilus_sensors', '--', '-j6', '-l6'], 'cwd': '/home/nautilus/NautilusSW/nautilus_ws/build/nautilus_sensors', 'env': OrderedDict([('LESSOPEN', '| /usr/bin/lesspipe %s'), ('USER', 'nautilus'), ('XDG_SESSION_TYPE', 'x11'), ('SHLVL', '1'), ('LD_LIBRARY_PATH', '/opt/ros/humble/opt/rviz_ogre_vendor/lib:/opt/ros/humble/lib/aarch64-linux-gnu:/opt/ros/humble/lib'), ('HOME', '/home/nautilus'), ('DESKTOP_SESSION', 'ubuntu'), ('ROS_PYTHON_VERSION', '3'), ('GNOME_SHELL_SESSION_MODE', 'ubuntu'), ('GTK_MODULES', 'gail:atk-bridge'), ('DBUS_STARTER_BUS_TYPE', 'session'), ('SYSTEMD_EXEC_PID', '1772'), ('DBUS_SESSION_BUS_ADDRESS', 'unix:path=/run/user/1000/bus,guid=a767aa9cac47f1981b18af2d69efe150'), ('COLORTERM', 'truecolor'), ('IM_CONFIG_PHASE', '1'), ('COLCON_PREFIX_PATH', '/home/nautilus/NautilusSW/nautilus_ws/install'), ('ROS_DISTRO', 'humble'), ('GTK_IM_MODULE', 'ibus'), ('LOGNAME', 'nautilus'), ('_', '/usr/bin/colcon'), ('ROS_VERSION', '2'), ('XDG_SESSION_CLASS', 'user'), ('USERNAME', 'nautilus'), ('TERM', 'xterm-256color'), ('GNOME_DESKTOP_SESSION_ID', 'this-is-deprecated'), ('ROS_LOCALHOST_ONLY', '0'), ('WINDOWPATH', '2'), ('PATH', '/opt/ros/humble/bin:/home/nautilus/.local/bin:/home/nautilus/.local/bin:/usr/local/sbin:/usr/local/bin:/usr/sbin:/usr/bin:/sbin:/bin:/usr/games:/usr/local/games:/snap/bin:/home/nautilus/.local/bin'), ('SESSION_MANAGER', 'local/nautilus-desktop:@/tmp/.ICE-unix/1772,unix/nautilus-desktop:/tmp/.ICE-unix/1772'), ('XDG_MENU_PREFIX', 'gnome-'), ('GNOME_TERMINAL_SCREEN', '/org/gnome/Terminal/screen/e6bb6f9b_2563_442e_906a_1242c48a9a8a'), ('XDG_RUNTIME_DIR', '/run/user/1000'), ('DISPLAY', ':0'), ('LANG', 'en_US.UTF-8'), ('XDG_CURRENT_DESKTOP', 'ubuntu:GNOME'), ('XMODIFIERS', '@im=ibus'), ('XDG_SESSION_DESKTOP', 'ubuntu'), ('XAUTHORITY', '/run/user/1000/gdm/Xauthority'), ('LS_COLORS', 'rs=0:di=01;34:ln=01;36:mh=00:pi=40;33:so=01;35:do=01;35:bd=40;33;01:cd=40;33;01:or=40;31;01:mi=00:su=37;41:sg=30;43:ca=30;41:tw=30;42:ow=34;42:st=37;44:ex=01;32:*.tar=01;31:*.tgz=01;31:*.arc=01;31:*.arj=01;31:*.taz=01;31:*.lha=01;31:*.lz4=01;31:*.lzh=01;31:*.lzma=01;31:*.tlz=01;31:*.txz=01;31:*.tzo=01;31:*.t7z=01;31:*.zip=01;31:*.z=01;31:*.dz=01;31:*.gz=01;31:*.lrz=01;31:*.lz=01;31:*.lzo=01;31:*.xz=01;31:*.zst=01;31:*.tzst=01;31:*.bz2=01;31:*.bz=01;31:*.tbz=01;31:*.tbz2=01;31:*.tz=01;31:*.deb=01;31:*.rpm=01;31:*.jar=01;31:*.war=01;31:*.ear=01;31:*.sar=01;31:*.rar=01;31:*.alz=01;31:*.ace=01;31:*.zoo=01;31:*.cpio=01;31:*.7z=01;31:*.rz=01;31:*.cab=01;31:*.wim=01;31:*.swm=01;31:*.dwm=01;31:*.esd=01;31:*.jpg=01;35:*.jpeg=01;35:*.mjpg=01;35:*.mjpeg=01;35:*.gif=01;35:*.bmp=01;35:*.pbm=01;35:*.pgm=01;35:*.ppm=01;35:*.tga=01;35:*.xbm=01;35:*.xpm=01;35:*.tif=01;35:*.tiff=01;35:*.png=01;35:*.svg=01;35:*.svgz=01;35:*.mng=01;35:*.pcx=01;35:*.mov=01;35:*.mpg=01;35:*.mpeg=01;35:*.m2v=01;35:*.mkv=01;35:*.webm=01;35:*.webp=01;35:*.ogm=01;35:*.mp4=01;35:*.m4v=01;35:*.mp4v=01;35:*.vob=01;35:*.qt=01;35:*.nuv=01;35:*.wmv=01;35:*.asf=01;35:*.rm=01;35:*.rmvb=01;35:*.flc=01;35:*.avi=01;35:*.fli=01;35:*.flv=01;35:*.gl=01;35:*.dl=01;35:*.xcf=01;35:*.xwd=01;35:*.yuv=01;35:*.cgm=01;35:*.emf=01;35:*.ogv=01;35:*.ogx=01;35:*.aac=00;36:*.au=00;36:*.flac=00;36:*.m4a=00;36:*.mid=00;36:*.midi=00;36:*.mka=00;36:*.mp3=00;36:*.mpc=00;36:*.ogg=00;36:*.ra=00;36:*.wav=00;36:*.oga=00;36:*.opus=00;36:*.spx=00;36:*.xspf=00;36:'), ('GNOME_TERMINAL_SERVICE', ':1.92'), ('SSH_AGENT_LAUNCHER', 'gnome-keyring'), ('SSH_AUTH_SOCK', '/run/user/1000/keyring/ssh'), ('AMENT_PREFIX_PATH', '/home/nautilus/NautilusSW/nautilus_ws/install/nautilus_sensors:/home/nautilus/NautilusSW/nautilus_ws/install/nautilus_mission:/home/nautilus/NautilusSW/nautilus_ws/install/nautilus_controls:/home/nautilus/NautilusSW/nautilus_ws/install/nautilus_bringup:/opt/ros/humble'), ('SHELL', '/bin/bash'), ('QT_ACCESSIBILITY', '1'), ('GDMSESSION', 'ubuntu'), ('LESSCLOSE', '/usr/bin/lesspipe %s %s'), ('GPG_AGENT_INFO', '/run/user/1000/gnupg/S.gpg-agent:0:1'), ('QT_IM_MODULE', 'ibus'), ('PWD', '/home/nautilus/NautilusSW/nautilus_ws/build/nautilus_sensors'), ('LC_ALL', 'en_US.UTF-8'), ('XDG_CONFIG_DIRS', '/etc/xdg/xdg-ubuntu:/etc/xdg'), ('DBUS_STARTER_ADDRESS', 'unix:path=/run/user/1000/bus,guid=a767aa9cac47f1981b18af2d69efe150'), ('XDG_DATA_DIRS', '/usr/share/ubuntu:/usr/share/gnome:/usr/local/share/:/usr/share/'), ('PYTHONPATH', '/home/nautilus/NautilusSW/nautilus_ws/install/nautilus_sensors/local/lib/python3.10/dist-packages:/home/nautilus/NautilusSW/nautilus_ws/install/nautilus_mission/local/lib/python3.10/dist-packages:/home/nautilus/NautilusSW/nautilus_ws/install/nautilus_controls/local/lib/python3.10/dist-packages:/home/nautilus/NautilusSW/nautilus_ws/install/nautilus_bringup/local/lib/python3.10/dist-packages:/opt/ros/humble/lib/python3.10/site-packages:/opt/ros/humble/local/lib/python3.10/dist-packages'), ('COLCON', '1'), ('VTE_VERSION', '6800'), ('CMAKE_PREFIX_PATH', '/home/nautilus/NautilusSW/nautilus_ws/install/nautilus_bringup:/home/nautilus/NautilusSW/nautilus_ws/install/nautilus_sensors:/home/nautilus/NautilusSW/nautilus_ws/install/nautilus_mission:/home/nautilus/NautilusSW/nautilus_ws/install/nautilus_controls:/opt/ros/humble')]), 'shell': False}
[1.043078] (nautilus_mission) JobProgress: {'identifier': 'nautilus_mission', 'progress': 'cmake'}
[1.044109] (nautilus_mission) JobProgress: {'identifier': 'nautilus_mission', 'progress': 'build'}
[1.044546] (nautilus_mission) Command: {'cmd': ['/usr/bin/cmake', '--build', '/home/nautilus/NautilusSW/nautilus_ws/build/nautilus_mission', '--', '-j6', '-l6'], 'cwd': '/home/nautilus/NautilusSW/nautilus_ws/build/nautilus_mission', 'env': OrderedDict([('LESSOPEN', '| /usr/bin/lesspipe %s'), ('USER', 'nautilus'), ('XDG_SESSION_TYPE', 'x11'), ('SHLVL', '1'), ('LD_LIBRARY_PATH', '/opt/ros/humble/opt/rviz_ogre_vendor/lib:/opt/ros/humble/lib/aarch64-linux-gnu:/opt/ros/humble/lib'), ('HOME', '/home/nautilus'), ('DESKTOP_SESSION', 'ubuntu'), ('ROS_PYTHON_VERSION', '3'), ('GNOME_SHELL_SESSION_MODE', 'ubuntu'), ('GTK_MODULES', 'gail:atk-bridge'), ('DBUS_STARTER_BUS_TYPE', 'session'), ('SYSTEMD_EXEC_PID', '1772'), ('DBUS_SESSION_BUS_ADDRESS', 'unix:path=/run/user/1000/bus,guid=a767aa9cac47f1981b18af2d69efe150'), ('COLORTERM', 'truecolor'), ('IM_CONFIG_PHASE', '1'), ('COLCON_PREFIX_PATH', '/home/nautilus/NautilusSW/nautilus_ws/install'), ('ROS_DISTRO', 'humble'), ('GTK_IM_MODULE', 'ibus'), ('LOGNAME', 'nautilus'), ('_', '/usr/bin/colcon'), ('ROS_VERSION', '2'), ('XDG_SESSION_CLASS', 'user'), ('USERNAME', 'nautilus'), ('TERM', 'xterm-256color'), ('GNOME_DESKTOP_SESSION_ID', 'this-is-deprecated'), ('ROS_LOCALHOST_ONLY', '0'), ('WINDOWPATH', '2'), ('PATH', '/opt/ros/humble/bin:/home/nautilus/.local/bin:/home/nautilus/.local/bin:/usr/local/sbin:/usr/local/bin:/usr/sbin:/usr/bin:/sbin:/bin:/usr/games:/usr/local/games:/snap/bin:/home/nautilus/.local/bin'), ('SESSION_MANAGER', 'local/nautilus-desktop:@/tmp/.ICE-unix/1772,unix/nautilus-desktop:/tmp/.ICE-unix/1772'), ('XDG_MENU_PREFIX', 'gnome-'), ('GNOME_TERMINAL_SCREEN', '/org/gnome/Terminal/screen/e6bb6f9b_2563_442e_906a_1242c48a9a8a'), ('XDG_RUNTIME_DIR', '/run/user/1000'), ('DISPLAY', ':0'), ('LANG', 'en_US.UTF-8'), ('XDG_CURRENT_DESKTOP', 'ubuntu:GNOME'), ('XMODIFIERS', '@im=ibus'), ('XDG_SESSION_DESKTOP', 'ubuntu'), ('XAUTHORITY', '/run/user/1000/gdm/Xauthority'), ('LS_COLORS', 'rs=0:di=01;34:ln=01;36:mh=00:pi=40;33:so=01;35:do=01;35:bd=40;33;01:cd=40;33;01:or=40;31;01:mi=00:su=37;41:sg=30;43:ca=30;41:tw=30;42:ow=34;42:st=37;44:ex=01;32:*.tar=01;31:*.tgz=01;31:*.arc=01;31:*.arj=01;31:*.taz=01;31:*.lha=01;31:*.lz4=01;31:*.lzh=01;31:*.lzma=01;31:*.tlz=01;31:*.txz=01;31:*.tzo=01;31:*.t7z=01;31:*.zip=01;31:*.z=01;31:*.dz=01;31:*.gz=01;31:*.lrz=01;31:*.lz=01;31:*.lzo=01;31:*.xz=01;31:*.zst=01;31:*.tzst=01;31:*.bz2=01;31:*.bz=01;31:*.tbz=01;31:*.tbz2=01;31:*.tz=01;31:*.deb=01;31:*.rpm=01;31:*.jar=01;31:*.war=01;31:*.ear=01;31:*.sar=01;31:*.rar=01;31:*.alz=01;31:*.ace=01;31:*.zoo=01;31:*.cpio=01;31:*.7z=01;31:*.rz=01;31:*.cab=01;31:*.wim=01;31:*.swm=01;31:*.dwm=01;31:*.esd=01;31:*.jpg=01;35:*.jpeg=01;35:*.mjpg=01;35:*.mjpeg=01;35:*.gif=01;35:*.bmp=01;35:*.pbm=01;35:*.pgm=01;35:*.ppm=01;35:*.tga=01;35:*.xbm=01;35:*.xpm=01;35:*.tif=01;35:*.tiff=01;35:*.png=01;35:*.svg=01;35:*.svgz=01;35:*.mng=01;35:*.pcx=01;35:*.mov=01;35:*.mpg=01;35:*.mpeg=01;35:*.m2v=01;35:*.mkv=01;35:*.webm=01;35:*.webp=01;35:*.ogm=01;35:*.mp4=01;35:*.m4v=01;35:*.mp4v=01;35:*.vob=01;35:*.qt=01;35:*.nuv=01;35:*.wmv=01;35:*.asf=01;35:*.rm=01;35:*.rmvb=01;35:*.flc=01;35:*.avi=01;35:*.fli=01;35:*.flv=01;35:*.gl=01;35:*.dl=01;35:*.xcf=01;35:*.xwd=01;35:*.yuv=01;35:*.cgm=01;35:*.emf=01;35:*.ogv=01;35:*.ogx=01;35:*.aac=00;36:*.au=00;36:*.flac=00;36:*.m4a=00;36:*.mid=00;36:*.midi=00;36:*.mka=00;36:*.mp3=00;36:*.mpc=00;36:*.ogg=00;36:*.ra=00;36:*.wav=00;36:*.oga=00;36:*.opus=00;36:*.spx=00;36:*.xspf=00;36:'), ('GNOME_TERMINAL_SERVICE', ':1.92'), ('SSH_AGENT_LAUNCHER', 'gnome-keyring'), ('SSH_AUTH_SOCK', '/run/user/1000/keyring/ssh'), ('AMENT_PREFIX_PATH', '/home/nautilus/NautilusSW/nautilus_ws/install/nautilus_sensors:/home/nautilus/NautilusSW/nautilus_ws/install/nautilus_mission:/home/nautilus/NautilusSW/nautilus_ws/install/nautilus_controls:/home/nautilus/NautilusSW/nautilus_ws/install/nautilus_bringup:/opt/ros/humble'), ('SHELL', '/bin/bash'), ('QT_ACCESSIBILITY', '1'), ('GDMSESSION', 'ubuntu'), ('LESSCLOSE', '/usr/bin/lesspipe %s %s'), ('GPG_AGENT_INFO', '/run/user/1000/gnupg/S.gpg-agent:0:1'), ('QT_IM_MODULE', 'ibus'), ('PWD', '/home/nautilus/NautilusSW/nautilus_ws/build/nautilus_mission'), ('LC_ALL', 'en_US.UTF-8'), ('XDG_CONFIG_DIRS', '/etc/xdg/xdg-ubuntu:/etc/xdg'), ('DBUS_STARTER_ADDRESS', 'unix:path=/run/user/1000/bus,guid=a767aa9cac47f1981b18af2d69efe150'), ('XDG_DATA_DIRS', '/usr/share/ubuntu:/usr/share/gnome:/usr/local/share/:/usr/share/'), ('PYTHONPATH', '/home/nautilus/NautilusSW/nautilus_ws/install/nautilus_sensors/local/lib/python3.10/dist-packages:/home/nautilus/NautilusSW/nautilus_ws/install/nautilus_mission/local/lib/python3.10/dist-packages:/home/nautilus/NautilusSW/nautilus_ws/install/nautilus_controls/local/lib/python3.10/dist-packages:/home/nautilus/NautilusSW/nautilus_ws/install/nautilus_bringup/local/lib/python3.10/dist-packages:/opt/ros/humble/lib/python3.10/site-packages:/opt/ros/humble/local/lib/python3.10/dist-packages'), ('COLCON', '1'), ('VTE_VERSION', '6800'), ('CMAKE_PREFIX_PATH', '/home/nautilus/NautilusSW/nautilus_ws/install/nautilus_controls:/home/nautilus/NautilusSW/nautilus_ws/install/nautilus_sensors:/home/nautilus/NautilusSW/nautilus_ws/install/nautilus_mission:/home/nautilus/NautilusSW/nautilus_ws/install/nautilus_bringup:/opt/ros/humble')]), 'shell': False}
[1.102705] (-) TimerEvent: {}
[1.142465] (nautilus_mission) StdoutLine: {'line': b'Built target ament_cmake_python_copy_nautilus_mission\n'}
[1.143269] (nautilus_sensors) StdoutLine: {'line': b'Built target ament_cmake_python_copy_DVL\n'}
[1.202848] (-) TimerEvent: {}
[1.242184] (nautilus_sensors) StdoutLine: {'line': b'Built target ament_cmake_python_copy_vision\n'}
[1.303004] (-) TimerEvent: {}
[1.403603] (-) TimerEvent: {}
[1.504185] (-) TimerEvent: {}
[1.573618] (nautilus_mission) StdoutLine: {'line': b'running egg_info\n'}
[1.578165] (nautilus_sensors) StdoutLine: {'line': b'running egg_info\n'}
[1.604309] (-) TimerEvent: {}
[1.606372] (nautilus_mission) StdoutLine: {'line': b'writing nautilus_mission.egg-info/PKG-INFO\n'}
[1.607447] (nautilus_mission) StdoutLine: {'line': b'writing dependency_links to nautilus_mission.egg-info/dependency_links.txt\n'}
[1.608079] (nautilus_mission) StdoutLine: {'line': b'writing top-level names to nautilus_mission.egg-info/top_level.txt\n'}
[1.611305] (nautilus_sensors) StdoutLine: {'line': b'writing DVL.egg-info/PKG-INFO\n'}
[1.612360] (nautilus_sensors) StdoutLine: {'line': b'writing dependency_links to DVL.egg-info/dependency_links.txt\n'}
[1.612980] (nautilus_sensors) StdoutLine: {'line': b'writing top-level names to DVL.egg-info/top_level.txt\n'}
[1.679889] (nautilus_sensors) StdoutLine: {'line': b'running egg_info\n'}
[1.704443] (-) TimerEvent: {}
[1.705239] (nautilus_mission) StdoutLine: {'line': b"reading manifest file 'nautilus_mission.egg-info/SOURCES.txt'\n"}
[1.707295] (nautilus_mission) StdoutLine: {'line': b"writing manifest file 'nautilus_mission.egg-info/SOURCES.txt'\n"}
[1.711424] (nautilus_sensors) StdoutLine: {'line': b"reading manifest file 'DVL.egg-info/SOURCES.txt'\n"}
[1.712780] (nautilus_sensors) StdoutLine: {'line': b'writing vision.egg-info/PKG-INFO\n'}
[1.713655] (nautilus_sensors) StdoutLine: {'line': b"writing manifest file 'DVL.egg-info/SOURCES.txt'\n"}
[1.714220] (nautilus_sensors) StdoutLine: {'line': b'writing dependency_links to vision.egg-info/dependency_links.txt\n'}
[1.714849] (nautilus_sensors) StdoutLine: {'line': b'writing top-level names to vision.egg-info/top_level.txt\n'}
[1.782415] (nautilus_mission) StdoutLine: {'line': b'Built target ament_cmake_python_build_nautilus_mission_egg\n'}
[1.799054] (nautilus_sensors) StdoutLine: {'line': b'Built target ament_cmake_python_build_DVL_egg\n'}
[1.803411] (nautilus_mission) CommandEnded: {'returncode': 0}
[1.804592] (-) TimerEvent: {}
[1.805494] (nautilus_mission) JobProgress: {'identifier': 'nautilus_mission', 'progress': 'install'}
[1.805944] (nautilus_mission) Command: {'cmd': ['/usr/bin/cmake', '--install', '/home/nautilus/NautilusSW/nautilus_ws/build/nautilus_mission'], 'cwd': '/home/nautilus/NautilusSW/nautilus_ws/build/nautilus_mission', 'env': OrderedDict([('LESSOPEN', '| /usr/bin/lesspipe %s'), ('USER', 'nautilus'), ('XDG_SESSION_TYPE', 'x11'), ('SHLVL', '1'), ('LD_LIBRARY_PATH', '/opt/ros/humble/opt/rviz_ogre_vendor/lib:/opt/ros/humble/lib/aarch64-linux-gnu:/opt/ros/humble/lib'), ('HOME', '/home/nautilus'), ('DESKTOP_SESSION', 'ubuntu'), ('ROS_PYTHON_VERSION', '3'), ('GNOME_SHELL_SESSION_MODE', 'ubuntu'), ('GTK_MODULES', 'gail:atk-bridge'), ('DBUS_STARTER_BUS_TYPE', 'session'), ('SYSTEMD_EXEC_PID', '1772'), ('DBUS_SESSION_BUS_ADDRESS', 'unix:path=/run/user/1000/bus,guid=a767aa9cac47f1981b18af2d69efe150'), ('COLORTERM', 'truecolor'), ('IM_CONFIG_PHASE', '1'), ('COLCON_PREFIX_PATH', '/home/nautilus/NautilusSW/nautilus_ws/install'), ('ROS_DISTRO', 'humble'), ('GTK_IM_MODULE', 'ibus'), ('LOGNAME', 'nautilus'), ('_', '/usr/bin/colcon'), ('ROS_VERSION', '2'), ('XDG_SESSION_CLASS', 'user'), ('USERNAME', 'nautilus'), ('TERM', 'xterm-256color'), ('GNOME_DESKTOP_SESSION_ID', 'this-is-deprecated'), ('ROS_LOCALHOST_ONLY', '0'), ('WINDOWPATH', '2'), ('PATH', '/opt/ros/humble/bin:/home/nautilus/.local/bin:/home/nautilus/.local/bin:/usr/local/sbin:/usr/local/bin:/usr/sbin:/usr/bin:/sbin:/bin:/usr/games:/usr/local/games:/snap/bin:/home/nautilus/.local/bin'), ('SESSION_MANAGER', 'local/nautilus-desktop:@/tmp/.ICE-unix/1772,unix/nautilus-desktop:/tmp/.ICE-unix/1772'), ('XDG_MENU_PREFIX', 'gnome-'), ('GNOME_TERMINAL_SCREEN', '/org/gnome/Terminal/screen/e6bb6f9b_2563_442e_906a_1242c48a9a8a'), ('XDG_RUNTIME_DIR', '/run/user/1000'), ('DISPLAY', ':0'), ('LANG', 'en_US.UTF-8'), ('XDG_CURRENT_DESKTOP', 'ubuntu:GNOME'), ('XMODIFIERS', '@im=ibus'), ('XDG_SESSION_DESKTOP', 'ubuntu'), ('XAUTHORITY', '/run/user/1000/gdm/Xauthority'), ('LS_COLORS', 'rs=0:di=01;34:ln=01;36:mh=00:pi=40;33:so=01;35:do=01;35:bd=40;33;01:cd=40;33;01:or=40;31;01:mi=00:su=37;41:sg=30;43:ca=30;41:tw=30;42:ow=34;42:st=37;44:ex=01;32:*.tar=01;31:*.tgz=01;31:*.arc=01;31:*.arj=01;31:*.taz=01;31:*.lha=01;31:*.lz4=01;31:*.lzh=01;31:*.lzma=01;31:*.tlz=01;31:*.txz=01;31:*.tzo=01;31:*.t7z=01;31:*.zip=01;31:*.z=01;31:*.dz=01;31:*.gz=01;31:*.lrz=01;31:*.lz=01;31:*.lzo=01;31:*.xz=01;31:*.zst=01;31:*.tzst=01;31:*.bz2=01;31:*.bz=01;31:*.tbz=01;31:*.tbz2=01;31:*.tz=01;31:*.deb=01;31:*.rpm=01;31:*.jar=01;31:*.war=01;31:*.ear=01;31:*.sar=01;31:*.rar=01;31:*.alz=01;31:*.ace=01;31:*.zoo=01;31:*.cpio=01;31:*.7z=01;31:*.rz=01;31:*.cab=01;31:*.wim=01;31:*.swm=01;31:*.dwm=01;31:*.esd=01;31:*.jpg=01;35:*.jpeg=01;35:*.mjpg=01;35:*.mjpeg=01;35:*.gif=01;35:*.bmp=01;35:*.pbm=01;35:*.pgm=01;35:*.ppm=01;35:*.tga=01;35:*.xbm=01;35:*.xpm=01;35:*.tif=01;35:*.tiff=01;35:*.png=01;35:*.svg=01;35:*.svgz=01;35:*.mng=01;35:*.pcx=01;35:*.mov=01;35:*.mpg=01;35:*.mpeg=01;35:*.m2v=01;35:*.mkv=01;35:*.webm=01;35:*.webp=01;35:*.ogm=01;35:*.mp4=01;35:*.m4v=01;35:*.mp4v=01;35:*.vob=01;35:*.qt=01;35:*.nuv=01;35:*.wmv=01;35:*.asf=01;35:*.rm=01;35:*.rmvb=01;35:*.flc=01;35:*.avi=01;35:*.fli=01;35:*.flv=01;35:*.gl=01;35:*.dl=01;35:*.xcf=01;35:*.xwd=01;35:*.yuv=01;35:*.cgm=01;35:*.emf=01;35:*.ogv=01;35:*.ogx=01;35:*.aac=00;36:*.au=00;36:*.flac=00;36:*.m4a=00;36:*.mid=00;36:*.midi=00;36:*.mka=00;36:*.mp3=00;36:*.mpc=00;36:*.ogg=00;36:*.ra=00;36:*.wav=00;36:*.oga=00;36:*.opus=00;36:*.spx=00;36:*.xspf=00;36:'), ('GNOME_TERMINAL_SERVICE', ':1.92'), ('SSH_AGENT_LAUNCHER', 'gnome-keyring'), ('SSH_AUTH_SOCK', '/run/user/1000/keyring/ssh'), ('AMENT_PREFIX_PATH', '/home/nautilus/NautilusSW/nautilus_ws/install/nautilus_sensors:/home/nautilus/NautilusSW/nautilus_ws/install/nautilus_mission:/home/nautilus/NautilusSW/nautilus_ws/install/nautilus_controls:/home/nautilus/NautilusSW/nautilus_ws/install/nautilus_bringup:/opt/ros/humble'), ('SHELL', '/bin/bash'), ('QT_ACCESSIBILITY', '1'), ('GDMSESSION', 'ubuntu'), ('LESSCLOSE', '/usr/bin/lesspipe %s %s'), ('GPG_AGENT_INFO', '/run/user/1000/gnupg/S.gpg-agent:0:1'), ('QT_IM_MODULE', 'ibus'), ('PWD', '/home/nautilus/NautilusSW/nautilus_ws/build/nautilus_mission'), ('LC_ALL', 'en_US.UTF-8'), ('XDG_CONFIG_DIRS', '/etc/xdg/xdg-ubuntu:/etc/xdg'), ('DBUS_STARTER_ADDRESS', 'unix:path=/run/user/1000/bus,guid=a767aa9cac47f1981b18af2d69efe150'), ('XDG_DATA_DIRS', '/usr/share/ubuntu:/usr/share/gnome:/usr/local/share/:/usr/share/'), ('PYTHONPATH', '/home/nautilus/NautilusSW/nautilus_ws/install/nautilus_sensors/local/lib/python3.10/dist-packages:/home/nautilus/NautilusSW/nautilus_ws/install/nautilus_mission/local/lib/python3.10/dist-packages:/home/nautilus/NautilusSW/nautilus_ws/install/nautilus_controls/local/lib/python3.10/dist-packages:/home/nautilus/NautilusSW/nautilus_ws/install/nautilus_bringup/local/lib/python3.10/dist-packages:/opt/ros/humble/lib/python3.10/site-packages:/opt/ros/humble/local/lib/python3.10/dist-packages'), ('COLCON', '1'), ('VTE_VERSION', '6800'), ('CMAKE_PREFIX_PATH', '/home/nautilus/NautilusSW/nautilus_ws/install/nautilus_controls:/home/nautilus/NautilusSW/nautilus_ws/install/nautilus_sensors:/home/nautilus/NautilusSW/nautilus_ws/install/nautilus_mission:/home/nautilus/NautilusSW/nautilus_ws/install/nautilus_bringup:/opt/ros/humble')]), 'shell': False}
[1.823226] (nautilus_sensors) StdoutLine: {'line': b"reading manifest file 'vision.egg-info/SOURCES.txt'\n"}
[1.824200] (nautilus_mission) StdoutLine: {'line': b'-- Install configuration: ""\n'}
[1.824455] (nautilus_mission) StdoutLine: {'line': b'-- Up-to-date: /home/nautilus/NautilusSW/nautilus_ws/install/nautilus_mission/share/nautilus_mission/launch\n'}
[1.824689] (nautilus_mission) StdoutLine: {'line': b'-- Up-to-date: /home/nautilus/NautilusSW/nautilus_ws/install/nautilus_mission/share/nautilus_mission/launch/mission.launch.py\n'}
[1.824963] (nautilus_mission) StdoutLine: {'line': b'-- Up-to-date: /home/nautilus/NautilusSW/nautilus_ws/install/nautilus_mission/lib/nautilus_mission/state_machine\n'}
[1.825171] (nautilus_mission) StdoutLine: {'line': b'-- Up-to-date: /home/nautilus/NautilusSW/nautilus_ws/install/nautilus_mission/share/nautilus_mission/environment/pythonpath.sh\n'}
[1.825427] (nautilus_mission) StdoutLine: {'line': b'-- Up-to-date: /home/nautilus/NautilusSW/nautilus_ws/install/nautilus_mission/share/nautilus_mission/environment/pythonpath.dsv\n'}
[1.825579] (nautilus_mission) StdoutLine: {'line': b'-- Up-to-date: /home/nautilus/NautilusSW/nautilus_ws/install/nautilus_mission/local/lib/python3.10/dist-packages/nautilus_mission-0.0.0-py3.10.egg-info\n'}
[1.825743] (nautilus_mission) StdoutLine: {'line': b'-- Installing: /home/nautilus/NautilusSW/nautilus_ws/install/nautilus_mission/local/lib/python3.10/dist-packages/nautilus_mission-0.0.0-py3.10.egg-info/SOURCES.txt\n'}
[1.825881] (nautilus_sensors) StdoutLine: {'line': b"writing manifest file 'vision.egg-info/SOURCES.txt'\n"}
[1.826051] (nautilus_mission) StdoutLine: {'line': b'-- Installing: /home/nautilus/NautilusSW/nautilus_ws/install/nautilus_mission/local/lib/python3.10/dist-packages/nautilus_mission-0.0.0-py3.10.egg-info/PKG-INFO\n'}
[1.826180] (nautilus_mission) StdoutLine: {'line': b'-- Installing: /home/nautilus/NautilusSW/nautilus_ws/install/nautilus_mission/local/lib/python3.10/dist-packages/nautilus_mission-0.0.0-py3.10.egg-info/dependency_links.txt\n'}
[1.826304] (nautilus_mission) StdoutLine: {'line': b'-- Installing: /home/nautilus/NautilusSW/nautilus_ws/install/nautilus_mission/local/lib/python3.10/dist-packages/nautilus_mission-0.0.0-py3.10.egg-info/top_level.txt\n'}
[1.826500] (nautilus_mission) StdoutLine: {'line': b'-- Up-to-date: /home/nautilus/NautilusSW/nautilus_ws/install/nautilus_mission/local/lib/python3.10/dist-packages/nautilus_mission\n'}
[1.826627] (nautilus_mission) StdoutLine: {'line': b'-- Up-to-date: /home/nautilus/NautilusSW/nautilus_ws/install/nautilus_mission/local/lib/python3.10/dist-packages/nautilus_mission/state_machine.py\n'}
[1.826748] (nautilus_mission) StdoutLine: {'line': b'-- Up-to-date: /home/nautilus/NautilusSW/nautilus_ws/install/nautilus_mission/local/lib/python3.10/dist-packages/nautilus_mission/__init__.py\n'}
[1.892601] (nautilus_mission) StdoutLine: {'line': b"Listing '/home/nautilus/NautilusSW/nautilus_ws/install/nautilus_mission/local/lib/python3.10/dist-packages/nautilus_mission'...\n"}
[1.896583] (nautilus_sensors) StdoutLine: {'line': b'Built target ament_cmake_python_build_vision_egg\n'}
[1.904532] (nautilus_mission) StdoutLine: {'line': b'-- Up-to-date: /home/nautilus/NautilusSW/nautilus_ws/install/nautilus_mission/share/ament_index/resource_index/package_run_dependencies/nautilus_mission\n'}
[1.905035] (-) TimerEvent: {}
[1.905711] (nautilus_mission) StdoutLine: {'line': b'-- Up-to-date: /home/nautilus/NautilusSW/nautilus_ws/install/nautilus_mission/share/ament_index/resource_index/parent_prefix_path/nautilus_mission\n'}
[1.905993] (nautilus_mission) StdoutLine: {'line': b'-- Up-to-date: /home/nautilus/NautilusSW/nautilus_ws/install/nautilus_mission/share/nautilus_mission/environment/ament_prefix_path.sh\n'}
[1.906175] (nautilus_mission) StdoutLine: {'line': b'-- Up-to-date: /home/nautilus/NautilusSW/nautilus_ws/install/nautilus_mission/share/nautilus_mission/environment/ament_prefix_path.dsv\n'}
[1.906314] (nautilus_mission) StdoutLine: {'line': b'-- Up-to-date: /home/nautilus/NautilusSW/nautilus_ws/install/nautilus_mission/share/nautilus_mission/environment/path.sh\n'}
[1.906454] (nautilus_mission) StdoutLine: {'line': b'-- Up-to-date: /home/nautilus/NautilusSW/nautilus_ws/install/nautilus_mission/share/nautilus_mission/environment/path.dsv\n'}
[1.906585] (nautilus_mission) StdoutLine: {'line': b'-- Up-to-date: /home/nautilus/NautilusSW/nautilus_ws/install/nautilus_mission/share/nautilus_mission/local_setup.bash\n'}
[1.906773] (nautilus_mission) StdoutLine: {'line': b'-- Up-to-date: /home/nautilus/NautilusSW/nautilus_ws/install/nautilus_mission/share/nautilus_mission/local_setup.sh\n'}
[1.906970] (nautilus_mission) StdoutLine: {'line': b'-- Up-to-date: /home/nautilus/NautilusSW/nautilus_ws/install/nautilus_mission/share/nautilus_mission/local_setup.zsh\n'}
[1.907105] (nautilus_mission) StdoutLine: {'line': b'-- Up-to-date: /home/nautilus/NautilusSW/nautilus_ws/install/nautilus_mission/share/nautilus_mission/local_setup.dsv\n'}
[1.907229] (nautilus_mission) StdoutLine: {'line': b'-- Installing: /home/nautilus/NautilusSW/nautilus_ws/install/nautilus_mission/share/nautilus_mission/package.dsv\n'}
[1.907352] (nautilus_mission) StdoutLine: {'line': b'-- Up-to-date: /home/nautilus/NautilusSW/nautilus_ws/install/nautilus_mission/share/ament_index/resource_index/packages/nautilus_mission\n'}
[1.907474] (nautilus_mission) StdoutLine: {'line': b'-- Up-to-date: /home/nautilus/NautilusSW/nautilus_ws/install/nautilus_mission/share/nautilus_mission/cmake/nautilus_missionConfig.cmake\n'}
[1.907636] (nautilus_mission) StdoutLine: {'line': b'-- Up-to-date: /home/nautilus/NautilusSW/nautilus_ws/install/nautilus_mission/share/nautilus_mission/cmake/nautilus_missionConfig-version.cmake\n'}
[1.907765] (nautilus_mission) StdoutLine: {'line': b'-- Up-to-date: /home/nautilus/NautilusSW/nautilus_ws/install/nautilus_mission/share/nautilus_mission/package.xml\n'}
[1.911895] (nautilus_mission) CommandEnded: {'returncode': 0}
[1.960683] (nautilus_mission) JobEnded: {'identifier': 'nautilus_mission', 'rc': 0}
[1.963010] (nautilus_sensors) CommandEnded: {'returncode': 0}
[1.965564] (nautilus_sensors) JobProgress: {'identifier': 'nautilus_sensors', 'progress': 'install'}
[1.967721] (nautilus_sensors) Command: {'cmd': ['/usr/bin/cmake', '--install', '/home/nautilus/NautilusSW/nautilus_ws/build/nautilus_sensors'], 'cwd': '/home/nautilus/NautilusSW/nautilus_ws/build/nautilus_sensors', 'env': OrderedDict([('LESSOPEN', '| /usr/bin/lesspipe %s'), ('USER', 'nautilus'), ('XDG_SESSION_TYPE', 'x11'), ('SHLVL', '1'), ('LD_LIBRARY_PATH', '/opt/ros/humble/opt/rviz_ogre_vendor/lib:/opt/ros/humble/lib/aarch64-linux-gnu:/opt/ros/humble/lib'), ('HOME', '/home/nautilus'), ('DESKTOP_SESSION', 'ubuntu'), ('ROS_PYTHON_VERSION', '3'), ('GNOME_SHELL_SESSION_MODE', 'ubuntu'), ('GTK_MODULES', 'gail:atk-bridge'), ('DBUS_STARTER_BUS_TYPE', 'session'), ('SYSTEMD_EXEC_PID', '1772'), ('DBUS_SESSION_BUS_ADDRESS', 'unix:path=/run/user/1000/bus,guid=a767aa9cac47f1981b18af2d69efe150'), ('COLORTERM', 'truecolor'), ('IM_CONFIG_PHASE', '1'), ('COLCON_PREFIX_PATH', '/home/nautilus/NautilusSW/nautilus_ws/install'), ('ROS_DISTRO', 'humble'), ('GTK_IM_MODULE', 'ibus'), ('LOGNAME', 'nautilus'), ('_', '/usr/bin/colcon'), ('ROS_VERSION', '2'), ('XDG_SESSION_CLASS', 'user'), ('USERNAME', 'nautilus'), ('TERM', 'xterm-256color'), ('GNOME_DESKTOP_SESSION_ID', 'this-is-deprecated'), ('ROS_LOCALHOST_ONLY', '0'), ('WINDOWPATH', '2'), ('PATH', '/opt/ros/humble/bin:/home/nautilus/.local/bin:/home/nautilus/.local/bin:/usr/local/sbin:/usr/local/bin:/usr/sbin:/usr/bin:/sbin:/bin:/usr/games:/usr/local/games:/snap/bin:/home/nautilus/.local/bin'), ('SESSION_MANAGER', 'local/nautilus-desktop:@/tmp/.ICE-unix/1772,unix/nautilus-desktop:/tmp/.ICE-unix/1772'), ('XDG_MENU_PREFIX', 'gnome-'), ('GNOME_TERMINAL_SCREEN', '/org/gnome/Terminal/screen/e6bb6f9b_2563_442e_906a_1242c48a9a8a'), ('XDG_RUNTIME_DIR', '/run/user/1000'), ('DISPLAY', ':0'), ('LANG', 'en_US.UTF-8'), ('XDG_CURRENT_DESKTOP', 'ubuntu:GNOME'), ('XMODIFIERS', '@im=ibus'), ('XDG_SESSION_DESKTOP', 'ubuntu'), ('XAUTHORITY', '/run/user/1000/gdm/Xauthority'), ('LS_COLORS', 'rs=0:di=01;34:ln=01;36:mh=00:pi=40;33:so=01;35:do=01;35:bd=40;33;01:cd=40;33;01:or=40;31;01:mi=00:su=37;41:sg=30;43:ca=30;41:tw=30;42:ow=34;42:st=37;44:ex=01;32:*.tar=01;31:*.tgz=01;31:*.arc=01;31:*.arj=01;31:*.taz=01;31:*.lha=01;31:*.lz4=01;31:*.lzh=01;31:*.lzma=01;31:*.tlz=01;31:*.txz=01;31:*.tzo=01;31:*.t7z=01;31:*.zip=01;31:*.z=01;31:*.dz=01;31:*.gz=01;31:*.lrz=01;31:*.lz=01;31:*.lzo=01;31:*.xz=01;31:*.zst=01;31:*.tzst=01;31:*.bz2=01;31:*.bz=01;31:*.tbz=01;31:*.tbz2=01;31:*.tz=01;31:*.deb=01;31:*.rpm=01;31:*.jar=01;31:*.war=01;31:*.ear=01;31:*.sar=01;31:*.rar=01;31:*.alz=01;31:*.ace=01;31:*.zoo=01;31:*.cpio=01;31:*.7z=01;31:*.rz=01;31:*.cab=01;31:*.wim=01;31:*.swm=01;31:*.dwm=01;31:*.esd=01;31:*.jpg=01;35:*.jpeg=01;35:*.mjpg=01;35:*.mjpeg=01;35:*.gif=01;35:*.bmp=01;35:*.pbm=01;35:*.pgm=01;35:*.ppm=01;35:*.tga=01;35:*.xbm=01;35:*.xpm=01;35:*.tif=01;35:*.tiff=01;35:*.png=01;35:*.svg=01;35:*.svgz=01;35:*.mng=01;35:*.pcx=01;35:*.mov=01;35:*.mpg=01;35:*.mpeg=01;35:*.m2v=01;35:*.mkv=01;35:*.webm=01;35:*.webp=01;35:*.ogm=01;35:*.mp4=01;35:*.m4v=01;35:*.mp4v=01;35:*.vob=01;35:*.qt=01;35:*.nuv=01;35:*.wmv=01;35:*.asf=01;35:*.rm=01;35:*.rmvb=01;35:*.flc=01;35:*.avi=01;35:*.fli=01;35:*.flv=01;35:*.gl=01;35:*.dl=01;35:*.xcf=01;35:*.xwd=01;35:*.yuv=01;35:*.cgm=01;35:*.emf=01;35:*.ogv=01;35:*.ogx=01;35:*.aac=00;36:*.au=00;36:*.flac=00;36:*.m4a=00;36:*.mid=00;36:*.midi=00;36:*.mka=00;36:*.mp3=00;36:*.mpc=00;36:*.ogg=00;36:*.ra=00;36:*.wav=00;36:*.oga=00;36:*.opus=00;36:*.spx=00;36:*.xspf=00;36:'), ('GNOME_TERMINAL_SERVICE', ':1.92'), ('SSH_AGENT_LAUNCHER', 'gnome-keyring'), ('SSH_AUTH_SOCK', '/run/user/1000/keyring/ssh'), ('AMENT_PREFIX_PATH', '/home/nautilus/NautilusSW/nautilus_ws/install/nautilus_sensors:/home/nautilus/NautilusSW/nautilus_ws/install/nautilus_mission:/home/nautilus/NautilusSW/nautilus_ws/install/nautilus_controls:/home/nautilus/NautilusSW/nautilus_ws/install/nautilus_bringup:/opt/ros/humble'), ('SHELL', '/bin/bash'), ('QT_ACCESSIBILITY', '1'), ('GDMSESSION', 'ubuntu'), ('LESSCLOSE', '/usr/bin/lesspipe %s %s'), ('GPG_AGENT_INFO', '/run/user/1000/gnupg/S.gpg-agent:0:1'), ('QT_IM_MODULE', 'ibus'), ('PWD', '/home/nautilus/NautilusSW/nautilus_ws/build/nautilus_sensors'), ('LC_ALL', 'en_US.UTF-8'), ('XDG_CONFIG_DIRS', '/etc/xdg/xdg-ubuntu:/etc/xdg'), ('DBUS_STARTER_ADDRESS', 'unix:path=/run/user/1000/bus,guid=a767aa9cac47f1981b18af2d69efe150'), ('XDG_DATA_DIRS', '/usr/share/ubuntu:/usr/share/gnome:/usr/local/share/:/usr/share/'), ('PYTHONPATH', '/home/nautilus/NautilusSW/nautilus_ws/install/nautilus_sensors/local/lib/python3.10/dist-packages:/home/nautilus/NautilusSW/nautilus_ws/install/nautilus_mission/local/lib/python3.10/dist-packages:/home/nautilus/NautilusSW/nautilus_ws/install/nautilus_controls/local/lib/python3.10/dist-packages:/home/nautilus/NautilusSW/nautilus_ws/install/nautilus_bringup/local/lib/python3.10/dist-packages:/opt/ros/humble/lib/python3.10/site-packages:/opt/ros/humble/local/lib/python3.10/dist-packages'), ('COLCON', '1'), ('VTE_VERSION', '6800'), ('CMAKE_PREFIX_PATH', '/home/nautilus/NautilusSW/nautilus_ws/install/nautilus_bringup:/home/nautilus/NautilusSW/nautilus_ws/install/nautilus_sensors:/home/nautilus/NautilusSW/nautilus_ws/install/nautilus_mission:/home/nautilus/NautilusSW/nautilus_ws/install/nautilus_controls:/opt/ros/humble')]), 'shell': False}
[1.985482] (nautilus_sensors) StdoutLine: {'line': b'-- Install configuration: ""\n'}
[1.985924] (nautilus_sensors) StdoutLine: {'line': b'-- Up-to-date: /home/nautilus/NautilusSW/nautilus_ws/install/nautilus_sensors/share/nautilus_sensors/environment/pythonpath.sh\n'}
[1.986091] (nautilus_sensors) StdoutLine: {'line': b'-- Up-to-date: /home/nautilus/NautilusSW/nautilus_ws/install/nautilus_sensors/share/nautilus_sensors/environment/pythonpath.dsv\n'}
[1.986236] (nautilus_sensors) StdoutLine: {'line': b'-- Up-to-date: /home/nautilus/NautilusSW/nautilus_ws/install/nautilus_sensors/local/lib/python3.10/dist-packages/DVL-0.0.0-py3.10.egg-info\n'}
[1.986406] (nautilus_sensors) StdoutLine: {'line': b'-- Installing: /home/nautilus/NautilusSW/nautilus_ws/install/nautilus_sensors/local/lib/python3.10/dist-packages/DVL-0.0.0-py3.10.egg-info/SOURCES.txt\n'}
[1.986546] (nautilus_sensors) StdoutLine: {'line': b'-- Installing: /home/nautilus/NautilusSW/nautilus_ws/install/nautilus_sensors/local/lib/python3.10/dist-packages/DVL-0.0.0-py3.10.egg-info/PKG-INFO\n'}
[1.986708] (nautilus_sensors) StdoutLine: {'line': b'-- Installing: /home/nautilus/NautilusSW/nautilus_ws/install/nautilus_sensors/local/lib/python3.10/dist-packages/DVL-0.0.0-py3.10.egg-info/dependency_links.txt\n'}
[1.986893] (nautilus_sensors) StdoutLine: {'line': b'-- Installing: /home/nautilus/NautilusSW/nautilus_ws/install/nautilus_sensors/local/lib/python3.10/dist-packages/DVL-0.0.0-py3.10.egg-info/top_level.txt\n'}
[1.987140] (nautilus_sensors) StdoutLine: {'line': b'-- Up-to-date: /home/nautilus/NautilusSW/nautilus_ws/install/nautilus_sensors/local/lib/python3.10/dist-packages/DVL\n'}
[1.987330] (nautilus_sensors) StdoutLine: {'line': b'-- Up-to-date: /home/nautilus/NautilusSW/nautilus_ws/install/nautilus_sensors/local/lib/python3.10/dist-packages/DVL/fake_dvl.py\n'}
[1.987495] (nautilus_sensors) StdoutLine: {'line': b'-- Up-to-date: /home/nautilus/NautilusSW/nautilus_ws/install/nautilus_sensors/local/lib/python3.10/dist-packages/DVL/README.md\n'}
[1.987619] (nautilus_sensors) StdoutLine: {'line': b'-- Up-to-date: /home/nautilus/NautilusSW/nautilus_ws/install/nautilus_sensors/local/lib/python3.10/dist-packages/DVL/dvl_sensor_node.py\n'}
[1.987745] (nautilus_sensors) StdoutLine: {'line': b'-- Up-to-date: /home/nautilus/NautilusSW/nautilus_ws/install/nautilus_sensors/local/lib/python3.10/dist-packages/DVL/__init__.py\n'}
[2.005183] (-) TimerEvent: {}
[2.059920] (nautilus_sensors) StdoutLine: {'line': b"Listing '/home/nautilus/NautilusSW/nautilus_ws/install/nautilus_sensors/local/lib/python3.10/dist-packages/DVL'...\n"}
[2.070014] (nautilus_sensors) StdoutLine: {'line': b'-- Up-to-date: /home/nautilus/NautilusSW/nautilus_ws/install/nautilus_sensors/local/lib/python3.10/dist-packages/vision-0.0.0-py3.10.egg-info\n'}
[2.070561] (nautilus_sensors) StdoutLine: {'line': b'-- Installing: /home/nautilus/NautilusSW/nautilus_ws/install/nautilus_sensors/local/lib/python3.10/dist-packages/vision-0.0.0-py3.10.egg-info/SOURCES.txt\n'}
[2.070926] (nautilus_sensors) StdoutLine: {'line': b'-- Installing: /home/nautilus/NautilusSW/nautilus_ws/install/nautilus_sensors/local/lib/python3.10/dist-packages/vision-0.0.0-py3.10.egg-info/PKG-INFO\n'}
[2.071301] (nautilus_sensors) StdoutLine: {'line': b'-- Installing: /home/nautilus/NautilusSW/nautilus_ws/install/nautilus_sensors/local/lib/python3.10/dist-packages/vision-0.0.0-py3.10.egg-info/dependency_links.txt\n'}
[2.071581] (nautilus_sensors) StdoutLine: {'line': b'-- Installing: /home/nautilus/NautilusSW/nautilus_ws/install/nautilus_sensors/local/lib/python3.10/dist-packages/vision-0.0.0-py3.10.egg-info/top_level.txt\n'}
[2.071753] (nautilus_sensors) StdoutLine: {'line': b'-- Up-to-date: /home/nautilus/NautilusSW/nautilus_ws/install/nautilus_sensors/local/lib/python3.10/dist-packages/vision\n'}
[2.071950] (nautilus_sensors) StdoutLine: {'line': b'-- Up-to-date: /home/nautilus/NautilusSW/nautilus_ws/install/nautilus_sensors/local/lib/python3.10/dist-packages/vision/yolo_models\n'}
[2.072161] (nautilus_sensors) StdoutLine: {'line': b'-- Up-to-date: /home/nautilus/NautilusSW/nautilus_ws/install/nautilus_sensors/local/lib/python3.10/dist-packages/vision/yolo_models/model_sim.pt\n'}
[2.072296] (nautilus_sensors) StdoutLine: {'line': b'-- Up-to-date: /home/nautilus/NautilusSW/nautilus_ws/install/nautilus_sensors/local/lib/python3.10/dist-packages/vision/yolo_models/Model_Realtime_18_mars.pt\n'}
[2.072406] (nautilus_sensors) StdoutLine: {'line': b'-- Up-to-date: /home/nautilus/NautilusSW/nautilus_ws/install/nautilus_sensors/local/lib/python3.10/dist-packages/vision/yolo_models/model_sim_low_res_openvino_model\n'}
[2.072538] (nautilus_sensors) StdoutLine: {'line': b'-- Up-to-date: /home/nautilus/NautilusSW/nautilus_ws/install/nautilus_sensors/local/lib/python3.10/dist-packages/vision/yolo_models/model_sim_low_res_openvino_model/model_sim_low_res.bin\n'}
[2.072725] (nautilus_sensors) StdoutLine: {'line': b'-- Up-to-date: /home/nautilus/NautilusSW/nautilus_ws/install/nautilus_sensors/local/lib/python3.10/dist-packages/vision/yolo_models/model_sim_low_res_openvino_model/model_sim_low_res.xml\n'}
[2.072833] (nautilus_sensors) StdoutLine: {'line': b'-- Up-to-date: /home/nautilus/NautilusSW/nautilus_ws/install/nautilus_sensors/local/lib/python3.10/dist-packages/vision/yolo_models/model_sim_low_res_openvino_model/metadata.yaml\n'}
[2.072950] (nautilus_sensors) StdoutLine: {'line': b'-- Up-to-date: /home/nautilus/NautilusSW/nautilus_ws/install/nautilus_sensors/local/lib/python3.10/dist-packages/vision/yolo_models/model_sim_low_res.pt\n'}
[2.073053] (nautilus_sensors) StdoutLine: {'line': b'-- Up-to-date: /home/nautilus/NautilusSW/nautilus_ws/install/nautilus_sensors/local/lib/python3.10/dist-packages/vision/yolo_models/best.pt\n'}
[2.073154] (nautilus_sensors) StdoutLine: {'line': b'-- Up-to-date: /home/nautilus/NautilusSW/nautilus_ws/install/nautilus_sensors/local/lib/python3.10/dist-packages/vision/yolo_models/model_sim_openvino_model\n'}
[2.073254] (nautilus_sensors) StdoutLine: {'line': b'-- Up-to-date: /home/nautilus/NautilusSW/nautilus_ws/install/nautilus_sensors/local/lib/python3.10/dist-packages/vision/yolo_models/model_sim_openvino_model/metadata.yaml\n'}
[2.073369] (nautilus_sensors) StdoutLine: {'line': b'-- Up-to-date: /home/nautilus/NautilusSW/nautilus_ws/install/nautilus_sensors/local/lib/python3.10/dist-packages/vision/yolo_models/model_sim_openvino_model/model_sim.bin\n'}
[2.073481] (nautilus_sensors) StdoutLine: {'line': b'-- Up-to-date: /home/nautilus/NautilusSW/nautilus_ws/install/nautilus_sensors/local/lib/python3.10/dist-packages/vision/yolo_models/model_sim_openvino_model/model_sim.xml\n'}
[2.073610] (nautilus_sensors) StdoutLine: {'line': b'-- Installing: /home/nautilus/NautilusSW/nautilus_ws/install/nautilus_sensors/local/lib/python3.10/dist-packages/vision/stream.py\n'}
[2.073741] (nautilus_sensors) StdoutLine: {'line': b'-- Up-to-date: /home/nautilus/NautilusSW/nautilus_ws/install/nautilus_sensors/local/lib/python3.10/dist-packages/vision/Pixel_and_depth.py\n'}
[2.073870] (nautilus_sensors) StdoutLine: {'line': b'-- Up-to-date: /home/nautilus/NautilusSW/nautilus_ws/install/nautilus_sensors/local/lib/python3.10/dist-packages/vision/__init__.py\n'}
[2.073998] (nautilus_sensors) StdoutLine: {'line': b'-- Up-to-date: /home/nautilus/NautilusSW/nautilus_ws/install/nautilus_sensors/local/lib/python3.10/dist-packages/vision/blue_filter.py\n'}
[2.074129] (nautilus_sensors) StdoutLine: {'line': b'-- Up-to-date: /home/nautilus/NautilusSW/nautilus_ws/install/nautilus_sensors/local/lib/python3.10/dist-packages/vision/Angle_between_object.py\n'}
[2.074263] (nautilus_sensors) StdoutLine: {'line': b'-- Up-to-date: /home/nautilus/NautilusSW/nautilus_ws/install/nautilus_sensors/local/lib/python3.10/dist-packages/vision/yolo_pipeline.py\n'}
[2.105283] (-) TimerEvent: {}
[2.149454] (nautilus_sensors) StdoutLine: {'line': b"Listing '/home/nautilus/NautilusSW/nautilus_ws/install/nautilus_sensors/local/lib/python3.10/dist-packages/vision'...\n"}
[2.149859] (nautilus_sensors) StdoutLine: {'line': b"Compiling '/home/nautilus/NautilusSW/nautilus_ws/install/nautilus_sensors/local/lib/python3.10/dist-packages/vision/stream.py'...\n"}
[2.150005] (nautilus_sensors) StdoutLine: {'line': b"Listing '/home/nautilus/NautilusSW/nautilus_ws/install/nautilus_sensors/local/lib/python3.10/dist-packages/vision/yolo_models'...\n"}
[2.150130] (nautilus_sensors) StdoutLine: {'line': b"Listing '/home/nautilus/NautilusSW/nautilus_ws/install/nautilus_sensors/local/lib/python3.10/dist-packages/vision/yolo_models/model_sim_low_res_openvino_model'...\n"}
[2.150248] (nautilus_sensors) StdoutLine: {'line': b"Listing '/home/nautilus/NautilusSW/nautilus_ws/install/nautilus_sensors/local/lib/python3.10/dist-packages/vision/yolo_models/model_sim_openvino_model'...\n"}
[2.161449] (nautilus_sensors) StdoutLine: {'line': b'-- Up-to-date: /home/nautilus/NautilusSW/nautilus_ws/install/nautilus_sensors/lib/nautilus_sensors/fake_dvl\n'}
[2.162046] (nautilus_sensors) StdoutLine: {'line': b'-- Up-to-date: /home/nautilus/NautilusSW/nautilus_ws/install/nautilus_sensors/lib/nautilus_sensors/dvl_sensor_node\n'}
[2.162525] (nautilus_sensors) StdoutLine: {'line': b'-- Installing: /home/nautilus/NautilusSW/nautilus_ws/install/nautilus_sensors/lib/nautilus_sensors/stream\n'}
[2.162870] (nautilus_sensors) StdoutLine: {'line': b'-- Up-to-date: /home/nautilus/NautilusSW/nautilus_ws/install/nautilus_sensors/lib/nautilus_sensors/yolo_pipeline\n'}
[2.163284] (nautilus_sensors) StdoutLine: {'line': b'-- Up-to-date: /home/nautilus/NautilusSW/nautilus_ws/install/nautilus_sensors/share/nautilus_sensors/DVl\n'}
[2.163608] (nautilus_sensors) StdoutLine: {'line': b'-- Up-to-date: /home/nautilus/NautilusSW/nautilus_ws/install/nautilus_sensors/share/nautilus_sensors/DVl/fake_dvl.py\n'}
[2.163812] (nautilus_sensors) StdoutLine: {'line': b'-- Up-to-date: /home/nautilus/NautilusSW/nautilus_ws/install/nautilus_sensors/share/nautilus_sensors/DVl/README.md\n'}
[2.164072] (nautilus_sensors) StdoutLine: {'line': b'-- Up-to-date: /home/nautilus/NautilusSW/nautilus_ws/install/nautilus_sensors/share/nautilus_sensors/DVl/dvl_sensor_node.py\n'}
[2.164363] (nautilus_sensors) StdoutLine: {'line': b'-- Up-to-date: /home/nautilus/NautilusSW/nautilus_ws/install/nautilus_sensors/share/nautilus_sensors/DVl/__init__.py\n'}
[2.164599] (nautilus_sensors) StdoutLine: {'line': b'-- Up-to-date: /home/nautilus/NautilusSW/nautilus_ws/install/nautilus_sensors/share/nautilus_sensors/vision\n'}
[2.164862] (nautilus_sensors) StdoutLine: {'line': b'-- Up-to-date: /home/nautilus/NautilusSW/nautilus_ws/install/nautilus_sensors/share/nautilus_sensors/vision/yolo_models\n'}
[2.165130] (nautilus_sensors) StdoutLine: {'line': b'-- Up-to-date: /home/nautilus/NautilusSW/nautilus_ws/install/nautilus_sensors/share/nautilus_sensors/vision/yolo_models/model_sim.pt\n'}
[2.165486] (nautilus_sensors) StdoutLine: {'line': b'-- Up-to-date: /home/nautilus/NautilusSW/nautilus_ws/install/nautilus_sensors/share/nautilus_sensors/vision/yolo_models/Model_Realtime_18_mars.pt\n'}
[2.165795] (nautilus_sensors) StdoutLine: {'line': b'-- Up-to-date: /home/nautilus/NautilusSW/nautilus_ws/install/nautilus_sensors/share/nautilus_sensors/vision/yolo_models/model_sim_low_res_openvino_model\n'}
[2.165999] (nautilus_sensors) StdoutLine: {'line': b'-- Up-to-date: /home/nautilus/NautilusSW/nautilus_ws/install/nautilus_sensors/share/nautilus_sensors/vision/yolo_models/model_sim_low_res_openvino_model/model_sim_low_res.bin\n'}
[2.166189] (nautilus_sensors) StdoutLine: {'line': b'-- Up-to-date: /home/nautilus/NautilusSW/nautilus_ws/install/nautilus_sensors/share/nautilus_sensors/vision/yolo_models/model_sim_low_res_openvino_model/model_sim_low_res.xml\n'}
[2.166444] (nautilus_sensors) StdoutLine: {'line': b'-- Up-to-date: /home/nautilus/NautilusSW/nautilus_ws/install/nautilus_sensors/share/nautilus_sensors/vision/yolo_models/model_sim_low_res_openvino_model/metadata.yaml\n'}
[2.166703] (nautilus_sensors) StdoutLine: {'line': b'-- Up-to-date: /home/nautilus/NautilusSW/nautilus_ws/install/nautilus_sensors/share/nautilus_sensors/vision/yolo_models/model_sim_low_res.pt\n'}
[2.166887] (nautilus_sensors) StdoutLine: {'line': b'-- Up-to-date: /home/nautilus/NautilusSW/nautilus_ws/install/nautilus_sensors/share/nautilus_sensors/vision/yolo_models/best.pt\n'}
[2.167065] (nautilus_sensors) StdoutLine: {'line': b'-- Up-to-date: /home/nautilus/NautilusSW/nautilus_ws/install/nautilus_sensors/share/nautilus_sensors/vision/yolo_models/model_sim_openvino_model\n'}
[2.167240] (nautilus_sensors) StdoutLine: {'line': b'-- Up-to-date: /home/nautilus/NautilusSW/nautilus_ws/install/nautilus_sensors/share/nautilus_sensors/vision/yolo_models/model_sim_openvino_model/metadata.yaml\n'}
[2.167415] (nautilus_sensors) StdoutLine: {'line': b'-- Up-to-date: /home/nautilus/NautilusSW/nautilus_ws/install/nautilus_sensors/share/nautilus_sensors/vision/yolo_models/model_sim_openvino_model/model_sim.bin\n'}
[2.167588] (nautilus_sensors) StdoutLine: {'line': b'-- Up-to-date: /home/nautilus/NautilusSW/nautilus_ws/install/nautilus_sensors/share/nautilus_sensors/vision/yolo_models/model_sim_openvino_model/model_sim.xml\n'}
[2.167759] (nautilus_sensors) StdoutLine: {'line': b'-- Installing: /home/nautilus/NautilusSW/nautilus_ws/install/nautilus_sensors/share/nautilus_sensors/vision/stream.py\n'}
[2.167956] (nautilus_sensors) StdoutLine: {'line': b'-- Up-to-date: /home/nautilus/NautilusSW/nautilus_ws/install/nautilus_sensors/share/nautilus_sensors/vision/Pixel_and_depth.py\n'}
[2.168156] (nautilus_sensors) StdoutLine: {'line': b'-- Up-to-date: /home/nautilus/NautilusSW/nautilus_ws/install/nautilus_sensors/share/nautilus_sensors/vision/__init__.py\n'}
[2.168331] (nautilus_sensors) StdoutLine: {'line': b'-- Up-to-date: /home/nautilus/NautilusSW/nautilus_ws/install/nautilus_sensors/share/nautilus_sensors/vision/blue_filter.py\n'}
[2.168503] (nautilus_sensors) StdoutLine: {'line': b'-- Up-to-date: /home/nautilus/NautilusSW/nautilus_ws/install/nautilus_sensors/share/nautilus_sensors/vision/Angle_between_object.py\n'}
[2.168677] (nautilus_sensors) StdoutLine: {'line': b'-- Up-to-date: /home/nautilus/NautilusSW/nautilus_ws/install/nautilus_sensors/share/nautilus_sensors/vision/yolo_pipeline.py\n'}
[2.168848] (nautilus_sensors) StdoutLine: {'line': b'-- Up-to-date: /home/nautilus/NautilusSW/nautilus_ws/install/nautilus_sensors/share/nautilus_sensors/package.xml\n'}
[2.169018] (nautilus_sensors) StdoutLine: {'line': b'-- Up-to-date: /home/nautilus/NautilusSW/nautilus_ws/install/nautilus_sensors/share/ament_index/resource_index/package_run_dependencies/nautilus_sensors\n'}
[2.169190] (nautilus_sensors) StdoutLine: {'line': b'-- Up-to-date: /home/nautilus/NautilusSW/nautilus_ws/install/nautilus_sensors/share/ament_index/resource_index/parent_prefix_path/nautilus_sensors\n'}
[2.169410] (nautilus_sensors) StdoutLine: {'line': b'-- Up-to-date: /home/nautilus/NautilusSW/nautilus_ws/install/nautilus_sensors/share/nautilus_sensors/environment/ament_prefix_path.sh\n'}
[2.169612] (nautilus_sensors) StdoutLine: {'line': b'-- Up-to-date: /home/nautilus/NautilusSW/nautilus_ws/install/nautilus_sensors/share/nautilus_sensors/environment/ament_prefix_path.dsv\n'}
[2.169789] (nautilus_sensors) StdoutLine: {'line': b'-- Up-to-date: /home/nautilus/NautilusSW/nautilus_ws/install/nautilus_sensors/share/nautilus_sensors/environment/path.sh\n'}
[2.169962] (nautilus_sensors) StdoutLine: {'line': b'-- Up-to-date: /home/nautilus/NautilusSW/nautilus_ws/install/nautilus_sensors/share/nautilus_sensors/environment/path.dsv\n'}
[2.170151] (nautilus_sensors) StdoutLine: {'line': b'-- Up-to-date: /home/nautilus/NautilusSW/nautilus_ws/install/nautilus_sensors/share/nautilus_sensors/local_setup.bash\n'}
[2.170325] (nautilus_sensors) StdoutLine: {'line': b'-- Up-to-date: /home/nautilus/NautilusSW/nautilus_ws/install/nautilus_sensors/share/nautilus_sensors/local_setup.sh\n'}
[2.170493] (nautilus_sensors) StdoutLine: {'line': b'-- Up-to-date: /home/nautilus/NautilusSW/nautilus_ws/install/nautilus_sensors/share/nautilus_sensors/local_setup.zsh\n'}
[2.170662] (nautilus_sensors) StdoutLine: {'line': b'-- Up-to-date: /home/nautilus/NautilusSW/nautilus_ws/install/nautilus_sensors/share/nautilus_sensors/local_setup.dsv\n'}
[2.170826] (nautilus_sensors) StdoutLine: {'line': b'-- Installing: /home/nautilus/NautilusSW/nautilus_ws/install/nautilus_sensors/share/nautilus_sensors/package.dsv\n'}
[2.171276] (nautilus_sensors) StdoutLine: {'line': b'-- Up-to-date: /home/nautilus/NautilusSW/nautilus_ws/install/nautilus_sensors/share/ament_index/resource_index/packages/nautilus_sensors\n'}
[2.171789] (nautilus_sensors) StdoutLine: {'line': b'-- Up-to-date: /home/nautilus/NautilusSW/nautilus_ws/install/nautilus_sensors/share/nautilus_sensors/cmake/nautilus_sensorsConfig.cmake\n'}
[2.172331] (nautilus_sensors) StdoutLine: {'line': b'-- Up-to-date: /home/nautilus/NautilusSW/nautilus_ws/install/nautilus_sensors/share/nautilus_sensors/cmake/nautilus_sensorsConfig-version.cmake\n'}
[2.172675] (nautilus_sensors) StdoutLine: {'line': b'-- Up-to-date: /home/nautilus/NautilusSW/nautilus_ws/install/nautilus_sensors/share/nautilus_sensors/package.xml\n'}
[2.174759] (nautilus_sensors) CommandEnded: {'returncode': 0}
[2.205688] (-) TimerEvent: {}
[2.217245] (nautilus_sensors) JobEnded: {'identifier': 'nautilus_sensors', 'rc': 0}
[2.220118] (-) EventReactorShutdown: {}
